"Intervals","days","Tair_mean","Tsoil_mean","RH_mean","VPD_mean","GR_mean","Rn_mean","PAR_mean","H_f_mean","H_fqc_mean","LE_f_mean","LE_fqc_mean","ET_f_mean","ET_fqc_mean","NEE_uStar_f_mean","NEE_uStar_fqc_mean","GPP_uStar_f_mean","GPP_DT_uStar_mean","Reco_uStar_mean","Reco_DT_uStar_mean","H_fsd_mean","LE_fsd_mean","NEE_uStar_fsd_mean","Rg_fsd_mean","Tair_fsd_mean","Tsoil_fsd_mean","VPD_fsd_mean","ET_fsd_mean","Reco_DT_uStar_SD_mean","GPP_DT_uStar_SD_mean","P_sum","GR_sum","Rn_sum","PAR_sum","H_f_sum","LE_f_sum","ET_f_sum","NEP_uStar_f_sum","GPP_uStar_f_sum","GPP_DT_uStar_sum","Reco_uStar_sum","Reco_DT_uStar_sum","H_fsd_sum","LE_fsd_sum","NEP_uStar_fsd_sum","Rg_fsd_sum","Tair_fsd_sum","Tsoil_fsd_sum","VPD_fsd_sum","ET_fsd_sum","Reco_DT_uStar_SD_sum","GPP_DT_uStar_SD_sum","bowen_ratio_f","evaporative_fraction","closure_fraction","CUP","GSL","H_orig","LE_orig","NEE_uStar_orig"
"-","-","C","C","%","Pa","W+1m-2","W+1m-2","umol+1m-2s-1","W+1m-2","-","W+1m-2","-","mm hour-1","-","umol+1s-1m-2","-","umol+1s-1m-2","umol+1s-1m-2","umol+1s-1m-2","umol+1s-1m-2","W+1m-2","W+1m-2","umol+1s-1m-2","-","C","C","hPa","mm hour-1","umol+1s-1m-2","umol+1s-1m-2","mm day-1","MJ m-2 day-1","MJ m-2 day-1","MJ m-2 day-1","MJ m-2 day-1","MJ m-2 day-1","mm day-1","g(C) m-2 day-1","g(C) m-2 day-1","g(C) m-2 day-1","g(C) m-2 day-1","g(C) m-2 day-1","MJ m-2 day-1","MJ m-2 day-1","g(C) m-2 day-1","MJ m-2 day-1","C day-1","C day-1","hPa day-1","mm day-1","g(C) m-2 day-1","g(C) m-2 day-1","-","-","-","days day-1","days day-1","%","%","%"
"2024-01-01",1,-5.00547,-9999,85.0826,-9999,130.49,-9999,230.868,24.9542,1.5,11.4636,1.5,914.497,1.5,0.883914,1.5,-0.337063,0.58902,0.546851,2.9674,-9999,-9999,-9999,9.61203,2.89688,-9999,0.356126,-9999,-9999,-9999,0,11.2744,-9999,4.36478,2.15604,0.990451,21947.9,-0.916442,-0.349467,0.610696,0.566975,3.0766,-9999,-9999,-9999,0.830479,139.05,-9999,17.094,-9999,-9999,-9999,2.17683,0.314779,-9999,0,0,0,0,0
"2024-01-02",1,-1.81031,-9999,90.4448,-9999,97.7845,-9999,176.919,29.0865,0.645833,11.4083,0.645833,912.077,0.645833,0.709568,0.708333,-0.155756,0.601421,0.553813,2.99845,17.1967,6.86676,0.30297,8.06643,3.12968,0.164373,0.37397,549.604,2.4498,2.4139,0,8.44858,-9999,3.34482,2.51307,0.985681,21889.8,-0.73568,-0.161487,0.623553,0.574193,3.10879,1.4858,0.593288,0.314119,0.69694,150.225,7.88993,17.9506,13190.5,2.53995,2.50273,2.54958,0.281724,-9999,0,0,35.4,35.4,29.2
"2024-01-03",1,-3.71917,0.266573,97.6651,0.105169,70.0489,45.1801,123.812,21.6175,0.4375,6.50673,0.8125,519.752,0.8125,0.732908,0.8125,-0.198945,0.547297,0.533962,2.90993,10.2453,5.33156,0.236034,7.61164,3.88688,0.15743,0.324292,425.876,1.91519,1.63051,0,6.05222,3.90356,2.34079,1.86775,0.562182,12474,-0.759879,-0.206266,0.567438,0.553612,3.01701,0.88519,0.460647,0.24472,0.657645,186.57,7.55663,15.566,10221,1.98567,1.69051,3.32233,0.231357,0.622492,0,0,56.2,31.2,31.2
"2024-01-04",1,-1.65199,0.289475,93.0741,0.378196,24.2487,12.1305,55.7524,9.05057,0.145833,5.04316,0.125,402.184,0.125,0.635488,0.0625,-0.0998315,0.490755,0.535657,2.91759,5.67801,2.59236,0.134888,1.96547,4.09964,0.105064,0.263236,206.808,1.30323,0.976291,0,2.09509,1.04808,1.05405,0.78197,0.435729,9652.42,-0.658874,-0.103505,0.508815,0.555369,3.02496,0.49058,0.22398,0.139851,0.169817,196.783,5.04308,12.6353,4963.4,1.35119,1.01222,1.79462,0.35783,1.16184,0,0,85.4,87.5,93.8
"2024-01-05",1,-1.49679,0.394685,94.9702,0.295525,28.53,0.929289,73.0974,4.88229,0.333333,3.49203,0.354167,278.725,0.354167,0.66168,0.5,-0.117882,0.528672,0.543798,2.95398,6.42864,2.80512,0.16562,2.39538,5.14904,0.108267,0.260139,223.928,1.61885,1.44647,0,2.46499,0.0802906,1.38197,0.421829,0.301712,6689.4,-0.68603,-0.12222,0.548127,0.56381,3.06269,0.555434,0.242362,0.171715,0.206961,247.154,5.19679,12.4867,5374.28,1.67842,1.4997,1.39812,0.416993,9.01153,0,0,66.7,64.6,50
"2024-01-06",1,-1.26718,0.418674,88.8953,0.641572,25.0482,9.5768,59.2416,3.99642,0.145833,7.55065,0.333333,602.866,0.333333,0.760562,0.541667,-0.18276,0.505024,0.577802,2.96229,5.46199,2.62629,0.147346,3.00832,6.60888,0.106294,0.249578,209.635,1.5005,1.17958,0,2.16416,0.827435,1.12002,0.345291,0.652376,14468.8,-0.788551,-0.189486,0.523609,0.599065,3.0713,0.471916,0.226912,0.152769,0.259919,317.226,5.10212,11.9797,5031.23,1.55572,1.22299,0.529282,0.653902,1.20573,0,0,85.4,66.7,45.8
"2024-01-07",1,-1.59532,0.511585,77.7951,1.21644,78.2093,24.4267,155.37,17.0883,0,8.10284,0.0208333,646.55,0.0208333,0.663856,0.0833333,0.000365404,0.550456,0.664221,2.99479,11.7128,3.29667,0.168152,7.10732,8.90309,0.131668,0.289392,263.111,1.31087,0.847186,0,6.75728,2.11047,2.93742,1.47643,0.700086,15517.2,-0.688286,0.000378851,0.570713,0.688664,3.105,1.01198,0.284833,0.17434,0.614073,427.348,6.32004,13.8908,6314.66,1.35911,0.878362,2.10893,0.321654,1.0313,0,0,100,97.9,91.7
"2024-01-08",1,0.200125,0.52553,94.3086,-9999,21.6865,6.76325,59.9345,1.69385,0.729167,4.54392,0.833333,363.13,0.833333,0.76558,0.791667,-0.0211924,0.487831,0.744388,2.99957,6.04695,4.85893,0.186018,1.87678,9.76084,0.098747,0.234404,388.128,2.4971,0,14.224,1.87372,0.584345,1.13312,0.146349,0.392595,8715.12,-0.793754,-0.0219723,0.505783,0.771782,3.10996,0.522457,0.419811,0.192864,0.162154,468.52,4.73986,11.2514,9315.07,2.58899,0,0.372773,0.728453,0.922303,0,0,27.1,16.7,20.8
"2024-01-09",1,-7.01777,0.590593,88.0862,-9999,77.2569,-8.52289,174.425,-2.24946,0.8125,6.72559,0.895833,533.871,0.895833,1.09725,0.895833,-0.271156,0.566861,0.826092,3.02247,11.9084,16.4326,0.281216,7.22027,10.3459,0.136798,0.252557,1304.54,3.53435,3.4154,1.524,6.675,-0.736378,3.29767,-0.194353,0.581091,12812.9,-1.13763,-0.281135,0.587721,0.856492,3.13369,1.02888,1.41977,0.291565,0.623832,496.602,6.56633,12.1227,31309,3.66441,3.54109,-0.334463,1.50255,-0.525189,0,0,18.8,12.5,10.4
"2024-01-10",1,-6.03873,0.493293,85.4194,0.610076,93.8642,-10.9955,196.757,-7.06378,0.3125,2.67928,0.375,213.968,0.375,1.06652,0.479167,-0.179087,0.582285,0.887433,2.98805,14.1756,5.23774,0.192024,8.37353,10.3396,0.233942,0.255011,415.813,1.71237,1.17681,1.27,8.10987,-0.950007,3.71987,-0.61031,0.23149,5135.22,-1.10577,-0.185678,0.603713,0.920091,3.09801,1.22477,0.452541,0.199091,0.723473,496.302,11.2292,12.2405,9979.51,1.77538,1.22012,-2.63644,-0.611081,0.398755,0,0,68.8,62.5,52.1
"2024-01-11",1,-11.4296,0.393458,79.8661,-9999,81.0092,-2.65384,179.448,5.25537,0.125,8.10677,0.25,640.215,0.25,1.07861,0.354167,-0.132538,0.571661,0.946075,2.92431,6.85481,4.20337,0.152987,7.76602,10.0826,0.666833,0.255382,332.093,2.26353,1.91111,0.762,6.9992,-0.229291,3.39262,0.454064,0.700425,15365.1,-1.11831,-0.137416,0.592698,0.98089,3.03192,0.592255,0.363171,0.158617,0.670984,483.964,32.008,12.2583,7970.24,2.34683,1.98144,0.648269,0.606697,-5.03503,0,0,87.5,75,64.6
"2024-01-12",1,-15.6931,-9999,80.3402,-9999,68.4086,-9999,171.614,-7.95218,0.895833,2.60502,1.1875,205.396,1.1875,1.20526,1.1875,-0.285061,0.549352,0.920201,2.65372,14.4668,-9999,-9999,5.0946,9.72598,0.684572,0.242582,-9999,-9999,-9999,5.08,5.9105,-9999,3.24452,-0.687068,0.225074,4929.51,-1.24962,-0.295551,0.569568,0.954065,2.75138,1.24993,-9999,-9999,0.440174,466.847,32.8595,11.644,-9999,-9999,-9999,-3.05263,-0.487179,-9999,0,0,22.9,0,0
"2024-01-13",1,-21.9556,-9999,70.0976,-9999,110.428,-9999,218.299,-3.35391,1,2.7088,1,212.086,1,0.991797,1,-0.141353,0.566058,0.850444,2.36618,-9999,-9999,-9999,9.10009,9.62032,-9999,0.236631,-9999,-9999,-9999,0.254,9.54102,-9999,4.12714,-0.289778,0.23404,5090.06,-1.02829,-0.146555,0.586889,0.881741,2.45325,-9999,-9999,-9999,0.786247,461.775,-9999,11.3583,-9999,-9999,-9999,-1.23815,-4.19896,-9999,0,0,0,0,0
"2024-01-14",1,-25.6772,-9999,63.8166,-9999,104.083,-9999,202.959,-0.488307,1,2.93718,1,229.548,1,1.05797,1,-0.203227,0.559014,0.854742,2.2826,-9999,-9999,-9999,9.06437,9.27669,-9999,0.220288,-9999,-9999,-9999,0,8.99273,-9999,3.83712,-0.0421897,0.253773,5509.15,-1.0969,-0.210706,0.579586,0.886196,2.3666,-9999,-9999,-9999,0.783162,445.281,-9999,10.5738,-9999,-9999,-9999,-0.16625,1.1994,-9999,0,0,0,0,0
"2024-01-15",1,-20.2926,-9999,65.6823,-9999,82.0505,-9999,179.295,-13.8658,1,1.14,1,89.6978,1,1.12609,1,-0.24237,0.547664,0.883717,2.25666,-9999,-9999,-9999,6.11339,9.05259,-9999,0.209829,-9999,-9999,-9999,0,7.08916,-9999,3.38974,-1.19801,0.098496,2152.75,-1.16753,-0.251289,0.567819,0.916238,2.33971,-9999,-9999,-9999,0.528197,434.524,-9999,10.0718,-9999,-9999,-9999,-12.163,-0.0895815,-9999,0,0,0,0,0
"2024-01-16",1,-18.0697,-9999,58.1196,-9999,142.486,-9999,257.916,-11.1226,0.770833,2.95399,0.645833,232.939,0.645833,1.17863,0.6875,-0.274748,0.580536,0.903883,2.21128,9.57107,2.19623,0.125426,9.21424,8.97198,0.759566,0.231739,173.271,2.34657,1.64145,0,12.3108,-9999,4.87613,-0.960992,0.255225,5590.55,-1.222,-0.284859,0.6019,0.937146,2.29266,0.826941,0.189755,0.130042,0.79611,430.655,36.4592,11.1235,4158.51,2.43292,1.70185,-3.76528,-0.361627,-9999,0,0,22.9,35.4,31.2
"2024-01-17",1,-9.58825,-1.08829,70.7802,0.913112,105.218,0.694578,224.813,-1.3659,0.145833,3.23738,0.104167,257.185,0.104167,0.918765,0.708333,0.026332,0.532245,0.945097,2.20572,6.79739,3.02316,0.243614,8.74519,9.97487,0.60487,0.23119,239.606,2.02696,1.97036,0,9.09081,0.0600115,4.2503,-0.118014,0.279709,6172.44,-0.952575,0.0273011,0.551831,0.979876,2.2869,0.587295,0.261201,0.252579,0.755585,478.794,29.0338,11.0971,5750.55,2.10155,2.04287,-0.421915,1.72985,2.69441,0,0,85.4,89.6,29.2
"2024-01-18",1,-10.8894,-0.914845,82.1872,-9999,58.8174,-16.0267,153.653,-3.40996,0.333333,2.5715,0.770833,203.733,0.770833,1.08665,1.02083,-0.0926046,0.522844,0.994048,2.21303,5.82093,4.06114,0.202078,4.99995,10.8645,0.56251,0.21048,321.721,2.21025,1.46511,1.524,5.08183,-1.38471,2.90495,-0.29462,0.222177,4889.6,-1.12664,-0.0960124,0.542085,1.03063,2.29447,0.502928,0.350883,0.209514,0.431996,521.498,27.0005,10.103,7721.29,2.29159,1.51902,-1.32606,-3.06693,0.0523165,0,0,66.7,31.2,12.5
"2024-01-19",1,-18.6887,-1.23757,70.6908,0.430112,133.683,-30.064,263.69,-13.6139,0.0208333,2.99722,0.0208333,236.273,0.0208333,1.19357,0.3125,-0.278183,0.527871,0.915389,2.08742,4.011,1.56098,0.070418,9.22139,10.8916,0.265951,0.246408,122.861,1.53366,1.41128,0,11.5502,-2.59753,4.98529,-1.17624,0.258959,5670.55,-1.23749,-0.28842,0.547297,0.949075,2.16424,0.346551,0.134869,0.0730094,0.796728,522.798,12.7657,11.8276,2948.66,1.5901,1.46322,-4.54219,-0.282311,0.353138,0,0,97.9,97.9,68.8
"2024-01-20",1,-20.2207,-1.75089,73.9882,0.350587,144.487,-4.27055,263.774,-4.14616,0.1875,0.716556,0.166667,56.5254,0.166667,1.01605,0.416667,-0.23808,0.520843,0.777966,1.91979,3.88704,1.75911,0.099092,10.0394,11.0036,0.245306,0.251875,138.215,1.51111,1.43344,0,12.4837,-0.368975,4.98689,-0.358228,0.0619104,1356.61,-1.05344,-0.246842,0.54001,0.806596,1.99044,0.335841,0.151987,0.102739,0.867405,528.174,11.7747,12.09,3317.17,1.56672,1.48619,-5.78624,-0.208932,0.803083,0,0,81.2,83.3,58.3
"2024-01-21",1,-8.17273,-1.4668,69.8129,1.07798,119.397,-5.36396,247.185,-19.6105,0.0208333,10.391,0.104167,826.974,0.104167,1.01257,0.0416667,-0.27897,0.499396,0.733598,1.95287,6.06429,2.94365,0.113372,9.1012,10.8722,0.372411,0.315013,234.356,1.23191,0.985067,0,10.3159,-0.463446,4.67325,-1.69435,0.897779,19847.4,-1.04983,-0.289236,0.517774,0.760594,2.02473,0.523954,0.254332,0.117544,0.786344,521.865,17.8757,15.1206,5624.54,1.27724,1.02132,-1.88726,-1.12706,1.71879,0,0,97.9,89.6,95.8
"2024-01-22",1,-0.623479,-0.828848,88.6945,0.637795,57.8483,-1.01958,151.587,-7.42868,0.0625,2.24755,0.0625,179.693,0.0625,0.858664,0.333333,-0.152271,0.473355,0.706393,2.07255,4.38343,2.70657,0.148862,4.18382,9.82537,0.353323,0.296942,215.89,1.51798,1.48454,0,4.99809,-0.0880915,2.86589,-0.641838,0.194189,4312.62,-0.890263,-0.157875,0.490775,0.732388,2.14882,0.378728,0.233848,0.15434,0.361482,471.618,16.9595,14.2532,5181.37,1.57384,1.53918,-3.30523,-0.433796,5.08164,0,0,93.8,93.8,66.7
"2024-01-23",1,0.475979,-0.43578,97.77,0.148146,58.3281,14.7931,152.508,1.22076,0.3125,1.11524,0.4375,89.176,0.4375,0.704153,0.645833,-0.0636432,0.463848,0.64051,2.13052,4.79434,2.89747,0.212828,5.17612,9.24681,0.283085,0.345256,231.693,2.07778,2.3734,0,5.03954,1.27812,2.8833,0.105473,0.096357,2140.22,-0.730066,-0.0659853,0.480918,0.664081,2.20892,0.414231,0.250341,0.22066,0.447217,443.847,13.5881,16.5723,5560.63,2.15425,2.46074,1.09461,0.477416,0.157911,0,0,68.8,56.2,35.4
"2024-01-24",1,0.93175,-0.235154,99.1922,0.0552639,69.5103,28.9881,170.77,-0.697013,0.1875,1.46922,0.291667,117.531,0.291667,0.898496,0.729167,-0.350094,0.453847,0.548401,2.13801,5.06525,3.18847,0.208895,6.44693,8.99952,0.266493,0.384412,255.11,1.85473,1.76089,0,6.00569,2.50457,3.22856,-0.0602219,0.12694,2820.74,-0.93156,-0.362977,0.470549,0.568582,2.21669,0.437637,0.275484,0.216583,0.557015,431.977,12.7917,18.4518,6122.64,1.92298,1.82569,-0.474412,1.90263,0.0266386,0,0,81.2,70.8,27.1
"2024-01-25",1,0.75334,-0.0479992,98.4744,0.1001,31.4205,13.5467,88.0968,-0.365599,0.0833333,1.34027,0.25,107.199,0.25,0.900654,0.645833,-0.37379,0.422518,0.526863,2.14058,4.10191,2.01652,0.16351,2.44467,8.86166,0.25506,0.388657,161.243,1.84713,2.05316,0,2.71473,1.17044,1.66555,-0.0315877,0.115799,2572.76,-0.933798,-0.387546,0.438067,0.546252,2.21935,0.354405,0.174227,0.169527,0.211219,425.36,12.2429,18.6555,3869.83,1.9151,2.12872,-0.27278,1.3751,0.071949,0,0,91.7,75,35.4
"2024-01-26",1,0.434722,0.00121106,95.1427,0.318308,45.1146,20.0398,115.761,2.72895,0.0833333,4.9177,0.3125,393.339,0.3125,0.804116,0.4375,-0.260192,0.414826,0.543924,2.10742,4.27487,2.59389,0.146815,3.50309,8.33043,0.283879,0.436137,207.398,1.49248,1.21863,0,3.8979,1.73144,2.18857,0.235781,0.42489,9440.14,-0.833707,-0.269767,0.430091,0.56394,2.18498,0.369349,0.224112,0.152218,0.302667,399.861,13.6262,20.9346,4977.56,1.5474,1.26348,0.554923,0.643119,0.381573,0,0,91.7,68.8,56.2
"2024-01-27",1,-0.532472,0.0818839,92.3512,0.517725,98.8468,22.9502,217.843,11.2067,0.125,5.69974,0.3125,456.369,0.3125,0.663573,0.520833,-0.0996801,0.43897,0.563892,2.08152,6.06555,4.46133,0.17289,8.89628,6.50332,0.332402,0.541145,356.811,1.73871,1.5081,0,8.54037,1.9829,4.11851,0.968259,0.492458,10952.9,-0.687992,-0.103348,0.455124,0.584644,2.15812,0.524063,0.385459,0.179252,0.768639,312.159,15.9553,25.975,8563.46,1.8027,1.5636,1.96618,0.337134,0.736658,0,0,87.5,68.8,47.9
"2024-01-28",1,0.419521,0.152057,80.1004,1.57847,147.53,41.8486,292.057,12.8635,0.229167,11.8346,0.3125,950.865,0.3125,0.792585,0.625,-0.206628,0.453405,0.585957,2.05223,8.10783,4.9489,0.281766,9.44451,4.24055,0.411801,0.550818,396.875,2.22067,2.22017,0,12.7466,3.61572,5.52161,1.11141,1.02251,22820.8,-0.821752,-0.214232,0.47009,0.607521,2.12775,0.700517,0.427585,0.292135,0.816006,203.546,19.7665,26.4393,9525,2.30239,2.30188,1.08694,0.47917,0.590177,0,0,77.1,68.8,37.5
"2024-01-29",1,2.3504,0.166221,82.3958,-9999,131.182,59.5046,269.483,3.51064,0.604167,6.678,0.666667,538.454,0.666667,0.861545,0.6875,-0.251583,0.443187,0.609962,2.00904,18.9871,8.72474,0.244172,9.95466,3.44777,0.495288,0.55435,701.947,2.27678,2.2214,0,11.3342,5.1412,5.09482,0.30332,0.576979,12922.9,-0.89325,-0.260842,0.459496,0.632408,2.08297,1.64049,0.753817,0.253157,0.860082,165.493,23.7738,26.6088,16846.7,2.36057,2.30315,0.525703,0.655436,0.171224,0,0,39.6,33.3,31.2
"2024-01-30",1,2.08083,0.218958,86.2844,-9999,143.353,45.9163,286.504,9.72927,0.541667,10.2122,0.5625,821.599,0.5625,0.973522,0.625,-0.335569,0.437127,0.637953,1.97456,10.9853,6.69736,0.22734,9.4344,3.57546,0.552183,0.62577,536.617,1.91789,1.23872,0,12.3857,3.96716,5.41663,0.840609,0.882333,19718.4,-1.00935,-0.347918,0.453214,0.66143,2.04722,0.949132,0.578652,0.235706,0.815132,171.622,26.5048,30.037,12878.8,1.98847,1.2843,0.952711,0.512108,0.434301,0,0,45.8,43.8,37.5
"2024-01-31",1,4.02345,0.192284,87.0636,1.60403,142.394,75.529,289.189,17.4185,0.458333,12.8916,0.583333,1040.48,0.583333,0.961851,0.6875,-0.303118,0.431513,0.658733,1.92166,19.4019,7.75279,0.306475,9.05859,3.95698,0.690083,0.774263,623.965,2.29654,2.2736,0,12.3029,6.5257,5.46739,1.50496,1.11383,24971.6,-0.997247,-0.314272,0.447393,0.682975,1.99238,1.67632,0.669841,0.317753,0.782662,189.935,33.124,37.1646,14975.2,2.38105,2.35726,1.35115,0.425324,0.401304,0,0,54.2,41.7,31.2
"2024-02-01",1,4.95535,0.15056,90.5839,1.03752,79.9043,38.2692,170.008,5.0542,0.5,5.27967,0.520833,425.658,0.520833,0.76079,0.708333,-0.0830782,0.40389,0.677712,1.86585,16.0621,9.43299,0.332545,7.47431,4.73188,1.11058,1.0406,760.316,2.08262,2.02116,0,6.90373,3.30645,3.21416,0.436683,0.456164,10215.8,-0.788787,-0.0861355,0.418753,0.702652,1.93452,1.38776,0.81501,0.344783,0.64578,227.13,53.3078,49.9489,18247.6,2.15926,2.09553,0.957295,0.510909,0.270031,0,0,50,47.9,29.2
"2024-02-02",1,6.62821,0.516828,87.0323,1.46434,135.866,63.9289,281.959,12.031,0.0208333,7.45741,0.0833333,603.664,0.0833333,1.02421,0.270833,-0.284892,0.406243,0.73932,1.89755,11.9053,6.93614,0.187759,9.50148,4.61068,1.37548,1.00957,558.417,1.45002,1.06534,0,11.7388,5.52345,5.3307,1.03948,0.64432,14487.9,-1.0619,-0.295376,0.421192,0.766527,1.96738,1.02862,0.599283,0.194668,0.820927,221.313,66.0229,48.4596,13402,1.50338,1.10454,1.6133,0.382659,0.304845,0,1,97.9,91.7,72.9
"2024-02-03",1,4.94447,0.866411,95.4199,-9999,17.0244,11.9892,44.3628,-13.6171,0.416667,3.17026,0.5,254.618,0.5,0.967588,0.479167,-0.183832,0.331144,0.783755,1.92233,6.57844,3.30862,0.12563,1.67089,4.72505,1.23611,1.04124,265.554,1.67084,0.296423,1.778,1.47091,1.03587,0.838718,-1.17651,0.273911,6110.83,-1.0032,-0.190597,0.34333,0.812597,1.99307,0.568377,0.285865,0.130254,0.144365,226.802,59.3333,49.9794,6373.29,1.73233,0.307332,-4.29524,-0.303468,-0.871351,0,0,58.3,50,52.1
"2024-02-04",1,2.44094,1.61189,95.7526,0.33136,54.2012,15.3695,117.764,5.76548,0.0208333,8.79707,0.0416667,705.503,0.0416667,1.05725,0.0625,-0.205642,0.357328,0.85161,2.03103,8.65183,4.6331,0.108136,4.38655,4.63458,1.31145,1.07606,371.26,1.49275,0.958682,0,4.68298,1.32792,2.22644,0.498138,0.760067,16932.1,-1.09616,-0.213209,0.370477,0.88295,2.10577,0.747518,0.4003,0.112116,0.378998,222.46,62.9496,51.6507,8910.25,1.54768,0.993961,0.655387,0.604088,0.9475,0,0,97.9,95.8,93.8
"2024-02-05",1,1.71428,1.74005,86.1951,1.39068,147.525,52.495,290.756,32.1395,0.229167,14.4238,0.229167,1159.27,0.229167,1.04187,0.5,-0.190303,0.381838,0.851564,2.00631,15.894,7.18275,0.181616,10.7713,4.43739,1.25528,1.00503,576.516,1.8732,1.30174,0,12.7462,4.53557,5.49701,2.77685,1.24622,27822.4,-1.08021,-0.197306,0.39589,0.882901,2.08014,1.37324,0.62059,0.188299,0.930636,212.995,60.2533,48.2416,13836.4,1.94213,1.34965,2.22822,0.309768,0.887004,0,0,77.1,77.1,52.1
"2024-02-06",1,3.66801,1.66245,84.4793,1.7344,107.26,48.4786,229.986,18.2203,0.208333,10.4659,0.458333,843,0.458333,0.991425,0.541667,-0.164328,0.365183,0.827097,1.93405,12.5564,9.08422,0.226183,9.04661,4.57891,1.35357,1.05594,731.809,2.18158,1.33544,0,9.26731,4.18855,4.3481,1.57423,0.904254,20232,-1.02791,-0.170375,0.378622,0.857534,2.00522,1.08487,0.784877,0.234507,0.781627,219.788,64.9711,50.6849,17563.4,2.26186,1.38459,1.74092,0.364842,0.591728,0,0,79.2,54.2,50
"2024-02-07",1,9.96609,3.55578,63.239,4.65925,35.0837,0.206831,81.4573,-28.8123,0.0416667,13.7592,0.166667,1110.72,0.166667,1.40097,0.145833,-0.362247,0.314969,1.03872,2.27859,7.22104,4.57235,0.109534,3.46824,4.78551,1.09839,1.14494,368.675,1.80253,0.945823,0,3.03124,0.0178702,1.54002,-2.48938,1.18879,26657.3,-1.45252,-0.375578,0.32656,1.07695,2.36244,0.623898,0.395051,0.113565,0.299656,229.704,52.7226,54.9572,8848.19,1.86886,0.98063,-2.09404,-0.91404,-72.78,0,1,95.8,83.3,85.4
"2024-02-08",1,8.49388,4.82845,68.2222,-9999,97.5039,22.991,197.521,8.22473,0.479167,19.9928,0.270833,1611.83,0.270833,1.29708,0.375,-0.10668,0.345436,1.1904,2.49532,14.0762,10.4895,0.180221,10.4104,5.02869,1.42965,1.32999,845.397,2.3932,1.16509,0,8.42434,1.98642,3.73431,0.710617,1.72738,38684,-1.34481,-0.110606,0.358148,1.23421,2.58715,1.21619,0.906296,0.186853,0.899458,241.377,68.623,63.8397,20289.5,2.48127,1.20797,0.411385,0.708524,1.22733,0,1,52.1,72.9,62.5
"2024-02-09",1,2.06423,3.40598,74.9649,1.95175,152.85,58.811,311.15,45.3831,0.104167,11.7982,0.125,947.139,0.125,1.02015,0.395833,-0.0266336,0.342508,0.993518,2.10972,9.85411,6.40028,0.184169,10.224,5.2284,1.03409,1.32423,513.664,2.19568,1.18216,0,13.2062,5.08127,5.88257,3.9211,1.01937,22731.3,-1.05769,-0.0276138,0.355112,1.03008,2.18736,0.851395,0.552984,0.190946,0.88335,250.963,49.6365,63.5631,12327.9,2.27648,1.22567,3.8466,0.20633,0.97229,0,0,89.6,87.5,60.4
"2024-02-10",1,1.03779,3.30934,70.6495,1.96017,80.0589,41.5757,168.171,33.2944,0,9.53914,0,763.379,0,1.01239,0.0208333,-0.03355,0.31227,0.978837,2.02027,10.0962,5.14342,0.123094,7.48832,6.35083,0.972671,1.30941,411.746,1.7711,0.929899,0,6.91709,3.59214,3.17943,2.87664,0.824182,18321.1,-1.04964,-0.0347846,0.323762,1.01486,2.09462,0.872315,0.444392,0.127623,0.646991,304.84,46.6882,62.8519,9881.9,1.83627,0.96412,3.49029,0.222703,1.03025,0,0,100,100,97.9
"2024-02-11",1,-0.309639,2.60917,74.4597,1.71964,88.6259,22.6344,201.293,28.4145,0.145833,7.53082,0.145833,603.412,0.145833,0.890596,0.583333,0.00547027,0.315537,0.896066,1.82308,11.4611,4.89971,0.217407,7.35539,6.52467,1.01372,1.31304,392.361,2.61772,2.03025,0,7.65728,1.95561,3.80563,2.45501,0.650663,14481.9,-0.92337,0.00567157,0.327148,0.929041,1.89017,0.990235,0.423335,0.225408,0.635505,313.184,48.6585,63.026,9416.67,2.71405,2.10496,3.77309,0.209508,1.58809,0,0,85.4,85.4,41.7
"2024-02-12",1,2.34042,2.08451,68.2297,-9999,162.738,67.3445,320.727,45.7438,0.270833,11.3305,0.270833,911.008,0.270833,1.08981,0.583333,-0.252723,0.322003,0.837086,1.66971,11.8546,7.78738,0.30463,10.0352,6.40009,1.08739,1.30049,626.611,2.56597,2.10163,0,14.0606,5.81857,6.06363,3.95226,0.978953,21864.2,-1.12991,-0.262023,0.333853,0.867891,1.73115,1.02424,0.67283,0.31584,0.867038,307.204,52.1948,62.4235,15038.7,2.66039,2.17897,4.03723,0.198522,0.847496,0,0,72.9,72.9,41.7
"2024-02-13",1,4.77227,3.30495,65.0906,3.59206,157.538,71.9475,319.911,49.6153,0.270833,9.0805,0.25,731.73,0.25,0.806585,0.604167,0.17925,0.315262,0.985835,1.82536,8.1921,5.64113,0.313099,10.7148,6.6773,1.17548,1.56994,454.733,3.16143,2.18996,0,13.6113,6.21626,6.04821,4.28676,0.784555,17561.5,-0.836267,0.185846,0.326864,1.02211,1.89254,0.707798,0.487394,0.324621,0.925762,320.511,56.4231,75.3569,10913.6,3.27777,2.27055,5.46394,0.154704,0.815815,0,0,72.9,75,39.6
"2024-02-14",1,5.10855,2.95778,68.7728,4.21152,149.664,69.8267,289.478,44.7442,0.354167,14.1026,0.375,1138.66,0.375,1.04105,0.5625,-0.0997556,0.269318,0.941292,1.69732,11.21,5.21241,0.302574,9.82726,6.94437,1.13777,1.92035,420.299,2.69257,1.86114,0,12.931,6.03302,5.47285,3.8659,1.21847,27327.9,-1.07936,-0.103427,0.279229,0.975932,1.75978,0.968546,0.450352,0.313709,0.849075,333.33,54.613,92.1768,10087.2,2.79166,1.92963,3.17276,0.23965,0.842755,0,1,64.6,62.5,43.8
"2024-02-15",1,-0.557611,2.94842,60.8785,2.54579,160.621,66.012,323.21,44.8873,0.0208333,9.75155,0.0416667,779.86,0.0416667,0.787116,0.0625,0.146776,0.284308,0.933892,1.62727,10.9809,7.25319,0.125363,10.2147,6.72422,1.00585,1.99909,579.712,1.84209,0.959918,0,13.8777,5.70344,6.11057,3.87826,0.842534,18716.6,-0.816082,0.152177,0.294771,0.968259,1.68716,0.948751,0.626676,0.129976,0.88255,322.762,48.2806,95.9563,13913.1,1.90988,0.995243,4.60309,0.178473,0.82771,0,0,97.9,95.8,93.8
"2024-02-16",1,-5.65981,1.90462,77.0079,0.926406,102.925,33.9427,223.723,25.091,0.0416667,24.9632,0.25,1988.28,0.25,1.29159,0.229167,-0.5011,0.266543,0.790495,1.40778,9.81693,10.8295,0.13487,8.72859,6.89126,0.647754,1.98796,863.542,1.7839,1.20663,1.27,8.89269,2.93265,4.22969,2.16786,2.15682,47718.7,-1.33913,-0.519541,0.276352,0.819585,1.45959,0.848183,0.935665,0.139833,0.75415,330.781,31.0922,95.4223,20725,1.84955,1.25103,1.00512,0.498723,1.47467,0,0,95.8,75,77.1
"2024-02-17",1,-5.24996,0.557959,55.6336,-9999,180.386,57.3108,352.069,52.859,0.125,16.3943,0.125,1307.1,0.125,1.00754,0.145833,-0.399472,0.266842,0.60807,1.17295,9.78659,4.67533,0.124598,10.797,7.00002,0.984395,2.15084,372.52,1.52426,1.10331,0,15.5854,4.95166,6.65618,4.56701,1.41647,31370.3,-1.04462,-0.414173,0.276661,0.630447,1.21611,0.845562,0.403948,0.129183,0.932857,336.001,47.2509,103.24,8940.49,1.58035,1.14391,3.22422,0.23673,1.20838,0,0,87.5,87.5,85.4
"2024-02-18",1,0.402264,0.599416,54.0737,-9999,182.14,61.0711,357.161,47.8378,0.291667,9.71213,0.3125,778.935,0.3125,0.936344,0.354167,-0.362121,0.25858,0.574223,1.12904,12.7028,5.03884,0.213372,10.8204,7.16469,1.03359,2.23954,404.4,1.79864,1.40968,0,15.7369,5.27655,6.75245,4.13319,0.839128,18694.5,-0.970801,-0.375448,0.268096,0.595354,1.17059,1.09752,0.435355,0.221224,0.934879,343.905,49.6125,107.498,9705.61,1.86484,1.46155,4.92558,0.16876,0.942343,0,0,70.8,68.8,64.6
"2024-02-19",1,3.328,0.860089,55.7273,-9999,177.714,73.6131,354.383,56.6558,0.4375,12.321,0.4375,993.433,0.4375,0.841752,0.604167,-0.283692,0.222832,0.55806,1.11058,15.4563,5.8563,0.401263,10.5089,7.50375,1.18188,2.65892,472.04,2.4574,2.24758,0,15.3545,6.36017,6.69994,4.89506,1.06453,23842.4,-0.872729,-0.294132,0.231033,0.578596,1.15145,1.33542,0.505984,0.416029,0.907972,360.18,56.73,127.628,11329,2.54784,2.33029,4.59832,0.178625,0.937017,0,0,56.2,56.2,39.6
"2024-02-20",1,7.10814,1.76128,50.5965,-9999,173.667,65.6051,359.41,44.3806,0.75,17.0398,0.75,1381.31,0.75,0.932098,0.875,-0.340544,0.14798,0.591555,1.16443,20.0237,7.96882,0.620684,11.3226,8.06804,1.19141,3.10314,641.777,3.65777,3.4238,0,15.0048,5.66828,6.79498,3.83448,1.47224,33151.5,-0.9664,-0.353076,0.153426,0.613324,1.20729,1.73005,0.688506,0.643525,0.978274,387.266,57.1879,148.951,15402.7,3.79237,3.5498,2.60452,0.27743,0.936214,0,1,27.1,27.1,14.6
"2024-02-21",1,8.64082,3.48198,57.7917,6.25208,149.612,66.5003,304.871,37.1912,0.25,9.82607,0.229167,795.505,0.229167,0.870273,0.5,-0.183485,0.174102,0.686787,1.307,12.1141,4.78606,0.304919,11.941,8.68919,1.1243,3.07949,387.672,2.85531,1.43898,0,12.9265,5.74563,5.76386,3.21332,0.848973,19092.1,-0.902299,-0.190238,0.180509,0.712061,1.3551,1.04666,0.413515,0.31614,1.0317,417.081,53.9665,147.815,9304.13,2.96038,1.49193,3.78495,0.208989,0.707024,0,1,75,77.1,50
"2024-02-22",1,8.05769,4.63821,58.7398,5.31431,151.505,60.662,305.833,42.3227,0.104167,12.2099,0.125,989.114,0.125,0.972318,0.416667,-0.2472,0.169784,0.725118,1.36901,12.3859,4.25914,0.279337,12.3261,8.75659,1.33313,3.08662,344.502,2.99175,1.39809,0,13.0901,5.24119,5.78205,3.65668,1.05493,23738.7,-1.0081,-0.256297,0.176032,0.751802,1.41939,1.07015,0.36799,0.289616,1.06497,420.316,63.9905,148.158,8268.04,3.10185,1.44953,3.46627,0.2239,0.898959,0,1,89.6,87.5,60.4
"2024-02-23",1,5.84973,4.15432,58.6356,5.24831,179.335,62.9305,361.879,44.2958,0.125,18.4337,0.166667,1490.96,0.166667,1.05411,0.395833,-0.342577,0.149123,0.711528,1.2379,11.6895,4.16132,0.251327,10.6915,8.77135,1.27386,3.2895,335.798,2.806,1.41507,0,15.4946,5.4372,6.84165,3.82716,1.59267,35783.1,-1.0929,-0.355184,0.154611,0.737713,1.28346,1.00997,0.359538,0.260576,0.923746,421.025,61.1454,157.896,8059.16,2.90926,1.46714,2.40298,0.29386,0.996805,0,1,87.5,83.3,60.4
"2024-02-24",1,4.14132,3.44081,56.6407,5.80122,190.044,82.8394,377.83,56.1633,0.291667,18.9346,0.270833,1531.6,0.270833,0.853602,0.5625,-0.138545,0.145461,0.715057,1.09424,13.212,5.20676,0.325258,10.8603,8.13729,1.12302,3.19779,421.294,3.29953,2.06679,0,16.4198,7.15733,7.14323,4.85251,1.63595,36758.5,-0.885015,-0.143643,0.150814,0.741371,1.1345,1.14152,0.449864,0.337227,0.938328,390.59,53.9048,153.494,10111.1,3.42095,2.14285,2.96617,0.252133,0.906548,0,0,70.8,72.9,43.8
"2024-02-25",1,7.07446,3.86003,45.2982,7.01278,187.114,78.0424,376.463,48.1204,0.291667,14.4929,0.291667,1173.77,0.291667,0.750576,0.604167,0.0716396,0.110335,0.822216,1.0652,14.5338,6.09324,0.413804,10.7525,8.2239,1.28792,3.24454,493.757,4.12546,2.20758,0,16.1667,6.74286,7.11737,4.1576,1.25218,28170.4,-0.778198,0.074276,0.114395,0.852474,1.1044,1.25572,0.526456,0.429032,0.929013,394.747,61.8199,155.738,11850.2,4.27727,2.28882,3.32028,0.231466,0.802298,0,1,70.8,70.8,39.6
"2024-02-26",1,12.7189,4.70663,36.2436,13.0328,189.983,70.5479,374.154,30.8472,0.1875,28.2734,0.1875,2305.62,0.1875,1.06496,0.479167,-0.0807456,0.0683101,0.984214,1.06591,13.7118,5.18345,0.387132,11.0746,8.26988,1.15555,3.32018,421.429,3.23421,1.15688,0,16.4145,6.09534,7.07372,2.6652,2.44282,55334.9,-1.10415,-0.083717,0.0708239,1.02043,1.10514,1.1847,0.44785,0.401378,0.956845,396.954,55.4663,159.369,10114.3,3.35323,1.19945,1.09103,0.478233,0.838021,0,1,81.2,81.2,54.2
"2024-02-27",1,-0.834443,3.74783,57.6244,-9999,164.898,86.1398,328.721,54.3807,0.833333,16.4039,0.854167,1310.36,0.854167,0.940457,0.979167,-0.0152831,0.166317,0.925173,0.912982,14.909,4.54977,0.256169,11.5647,8.286,0.915461,3.25861,363.357,2.91364,1.52403,0,14.2472,7.44248,6.21477,4.6985,1.4173,31448.7,-0.975066,-0.0158455,0.172437,0.959219,0.946579,1.28814,0.3931,0.265596,0.999189,397.728,43.9421,156.413,8720.56,3.02086,1.58012,3.3151,0.231744,0.821742,0,0,33.3,31.2,18.8
"2024-02-28",1,-6.19283,1.52457,51.2597,2.28563,205.606,71.0564,403.412,68.4257,0,11.7714,0,936.83,0,0.663434,0.0833333,0.053161,0.153249,0.716594,0.693978,10.2769,3.92114,0.175616,11.541,8.26025,0.928274,3.28517,312.85,1.9373,1.18961,0,17.7644,6.13927,7.62688,5.91198,1.01705,22483.9,-0.687848,0.0551173,0.158888,0.742965,0.719517,0.887923,0.338787,0.182079,0.997142,396.492,44.5571,157.688,7508.41,2.00859,1.23339,5.81285,0.146781,1.12864,0,0,100,100,91.7
"2024-02-29",1,5.77397,2.60998,34.5269,7.51656,204.402,67.9037,401.723,42.3637,0.104167,20.6986,0.125,1672.27,0.125,0.815053,0.104167,0.0415085,0.0640481,0.856561,0.701385,12.3029,3.47914,0.20142,11.5489,8.28199,0.952242,3.30209,280.559,2.21863,1.06474,0,17.6603,5.86688,7.59494,3.66022,1.78836,40134.5,-0.845047,0.043036,0.0664051,0.888083,0.727196,1.06297,0.300598,0.208833,0.997828,397.535,45.7076,158.5,6733.43,2.30028,1.10393,2.04669,0.328225,0.928703,0,1,89.6,87.5,89.6
"2024-03-01",1,5.21966,3.90783,70.2814,3.10015,184.289,72.5557,379.617,54.7301,0.0625,11.1891,0.104167,903.134,0.104167,0.595507,0.0833333,0.423842,0.129806,1.01935,0.707005,12.2837,4.14621,0.204033,11.7161,8.24209,0.898239,3.25454,333.351,2.64684,1.34187,0,15.9226,6.26881,7.17701,4.72868,0.966741,21675.2,-0.617422,0.43944,0.134583,1.05686,0.733023,1.06132,0.358233,0.211541,1.01227,395.62,43.1155,156.218,8000.42,2.74424,1.39125,4.89137,0.16974,0.908533,0,1,93.8,89.6,91.7
"2024-03-02",1,10.4619,5.03387,69.0471,-9999,185.208,81.6396,378.997,41.3822,0.208333,17.6227,0.270833,1430.97,0.270833,0.91886,0.25,0.237369,0.0611204,1.15623,0.690069,13.1574,4.87623,0.20955,12.5088,8.29863,0.879762,3.20196,395.041,2.74178,1.08973,0,16.002,7.05366,7.16528,3.57542,1.52261,34343.2,-0.952674,0.246104,0.0633696,1.19878,0.715464,1.1368,0.421306,0.217261,1.08076,398.334,42.2286,153.694,9480.98,2.84268,1.12984,2.34822,0.298666,0.722749,0,1,79.2,72.9,77.1
"2024-03-03",1,13.4445,6.67794,33.5147,11,203.645,71.1658,410.754,32.1681,0.0833333,28.1901,0.166667,2290.39,0.166667,0.944437,0.25,0.414199,0.0693148,1.35864,0.772571,12.318,5.61998,0.247973,11.1946,8.37597,0.831867,3.29249,456.327,0.274795,0.0716412,0,17.595,6.14872,7.76567,2.77933,2.43562,54969.3,-0.979192,0.429441,0.0718656,1.40863,0.801002,1.06427,0.485567,0.257099,0.967211,402.047,39.9296,158.04,10951.9,0.284907,0.0742776,1.14112,0.467046,0.848135,0,1,91.7,83.3,75
"2024-03-04",1,6.71665,5.6306,51.2293,-9999,100.504,39.2072,211.031,22.9864,0.479167,14.709,0.479167,1185.16,0.479167,0.775841,0.479167,0.404687,0.179255,1.18053,0.745776,17.2881,4.46042,0.1581,9.06559,8.27804,0.960934,2.83383,358.449,0.24256,0.183099,0,8.68356,3.3875,3.98973,1.98602,1.27086,28443.7,-0.804391,0.419579,0.185852,1.22397,0.77322,1.49369,0.38538,0.163918,0.783267,397.346,46.1248,136.024,8602.79,0.251486,0.189837,1.56274,0.390207,0.96144,0,1,52.1,52.1,52.1
"2024-03-05",1,2.60457,4.54088,49.6909,5.01848,175.518,69.919,356.904,49.8023,0.1875,17.8333,0.166667,1437.44,0.166667,0.378182,0.5,0.657712,0.253932,1.03589,0.702919,12.2588,5.87497,0.321902,10.4163,8.35899,0.972406,2.77796,471.888,0.232576,0.225415,0,15.1647,6.041,6.7476,4.30292,1.5408,34498.5,-0.392099,0.681916,0.263277,1.07402,0.728786,1.05916,0.507597,0.333749,0.899965,401.231,46.6755,133.342,11325.3,0.241135,0.23371,2.79265,0.263668,0.967342,0,0,81.2,83.3,50
"2024-03-06",1,5.28176,4.08264,50.2821,5.59944,123.773,53.4623,263.048,31.3064,0.25,16.9712,0.25,1370.77,0.25,0.424536,0.541667,0.552714,0.261317,0.977251,0.69183,13.2678,4.17166,0.373052,10.3666,7.37702,0.923235,2.57208,337.039,0.228178,0.210051,0,10.694,4.61914,4.97316,2.70487,1.46631,32898.5,-0.440159,0.573054,0.270934,1.01321,0.71729,1.14634,0.360432,0.386781,0.895672,354.097,44.3153,123.46,8088.94,0.236575,0.217781,1.84468,0.351534,0.903021,0,1,75,75,47.9
"2024-03-07",1,7.04096,4.81621,58.0148,4.5019,103.733,44.5378,223.914,20.1914,0.270833,10.5584,0.25,850.897,0.25,0.758219,0.416667,0.299281,0.293967,1.0575,0.76948,13.078,5.66147,0.265858,7.20161,7.17979,1.03009,2.67409,456.018,0.19934,0.201546,0,8.96256,3.84807,4.2333,1.74453,0.912245,20421.5,-0.786122,0.310294,0.304785,1.09642,0.797797,1.12994,0.489151,0.275641,0.622219,344.63,49.4441,128.356,10944.4,0.206676,0.208963,1.91235,0.343365,0.690419,0,1,72.9,75,58.3
"2024-03-08",1,0.991166,4.32723,60.9686,2.88105,108.401,54.4109,223.223,35.8244,0.125,22.8418,0.479167,1831.02,0.479167,0.785194,0.583333,0.205288,0.321537,0.990482,0.742085,11.9563,10.4323,0.194235,11.5798,7.26113,0.904327,2.58215,836.67,0.205095,0.208866,0.254,9.36583,4.7011,4.22024,3.09523,1.97353,43944.6,-0.814089,0.212843,0.333369,1.02693,0.769394,1.03302,0.901351,0.201383,1.00049,348.534,43.4077,123.943,20080.1,0.212643,0.216552,1.56837,0.389352,1.07821,0,0,87.5,56.2,50
"2024-03-09",1,1.30454,3.43224,46.1901,4.89142,225.916,97.0491,449.805,73.8711,0.1875,18.2169,0.1875,1467.48,0.1875,0.60763,0.604167,0.282332,0.600817,0.889962,0.683096,12.6476,9.76353,0.299217,11.9875,6.91568,1.18007,2.72352,786.798,0.268755,0.273719,0,19.5191,8.38504,8.50396,6.38246,1.57394,35219.5,-0.629991,0.292722,0.622927,0.922713,0.708233,1.09275,0.843569,0.310228,1.03572,331.953,56.6432,130.729,18883.2,0.278645,0.283792,4.05508,0.197821,0.948881,0,0,81.2,81.2,43.8
"2024-03-10",1,6.68508,3.77154,42.3522,7.96681,224.691,95.8974,452.417,61.8928,0.1875,26.4966,0.208333,2149.92,0.208333,0.222634,0.354167,0.74304,0.671797,0.965675,0.746203,11.2766,6.88303,0.259138,11.9112,6.88596,1.14021,2.66626,556.415,0.2658,0.119158,0,19.4133,8.28554,8.55335,5.34754,2.28931,51598.2,-0.230827,0.770384,0.696519,1.00121,0.773663,0.974296,0.594694,0.268674,1.02913,330.526,54.7302,127.98,13354,0.275581,0.123543,2.33588,0.299771,0.921708,0,1,81.2,79.2,64.6
"2024-03-11",1,14.2391,6.04989,41.2539,11.4598,221.453,83.6196,449.073,30.4918,0.0625,37.2462,0,3033.99,0,0.356542,0.0416667,0.992781,0.837857,1.34932,1.23088,11.5946,6.47062,0.245301,11.8682,7.54116,1.089,2.67796,524.894,0.0712789,0.0249195,0,19.1336,7.22473,8.49013,2.63449,3.21807,72815.7,-0.369663,1.02932,0.86869,1.39898,1.27618,1.00177,0.559061,0.254328,1.02541,361.976,52.2722,128.542,12597.5,0.073902,0.0258366,0.818654,0.549857,0.810073,0,1,95.8,100,95.8
"2024-03-12",1,11.5648,7.07722,56.2163,6.98209,172.624,70.3466,365.375,27.2294,0.25,20.8528,0.25,1692.01,0.25,0.381053,0.458333,1.23058,1.18436,1.61164,1.85963,10.4568,7.18493,0.371975,10.7536,7.5515,1.16534,2.64545,580.871,0.068921,0.0431315,0,14.9147,6.07795,6.90775,2.35262,1.80168,40608.3,-0.395075,1.27587,1.22794,1.67095,1.92806,0.903467,0.620778,0.385664,0.929113,362.472,55.9363,126.981,13940.9,0.0714573,0.0447187,1.30579,0.433691,0.683503,0,1,75,75,54.2
"2024-03-13",1,11.16,6.92594,62.0258,6.69706,133.961,61.879,285.51,15.0758,0.125,18.9869,0.1875,1541.59,0.1875,0.508783,0.479167,1.19063,1.06742,1.69942,2.10262,9.80758,6.71136,0.370012,9.65267,7.65264,0.979646,2.66527,542.465,0.128643,0.133419,2.032,11.5742,5.34635,5.39782,1.30255,1.64047,36998.1,-0.527506,1.23445,1.1067,1.76195,2.18,0.847375,0.579861,0.383629,0.83399,367.326,47.023,127.933,13019.2,0.133377,0.138329,0.794012,0.55741,0.550472,0,1,87.5,81.2,52.1
"2024-03-14",1,8.98131,7.75165,84.8063,1.74392,45.1953,23.3207,106.704,-15.3444,0.145833,33.6326,0.375,2711.12,0.375,1.9713,0.4375,-0.0791567,0.498022,1.89215,2.48097,9.21506,11.4809,0.376274,7.16332,7.35659,1.13685,2.21865,925.471,0.0953564,0.0394834,8.636,3.90487,2.01491,2.01733,-1.32575,2.90585,65066.8,-2.04385,-0.0820696,0.516349,1.96178,2.57227,0.796181,0.991953,0.390121,0.618911,353.116,54.5689,106.495,22211.3,0.0988655,0.0409364,-0.456236,1.83903,0.784203,0,1,85.4,62.5,56.2
"2024-03-15",1,7.09301,7.33809,68.282,3.75435,234.474,101.859,479.263,54.1573,0.0416667,37.3079,0.125,3010.74,0.125,0.83962,0.104167,1.00732,1.55795,1.84694,2.54536,11.7725,8.8838,0.31608,12.1151,7.523,1.34088,2.71463,716.906,0.0827435,0.125378,0,20.2586,8.80059,9.06091,4.67919,3.2234,72257.8,-0.870518,1.04439,1.61529,1.91491,2.63903,1.01714,0.767561,0.327712,1.04674,361.104,64.3622,130.302,17205.7,0.0857885,0.129992,1.45163,0.407892,0.897961,0,1,95.8,87.5,89.6
"2024-03-16",1,7.46394,7.06788,50.8294,5.74281,239.677,100.187,489.723,55.2836,0,48.0932,0,3885.27,0,0.400529,0.125,1.41504,1.55221,1.81557,2.60934,9.9434,8.56969,0.328162,12.3245,7.43211,1.40982,2.68642,691.691,0.0989334,0.152598,0,20.7081,8.6562,9.25866,4.7765,4.15525,93246.4,-0.415269,1.46711,1.60933,1.88238,2.70536,0.85911,0.740422,0.340238,1.06484,356.741,67.6712,128.948,16600.6,0.102574,0.158213,1.14951,0.465222,1.03183,0,1,100,100,87.5
"2024-03-17",1,-1.14801,5.00784,54.2762,2.70936,230.838,96.8418,453.869,88.5608,0.0208333,28.8225,0.0625,2305.04,0.0625,0.108461,0.1875,1.33177,1.4597,1.44023,1.91978,14.0543,5.3633,0.31808,12.4271,7.42171,0.819276,2.73297,428.646,0.066588,0.044649,0,19.9444,8.36713,8.58081,7.65165,2.49027,55321,-0.112453,1.38077,1.51342,1.49323,1.99043,1.21429,0.463389,0.329786,1.0737,356.242,39.3252,131.183,10287.5,0.0690385,0.0462921,3.07262,0.245542,1.21211,0,0,97.9,93.8,81.2
"2024-03-18",1,-1.65651,3.7364,47.5477,3.29559,250.583,114.32,501.089,94.5393,0.0208333,24.8054,0,1984.81,0,0.254424,0.270833,0.962134,1.37247,1.21656,1.44276,11.9712,6.17663,0.311217,12.9554,6.96525,0.854358,2.40468,494.355,0.06265,0.045092,0,21.6503,9.87723,9.47353,8.16819,2.14319,47635.4,-0.263786,0.99754,1.42298,1.26133,1.49586,1.03431,0.533661,0.32267,1.11935,334.332,41.0092,115.424,11864.5,0.0649555,0.0467514,3.81123,0.207847,1.04395,0,0,97.9,100,79.2
"2024-03-19",1,9.25564,5.10846,38.6642,8.57061,245.07,112.259,498.464,67.5583,0.166667,37.2195,0.125,3018.32,0.125,0.277976,0.333333,1.14089,1.28545,1.41887,1.59155,9.54761,7.37142,0.241321,12.3963,6.57519,1.11004,2.08288,595.932,0.0696072,0.0652785,0,21.174,9.69915,9.42391,5.83703,3.21576,72439.7,-0.288206,1.18288,1.33275,1.47108,1.65012,0.824913,0.63689,0.250201,1.07104,315.609,53.2821,99.9783,14302.4,0.0721687,0.0676807,1.81513,0.355223,0.93336,0,1,83.3,87.5,68.8
"2024-03-20",1,3.27567,5.11486,38.2924,4.93233,243.749,117.319,497.984,68.7818,0.0625,24.6307,0.0625,1976.52,0.0625,0.0940853,0.229167,1.28369,1.27823,1.37778,1.41584,13.7707,5.41987,0.305913,12.6759,6.49556,1.00931,1.94321,434.562,0.0643208,0.0591755,0,21.0599,10.1364,9.41483,5.94275,2.12809,47436.5,-0.0975476,1.33093,1.32527,1.42848,1.46794,1.18979,0.468276,0.31717,1.0952,311.787,48.4468,93.2739,10429.5,0.0666878,0.0613532,2.79253,0.263677,0.796225,0,0,93.8,93.8,77.1
"2024-03-21",1,5.08822,4.90467,33.7687,6.31475,218.509,106.766,446.954,61.6149,0.0833333,36.6412,0.0208333,2952.09,0.0208333,-0.511689,0.0833333,1.83802,1.48906,1.32633,1.57442,11.0698,7.21451,0.33844,13.1985,6.12249,1.29414,1.9173,580.134,0.0253452,0.0207452,0,18.8791,9.22455,8.45008,5.32352,3.1658,70850.1,0.530519,1.90565,1.54386,1.37514,1.63236,0.956428,0.623334,0.350895,1.14035,293.879,62.1188,92.0305,13923.2,0.0262779,0.0215086,1.68157,0.372916,0.920297,1,1,93.8,97.9,91.7
"2024-03-22",1,1.27534,4.69598,73.7683,1.81537,67.977,33.8857,150.187,15.4483,0.0625,29.9928,0.125,2399.74,0.125,0.739451,0.208333,0.576971,0.828726,1.31642,1.95287,9.8875,8.59266,0.246979,6.05041,6.12011,1.01872,1.72668,687.478,0.0392654,0.00632873,0.762,5.87322,2.92773,2.83941,1.33473,2.59138,57593.7,-0.766663,0.598204,0.859223,1.36487,2.02473,0.85428,0.742406,0.256068,0.522756,293.765,48.8986,82.8809,16499.5,0.0407104,0.00656163,0.515066,0.660037,1.34101,0,0,93.8,87.5,79.2
"2024-03-23",1,-0.851084,3.30389,69.118,1.83215,75.4244,33.7728,164.3,25.8396,0.0833333,13.8589,0.104167,1107.33,0.104167,0.337353,0.208333,0.811937,0.960982,1.14929,1.8095,10.7164,7.49611,0.269532,9.3262,6.23292,0.995991,1.76784,599,0.0480908,0.0519844,0,6.51667,2.91797,3.10624,2.23254,1.19741,26575.9,-0.349767,0.841816,0.996346,1.19158,1.87609,0.925894,0.647664,0.279451,0.805784,299.18,47.8076,84.8565,14376,0.0498605,0.0538975,1.86447,0.349104,1.17546,0,0,91.7,89.6,79.2
"2024-03-24",1,5.49942,4.03482,88.9963,-9999,18.7764,9.59959,48.8159,-21.6852,0.291667,25.8127,0.395833,2075.86,0.395833,1.70617,0.5,-0.400946,0.348329,1.30522,2.12759,8.396,11.3908,0.256189,1.60122,5.83308,1.05189,1.33278,916.179,0.0599081,0.0170148,13.208,1.62228,0.829405,0.922908,-1.8736,2.23022,49820.7,-1.76896,-0.415701,0.361147,1.35326,2.20589,0.725414,0.984167,0.265617,0.138345,279.988,50.4906,63.9733,21988.3,0.0621127,0.0176409,-0.840098,6.25384,0.429966,0,1,70.8,60.4,50
"2024-03-25",1,3.49372,5.03301,91.4708,0.638138,53.4058,35.0149,114.549,12.9646,0.125,30.1645,0.3125,2415.91,0.3125,1.04649,0.375,0.407681,0.784341,1.45417,2.38595,9.08603,11.5458,0.273842,4.16909,6.07956,0.992566,1.66507,926.423,0.0741706,0.0494309,2.54,4.61426,3.02529,2.16565,1.12014,2.60622,57981.8,-1.085,0.422683,0.813205,1.50768,2.47375,0.785033,0.997559,0.28392,0.360209,291.819,47.6432,79.9232,22234.1,0.0769001,0.05125,0.429796,0.699401,1.23174,0,0,87.5,68.8,62.5
"2024-03-26",1,-3.06317,3.02188,76.6788,1.15731,135.66,68.9776,281.721,54.8042,0.1875,28.1832,0.291667,2247.29,0.291667,0.269037,0.354167,0.83172,1.38544,1.10076,1.64797,10.2729,5.93976,0.271602,8.63525,7.02485,0.637452,2.19518,473.554,0.0571883,0.0784242,0,11.721,5.95966,5.32619,4.73508,2.43502,53934.8,-0.278938,0.862327,1.43642,1.14126,1.70861,0.887575,0.513195,0.281597,0.746086,337.193,30.5977,105.368,11365.3,0.0592928,0.0813102,1.94457,0.339608,1.20311,0,0,81.2,70.8,64.6
"2024-03-27",1,-1.73944,2.10719,63.5223,2.31897,154.659,63.7715,320.075,51.5479,0.145833,22.9512,0.166667,1836.85,0.166667,-0.186125,0.375,1.13423,1.44469,0.948102,1.29621,9.63512,7.90384,0.408525,13.731,6.07385,0.982979,1.75705,633.227,0.0609384,0.10279,0,13.3625,5.50986,6.05132,4.45374,1.98298,44084.4,0.192974,1.17597,1.49786,0.982992,1.34391,0.832475,0.682892,0.423559,1.18636,291.545,47.183,84.3384,15197.5,0.0631809,0.106573,2.24598,0.308073,1.16822,1,0,85.4,83.3,62.5
"2024-03-28",1,8.69947,3.90119,55.5963,6.7596,255.156,127.168,524.592,67.0943,0.25,44.7904,0.208333,3630.03,0.208333,-0.436861,0.395833,1.61521,2.11456,1.17835,1.409,11.5073,10.9918,0.511574,12.5872,5.97196,1.22614,1.82713,889.102,0.0870461,0.152618,0,22.0455,10.9873,9.91788,5.79695,3.86989,87120.7,0.452938,1.67465,2.19237,1.22171,1.46085,0.994232,0.949691,0.5304,1.08754,286.654,58.8548,87.7021,21338.4,0.0902494,0.158234,1.49796,0.400326,0.879818,1,1,77.1,79.2,60.4
"2024-03-29",1,11.9803,6.75277,61.5371,6.34818,214.922,103.695,454.21,40.8668,0.125,49.7366,0.104167,4038.98,0.104167,-0.879093,0.145833,2.45015,2.15092,1.57106,2.04352,9.7654,7.45768,0.3738,12.3145,6.31199,1.12306,2.00562,604.148,0.150138,0.135975,0,18.5693,8.95921,8.58724,3.53089,4.29724,96935.4,0.911444,2.54032,2.23007,1.62888,2.11872,0.843731,0.644343,0.387556,1.06398,302.976,53.9067,96.2698,14499.6,0.155663,0.140979,0.821665,0.548948,0.873753,1,1,87.5,89.6,85.4
"2024-03-30",1,6.39853,6.8784,62.4981,4.09461,245.59,118.576,509.707,66.454,0.0625,33.9645,0.0416667,2737.99,0.0416667,-0.12354,0.145833,1.7084,2.71709,1.58486,2.57777,12.6204,10.411,0.352431,13.25,6.05755,1.2877,1.99964,838.152,0.158553,0.177742,0,21.219,10.245,9.63648,5.74163,2.93453,65711.7,0.128086,1.77127,2.81708,1.64319,2.67263,1.0904,0.899507,0.365401,1.1448,290.762,61.8095,95.9825,20115.6,0.164387,0.184283,1.95657,0.338229,0.846872,1,1,93.8,95.8,85.4
"2024-03-31",1,8.65517,6.55077,65.1328,4.23935,83.8642,51.7767,177.611,14.1551,0.0833333,14.2663,0.0625,1151.04,0.0625,0.714326,0.145833,0.836371,1.20694,1.5507,2.48541,11.8683,9.5422,0.351853,7.6911,6.52984,1.14451,1.97162,770.199,0.0886691,0.07751,0,7.24586,4.47351,3.3579,1.223,1.23261,27625,-0.740613,0.867149,1.25136,1.60776,2.57688,1.02542,0.824446,0.364801,0.664511,313.432,54.9365,94.6376,18484.8,0.0919321,0.0803623,0.992201,0.501957,0.548923,0,1,91.7,93.8,85.4
"2024-04-01",1,7.25316,7.10407,94.8955,-9999,39.8793,27.9863,97.1562,-0.170704,0.416667,13.7853,0.729167,1109.26,0.729167,1.52213,0.729167,0.150012,0.55045,1.67214,2.48176,13.1715,5.93967,0.406489,2.68202,6.38974,0.973568,1.74607,478.282,0.123894,0.0253578,0,3.44557,2.41801,1.83683,-0.0147488,1.19105,26622.3,-1.57814,0.155533,0.570707,1.73368,2.57309,1.13801,0.513187,0.421447,0.231727,306.707,46.7313,83.8112,11478.8,0.128453,0.0262909,-0.012383,1.01254,0.486474,0,1,58.3,27.1,27.1
"2024-04-02",1,6.96331,6.89223,67.4392,-9999,235.752,135.798,485.836,75.505,0.145833,57.2971,0.333333,4620.42,0.333333,0.280533,0.333333,1.44051,1.98308,1.72104,2.30569,13.549,16.1085,0.564595,15.1795,5.87059,1.082,1.94375,1300.62,0.106825,0.121067,0,20.369,11.733,9.18518,6.52363,4.95047,110890,-0.290856,1.49352,2.05605,1.78438,2.39054,1.17063,1.39177,0.585372,1.31151,281.788,51.936,93.3,31214.8,0.110756,0.125522,1.31778,0.431447,0.977938,0,1,85.4,66.7,66.7
"2024-04-03",1,6.22213,6.67442,54.3358,4.80059,275.642,138.669,556.843,84.838,0.166667,48.3115,0.166667,3894.12,0.166667,-0.326354,0.1875,2.17237,2.38842,1.84602,2.16106,12.39,10.5869,0.474976,13.3917,5.1688,1.08422,2.1965,853.267,0.0983845,0.0518699,0,23.8155,11.981,10.5276,7.33,4.17412,93458.8,0.338363,2.25232,2.47631,1.91395,2.24058,1.0705,0.914704,0.492455,1.15704,248.102,52.0426,105.432,20478.4,0.102005,0.0537787,1.75606,0.362837,0.960199,1,1,83.3,83.3,81.2
"2024-04-04",1,6.4574,6.50523,42.8556,7.15328,291.463,137.73,581.174,80.7406,0.145833,54.5121,0.166667,4409.32,0.166667,-0.668442,0.291667,2.65555,2.70788,1.98711,2.21881,13.8555,11.53,0.596605,13.4764,4.79288,1.26913,2.31163,932.17,0.124055,0.213846,0,25.1824,11.8999,10.9876,6.97598,4.70984,105824,0.69304,2.75328,2.80753,2.06024,2.30046,1.19711,0.996191,0.61856,1.16436,230.058,60.9181,110.958,22372.1,0.12862,0.221715,1.48115,0.403039,0.982013,1,1,85.4,83.3,70.8
"2024-04-05",1,8.21548,6.3575,49.9779,6.73451,243.92,121.213,510.602,57.3714,0.1875,51.5782,0.166667,4176.45,0.166667,-0.857311,0.291667,2.96862,2.85331,2.11131,2.53104,16.8277,14.5613,0.775794,13.2064,4.76009,0.886907,2.33116,1178.72,0.198077,0.218026,0,21.0747,10.4728,9.65339,4.95689,4.45635,100235,0.88886,3.07787,2.95831,2.18901,2.62418,1.45392,1.25809,0.804343,1.14103,228.485,42.5715,111.896,28289.3,0.205366,0.22605,1.11232,0.473413,0.898827,1,1,81.2,83.3,70.8
"2024-04-06",1,11.4953,7.84002,60.6547,-9999,247.334,133.378,506.34,54.7152,0.354167,65.2596,0.416667,5293.66,0.416667,-0.919423,0.479167,3.4094,3.22266,2.48998,3.05909,17.9429,13.9555,0.823741,14.8305,4.94663,0.888744,2.50457,1129.41,0.344029,0.320656,7.112,21.3697,11.5238,9.57281,4.72739,5.63843,127048,0.953258,3.53487,3.34125,2.58161,3.17167,1.55027,1.20576,0.854055,1.28136,237.438,42.6597,120.219,27105.8,0.35669,0.332456,0.838424,0.543944,0.899512,1,1,64.6,58.3,52.1
"2024-04-07",1,10.7958,8.46294,63.6451,5.10863,154.743,77.3992,331.073,7.19887,0.0416667,72.6244,0.0833333,5876.2,0.0833333,0.169818,0.416667,2.46918,2.65105,2.639,3.31326,15.2318,12.8579,0.897081,17.5407,6.05131,0.87806,3.2788,1040.17,0.266254,0.301789,0,13.3698,6.68729,6.25923,0.621983,6.27475,141029,-0.176067,2.56005,2.74861,2.73611,3.43519,1.31602,1.11093,0.930094,1.51551,290.463,42.1469,157.382,24964,0.276053,0.312894,0.0991248,0.909815,1.03132,0,1,95.8,91.7,58.3
"2024-04-08",1,9.74473,8.52612,64.487,5.56763,238.423,110.012,487.895,46.4087,0.0208333,66.7948,0.0208333,5416.27,0.0208333,-1.43106,0.25,4.08421,4.17929,2.65316,3.40802,14.8954,12.1452,0.847838,19.1456,6.77978,0.85049,4.07955,983.668,0.207946,0.205892,0,20.5998,9.50506,9.22411,4.00971,5.77107,129990,1.48372,4.23451,4.33309,2.75079,3.53343,1.28697,1.04934,0.879038,1.65418,325.429,40.8235,195.819,23608,0.215598,0.213468,0.694795,0.590042,1.02901,1,1,97.9,97.9,75
"2024-04-09",1,10.1723,8.36954,57.0604,7.36086,284.607,152.162,590.879,70.8299,0.104167,76.4136,0.0833333,6206.26,0.0833333,-1.92281,0.458333,4.53764,5.05674,2.61483,3.38233,17.0879,13.0682,1.0086,12.9921,7.36322,0.987203,4.17917,1060.41,0.238058,0.298217,0,24.5901,13.1468,11.1711,6.1197,6.60213,148950,1.99357,4.70463,5.24283,2.71106,3.5068,1.4764,1.12909,1.04572,1.12252,353.434,47.3857,200.6,25449.8,0.246818,0.309191,0.926928,0.518961,0.967677,1,1,89.6,91.7,54.2
"2024-04-10",1,13.4769,8.80637,47.9816,10.3315,238.924,119.532,523.541,21.7289,0.125,93.4856,0.125,7612.16,0.125,-2.27887,0.3125,5.06471,5.00898,2.78584,3.66623,14.0972,14.0539,0.950947,13.6628,7.27845,1.19472,4.04935,1143.69,0.180257,0.251454,0,20.643,10.3275,9.89801,1.87737,8.07716,182692,2.36273,5.25109,5.19331,2.88836,3.80115,1.218,1.21426,0.985942,1.18047,349.366,57.3466,194.369,27448.6,0.18689,0.260707,0.23243,0.811405,0.963882,1,1,87.5,87.5,68.8
"2024-04-11",1,9.75445,8.89667,43.7161,7.81655,295.67,143.956,598.883,56.6103,0.3125,81.0811,0.3125,6566.44,0.3125,-2.16174,0.4375,5.11475,6.17357,2.95301,3.90409,12.6616,8.14045,0.488761,13.6514,6.8713,1.22368,4.00961,658.021,0.198802,0.164982,0,25.5459,12.4378,11.3224,4.89113,7.00541,157595,2.24129,5.30297,6.40076,3.06168,4.04776,1.09397,0.703335,0.506748,1.17948,329.822,58.7364,192.462,15792.5,0.206118,0.171053,0.698193,0.588861,0.956482,1,1,68.8,68.8,56.2
"2024-04-12",1,10.8215,8.88901,42.0344,9.37286,293.136,146.75,605.253,48.9402,0.104167,85.5737,0.0833333,6949,0.0833333,-2.69772,0.333333,5.85014,6.64974,3.15243,4.12633,15.7456,17.5872,1.16699,13.1609,6.88747,1.55957,4.12772,1426.32,0.370559,0.307751,0,25.3269,12.6792,11.4429,4.22843,7.39357,166776,2.79699,6.06543,6.89446,3.26844,4.27818,1.36042,1.51953,1.20993,1.1371,330.599,74.8595,198.131,34231.6,0.384196,0.319076,0.571907,0.63617,0.916617,1,1,89.6,91.7,66.7
"2024-04-13",1,18.7707,10.0979,41.6517,15.5501,261.727,142.97,541.124,28.3796,0.145833,102.922,0.125,8425.5,0.125,-2.79417,0.645833,6.55014,6.48981,3.75597,4.70627,13.2683,16.1727,0.995613,13.0028,7.34237,1.20526,4.16399,1321.49,0.409602,0.454693,0,22.6132,12.3527,10.2304,2.452,8.89246,202212,2.897,6.79119,6.72863,3.89419,4.87946,1.14638,1.39732,1.03225,1.12344,352.434,57.8527,199.871,31715.8,0.424676,0.471426,0.275739,0.783859,0.918382,1,1,85.4,87.5,47.9
"2024-04-14",1,20.1279,11.3586,41.6221,17.8108,286.506,157.119,589.798,7.59199,0.208333,100.707,0.208333,8263.14,0.208333,-1.78222,0.479167,6.2154,6.42963,4.43318,5.13259,14.4372,15.1222,0.86748,12.7429,7.67492,1.33002,4.26823,1237.75,0.565623,0.558735,0,24.7542,13.575,11.1507,0.655948,8.70112,198315,1.84781,6.44413,6.66624,4.59632,5.32147,1.24738,1.30656,0.899403,1.10099,368.396,63.841,204.875,29706,0.586438,0.579296,0.0753866,0.929898,0.689284,1,1,79.2,79.2,52.1
"2024-04-15",1,20.8728,11.8826,43.4915,15.404,277.802,159.525,579.243,12.7554,0.1875,128.266,0.25,10500.6,0.25,-1.41831,0.416667,6.15473,6.71583,4.73642,5.08257,11.4001,13.2119,0.763808,13.1943,7.78511,1.19432,4.22843,1078.64,0.512923,0.433871,5.08,24.0021,13.783,10.9511,1.10206,11.0822,252014,1.4705,6.38123,6.96298,4.91072,5.26961,0.984971,1.14151,0.791916,1.13999,373.685,57.3271,202.965,25887.3,0.531798,0.449838,0.0994444,0.90955,0.884011,1,1,81.2,75,58.3
"2024-04-16",1,17.1331,13.9146,74.6915,5.38804,167.538,99.4383,356.273,-21.6834,0.229167,104.61,0.375,8511.17,0.375,1.70157,0.354167,3.97444,5.55292,5.67601,5.88484,13.431,21.6452,1.01489,20.4451,7.77893,1.82459,3.8049,1760.91,0.323316,0.286611,10.414,14.4753,8.59147,6.73567,-1.87344,9.03829,204268,-1.76419,4.1207,5.75727,5.88489,6.1014,1.16044,1.87015,1.05224,1.76646,373.389,87.5802,182.635,42261.9,0.335214,0.297158,-0.207278,1.26148,0.833948,0,1,79.2,62.5,64.6
"2024-04-17",1,14.3128,12.9815,58.9049,7.49451,272.46,159.128,571.015,33.5072,0.0625,118.827,0.104167,9649.11,0.104167,-3.95741,0.125,9.23561,8.57188,5.27819,5.96889,13.0511,17.2095,0.919332,15.1509,7.68421,1.71626,4.07306,1397.02,0.331449,0.331448,0.254,23.5406,13.7486,10.7956,2.89502,10.2667,231579,4.10305,9.57548,8.88733,5.47243,6.18855,1.12761,1.4869,0.953163,1.30904,368.842,82.3803,195.507,33528.6,0.343646,0.343645,0.281983,0.780041,0.957308,1,1,93.8,89.6,87.5
"2024-04-18",1,8.00712,11.5495,65.5643,4.12781,214.179,123.641,458.779,30.7233,0.1875,101.795,0.354167,8217.8,0.354167,-2.94952,0.395833,7.48021,6.81573,4.53069,5.08126,10.8576,23.293,0.918055,16.982,7.66703,1.51381,3.8464,1880.34,0.375166,0.333035,1.27,18.5051,10.6826,8.67363,2.6545,8.79509,197227,3.05807,7.75548,7.06655,4.69742,5.26825,0.9381,2.01252,0.951839,1.46725,368.017,72.6628,184.627,45128.2,0.388972,0.345291,0.301816,0.768158,1.07179,1,1,81.2,64.6,60.4
"2024-04-19",1,6.3358,9.44721,51.2479,5.88849,242.357,129.016,500.604,47.3762,0.0833333,82.4982,0.0833333,6665.46,0.0833333,-4.33154,0.4375,7.94392,6.65854,3.61238,2.97298,8.73673,16.2794,0.921461,13.1266,7.57896,1.47335,4.22133,1314.58,0.424819,0.371543,0,20.9396,11.1469,9.46437,4.0933,7.12785,159971,4.49094,8.23626,6.90358,3.74532,3.08238,0.754854,1.40654,0.955371,1.13414,363.79,70.7209,202.624,31549.8,0.440452,0.385216,0.574269,0.635216,1.00666,1,1,91.7,91.7,60.4
"2024-04-20",1,4.07539,8.8294,52.8764,4.49362,274.881,140.642,565.564,73.0251,0.0416667,67.1423,0.0416667,5408.02,0.0416667,-3.62047,0.458333,6.92312,6.60384,3.30265,2.37725,10.905,17.4024,0.884214,15.5971,7.45612,1.30527,4.13957,1401.97,0.479709,0.558354,0,23.7497,12.1514,10.6925,6.30937,5.80109,129792,3.7537,7.17789,6.84686,3.42419,2.46473,0.942189,1.50356,0.916753,1.34759,357.894,62.653,198.699,33647.2,0.497362,0.578902,1.08762,0.479015,0.996626,1,0,95.8,95.8,60.4
"2024-04-21",1,7.50324,8.66156,43.7707,7.77917,315.923,160.557,643.879,73.8592,0.125,82.7766,0.125,6704.59,0.125,-3.21278,0.5,6.39283,7.17113,3.18004,3.16311,9.41058,15.3297,1.15298,13.5928,7.00943,1.35811,3.76468,1239.24,0.526359,0.602364,0,27.2958,13.8721,12.1731,6.38143,7.15189,160910,3.33101,6.62809,7.43503,3.29707,3.27951,0.813074,1.32448,1.19541,1.17442,336.453,65.1894,180.705,29741.8,0.545729,0.624531,0.892272,0.528465,0.975578,1,1,87.5,87.5,52.1
"2024-04-22",1,14.9862,9.56778,45.0636,11.3574,215.323,120.938,450.42,16.992,0.3125,93.8384,0.3125,7650.51,0.3125,-2.60399,0.5,5.97577,5.95918,3.37177,3.73912,11.9276,15.3918,0.741743,12.9635,6.85218,1.34131,3.18459,1253.02,0.358949,0.297643,0,18.6039,10.449,8.5156,1.46811,8.10764,183612,2.69982,6.19567,6.17848,3.49585,3.87672,1.03054,1.32985,0.769039,1.12004,328.905,64.3828,152.86,30072.4,0.372158,0.308596,0.181078,0.846684,0.916426,1,1,75,75,56.2
"2024-04-23",1,14.0657,10.8839,42.0812,10.5426,303.066,170.221,624.195,61.5977,0.354167,105.593,0.375,8586.62,0.375,-2.93871,0.583333,6.67487,7.87597,3.73616,4.2023,15.4492,24.3377,1.45153,14.7803,6.04802,1.38825,2.75134,1978.35,0.391492,0.37178,0,26.1849,14.7071,11.801,5.32204,9.12328,206079,3.04686,6.92051,8.16581,3.87365,4.35695,1.33481,2.10278,1.50494,1.27702,290.305,66.6361,132.064,47480.4,0.405899,0.385462,0.583347,0.631573,0.9822,1,1,64.6,62.5,41.7
"2024-04-24",1,13.45,10.7435,44.6739,10.2993,263.709,144.94,560.304,41.3873,0.145833,85.6707,0.145833,6965.99,0.145833,-4.24211,0.395833,8.16753,8.63347,3.92542,4.7347,13.4152,18.4645,1.14523,14.754,6.20956,1.3736,2.99014,1499.76,0.290795,0.285416,0,22.7845,12.5228,10.5931,3.57586,7.40195,167184,4.39822,8.4681,8.95118,4.06988,4.90894,1.15907,1.59534,1.18737,1.27474,298.059,65.933,143.527,35994.2,0.301496,0.29592,0.483097,0.674265,0.876626,1,1,87.5,87.5,62.5
"2024-04-25",1,13.5401,11.3437,71.3815,-9999,117.915,79.3403,259.725,5.68242,0.0625,65.2232,0.166667,5282.91,0.166667,-1.42914,0.166667,5.83311,6.22934,4.40396,6.08331,9.50074,14.9222,0.827872,12.4025,6.03191,1.06788,2.77537,1208.37,0.247641,0.205293,5.842,10.1879,6.85501,4.91033,0.490961,5.63529,126790,1.48174,6.04777,6.45857,4.56603,6.30718,0.820864,1.28928,0.858337,1.07157,289.531,51.2584,133.218,29000.8,0.256754,0.212847,0.0871226,0.919859,0.89369,1,1,93.8,83.3,83.3
"2024-04-26",1,15.1722,11.9603,88.5182,-9999,79.7616,41.9567,169.312,-27.7371,0.458333,56.4983,0.625,4591.42,0.625,2.69176,0.583333,2.2876,5.00005,4.97936,6.87151,13.1736,17.7647,1.24538,14.3218,5.72689,0.924442,2.78502,1442.04,0.270936,0.187102,21.336,6.8914,3.62506,3.20099,-2.39648,4.88146,110194,-2.79082,2.37178,5.18405,5.1626,7.12438,1.1382,1.53487,1.29121,1.23741,274.891,44.3732,133.681,34609,0.280906,0.193987,-0.490937,1.96439,0.685499,0,1,58.3,43.8,47.9
"2024-04-27",1,13.8969,12.668,82.1185,3.07946,170.61,94.2365,376.293,9.8582,0.0833333,66.6359,0.166667,5407.17,0.166667,-1.06274,0.208333,6.60013,7.53749,5.53739,7.30833,9.32728,15.4113,0.879211,15.0952,5.25855,1.05836,2.86127,1249.37,0.219827,0.182123,4.572,14.7407,8.14204,7.11416,0.851749,5.75734,129772,1.10185,6.84301,7.81487,5.74116,7.57728,0.805877,1.33154,0.911566,1.30423,252.41,50.8013,137.341,29984.9,0.227916,0.188825,0.147941,0.871125,0.811725,1,1,91.7,83.3,79.2
"2024-04-28",1,14.1196,13.0245,89.8715,1.73681,121.102,65.0973,258.371,-5.25101,0.125,70.3441,0.291667,5712.13,0.291667,-0.0466153,0.395833,5.82703,6.16631,5.78042,7.23441,9.66185,16.5731,1.15691,15.2763,4.53681,0.942707,2.98121,1344.14,0.30571,0.362178,12.192,10.4632,5.62441,4.88475,-0.453687,6.07773,137091,0.0483308,6.04147,6.39323,5.99314,7.50064,0.834784,1.43192,1.19949,1.31987,217.767,45.2499,143.098,32259.3,0.31696,0.375507,-0.0746475,1.08067,0.999936,1,1,87.5,70.8,60.4
"2024-04-29",1,12.9179,12.8395,68.0651,5.93988,313.974,174.756,669.635,40.7505,0.0833333,134.663,0.125,10938.1,0.125,-5.87321,0.291667,11.6335,11.5851,5.76032,6.05527,13.3997,21.3547,1.11569,13.5494,4.0229,1.02879,2.89316,1736.25,0.338223,0.514292,0,27.1274,15.099,12.6601,3.52085,11.6349,262514,6.08935,12.0616,12.0114,5.9723,6.2781,1.15773,1.84504,1.15675,1.17067,193.099,49.3821,138.872,41670.1,0.35067,0.533218,0.302612,0.767688,1.00376,1,1,91.7,87.5,70.8
"2024-04-30",1,17.7319,13.071,64.9756,9.30726,222.173,128.679,480.603,-11.4326,0.5625,142.376,0.354167,11645.2,0.354167,-3.2232,0.520833,9.11864,9.26077,5.89543,5.84037,16.2481,25.9191,1.38372,18.0947,4.20271,0.982204,2.8537,2117.19,0.274875,0.475245,0,19.1958,11.1179,9.08624,-0.987779,12.3013,279485,3.34182,9.45421,9.60157,6.11239,6.05529,1.40384,2.23941,1.43464,1.56338,201.73,47.1458,136.977,50812.5,0.28499,0.492734,-0.0802987,1.08731,1.0176,1,1,56.2,68.8,52.1
"2024-05-01",1,13.0649,12.2474,68.8412,5.3396,124.918,69.0038,277.823,-17.4104,0.166667,73.2498,0.25,5942.38,0.25,-1.63728,0.395833,7.09231,7.32282,5.45503,6.34865,11.9757,18.9059,1.2771,14.7825,4.19841,0.821169,2.965,1533.07,0.270769,0.295237,0.508,10.7929,5.96193,5.2525,-1.50426,6.32878,142617,1.69754,7.35331,7.5923,5.65577,6.58228,1.0347,1.63347,1.3241,1.27721,201.524,39.4161,142.32,36793.7,0.280734,0.306102,-0.237686,1.31179,0.809222,1,1,83.3,75,60.4
"2024-05-02",1,12.2021,12.112,82.4766,-9999,154.697,91.2995,313.096,13.96,0.375,65.7673,0.395833,5329.89,0.395833,-2.56749,0.520833,7.9585,8.68787,5.391,6.4984,13.363,21.3034,1.72672,12.2849,4.24101,0.743257,3.07189,1727.53,0.331128,0.414349,15.748,13.3658,7.88828,5.91937,1.20615,5.68229,127917,2.66198,8.25137,9.00758,5.58939,6.73754,1.15456,1.84061,1.79026,1.06142,203.569,35.6764,147.45,41460.8,0.343314,0.429597,0.212264,0.824903,0.87325,1,1,62.5,60.4,47.9
"2024-05-03",1,14.3504,11.8871,68.312,7.09575,247.65,156.182,490.188,-3.63986,0.291667,141.558,0.375,11523.1,0.375,-6.76116,0.416667,12.0642,11.2374,5.30304,5.76216,18.1168,29.6353,1.32836,21.611,4.31555,0.86134,3.24904,2413.18,0.315199,0.355554,11.176,21.3969,13.4941,9.26746,-0.314484,12.2306,276554,7.00997,12.5082,11.651,5.4982,5.97421,1.56529,2.56049,1.37724,1.86719,207.146,41.3443,155.954,57916.3,0.326799,0.368639,-0.0257129,1.02639,0.883058,1,1,70.8,62.5,60.4
"2024-05-04",1,11.5256,12.6485,73.6434,-9999,249.385,156.664,514.301,40.553,0.208333,110.684,0.25,8961.95,0.25,-5.20137,0.375,10.8627,10.7342,5.66132,5.58361,11.8091,16.1268,1.25142,13.6747,4.45594,0.717052,3.37612,1306.36,0.38163,0.508207,12.192,21.5468,13.5358,9.72333,3.50378,9.56307,215087,5.39278,11.2624,11.1293,5.86966,5.78909,1.0203,1.39336,1.29748,1.18149,213.885,34.4185,162.054,31352.7,0.395674,0.526909,0.366387,0.731857,0.965356,1,1,79.2,75,62.5
"2024-05-05",1,12.2755,11.7711,70.1893,5.56872,265.355,151.031,563.298,8.87557,0.25,124.067,0.291667,10075.2,0.291667,-6.54612,0.3125,11.8033,11.2664,5.25719,4.75403,13.549,24.6683,1.41053,11.9638,4.93925,0.842476,3.94007,2003.14,0.368048,0.484837,0,22.9266,13.0491,10.6497,0.766849,10.7194,241805,6.78702,12.2377,11.681,5.45066,4.92898,1.17063,2.13134,1.46243,1.03368,237.084,40.4389,189.123,48075.4,0.381592,0.502679,0.0715385,0.933238,0.880233,1,1,75,70.8,68.8
"2024-05-06",1,15.3064,12.752,87.7515,-9999,86.5729,56.5321,201.422,-13.406,0.125,75.3336,0.229167,6123.42,0.229167,-1.07027,0.291667,6.83243,5.13741,5.76217,5.31072,11.2115,31.5285,2.45144,8.03427,4.75658,0.818823,3.40556,2564.26,0.15219,0.164827,17.78,7.4799,4.88437,3.80807,-1.15828,6.50883,146962,1.10966,7.08387,5.32646,5.97422,5.50616,0.968678,2.72406,2.54166,0.694161,228.316,39.3035,163.467,61542.3,0.157791,0.170892,-0.177955,1.21648,1.09544,1,1,87.5,77.1,70.8
"2024-05-07",1,17.0949,13.3819,53.8382,10.7536,303.479,171.542,629.337,-12.6269,0.166667,196.079,0.208333,15985,0.208333,-4.77524,0.291667,10.9299,11.8451,6.15469,6.18635,14.0535,28.3952,1.20761,17.3378,4.56447,0.925257,3.70985,2314.02,0.145948,0.156931,0,26.2206,14.8212,11.8982,-1.09096,16.9412,383641,4.95097,11.3322,12.281,6.38118,6.41401,1.21422,2.45335,1.25205,1.49798,219.094,44.4123,178.073,55536.6,0.151319,0.162706,-0.0643969,1.06883,1.06943,1,1,83.3,83.3,70.8
"2024-05-08",1,18.6028,14.2177,45.924,13.0754,278.585,160.211,578.114,-34.1315,0.125,190.567,0.208333,15560.3,0.208333,-4.25479,0.1875,11.0697,10.8267,6.81495,6.78163,14.4975,34.3936,1.01212,16.0607,4.53167,1.03719,3.60142,2808.46,0.302813,0.257985,1.016,24.0698,13.8423,10.9298,-2.94896,16.465,373448,4.41137,11.4771,11.2251,7.06574,7.03119,1.25259,2.97161,1.04936,1.38765,217.52,49.7851,172.868,67403.1,0.313956,0.267479,-0.179105,1.21818,0.976433,1,1,87.5,81.2,81.2
"2024-05-09",1,14.9021,13.9258,64.1497,7.23773,301.63,169.009,627.822,28.2262,0.0833333,132.035,0.0833333,10749,0.0833333,-5.72864,0.333333,12.5691,11.8287,6.84049,5.93821,13.2428,21.0582,1.41546,15.1261,4.65655,1.07921,3.80348,1713.11,0.338377,0.328594,0,26.0608,14.6024,11.8695,2.43874,11.4078,257976,5.93945,13.0317,12.264,7.09222,6.15674,1.14418,1.81943,1.46755,1.3069,223.515,51.8019,182.567,41114.6,0.350829,0.340686,0.213778,0.823874,0.948237,1,1,91.7,91.7,66.7
"2024-05-10",1,17.0166,13.6781,53.5263,11.6233,294.156,162.484,601.541,-1.59425,0.166667,159.336,0.125,13020,0.125,-5.37704,0.458333,12.2794,11.3282,6.90237,6.01972,14.6648,26.6564,1.8445,18.1359,4.67779,1.2463,3.96751,2176.71,0.245527,0.273012,0,25.4151,14.0387,11.3727,-0.137743,13.7666,312479,5.57492,12.7313,11.7451,7.15637,6.24125,1.26704,2.30311,1.91238,1.56694,224.534,59.8223,190.44,52241.2,0.254562,0.283059,-0.0100056,1.01011,0.970811,1,1,83.3,87.5,54.2
"2024-05-11",1,19.054,13.7088,45.1101,15.6913,317.173,183.804,660.095,1.15889,0.25,178.559,0.270833,14622.3,0.270833,-4.93098,0.541667,12.0736,12.2891,7.14264,7.05012,14.5048,22.4348,1.72238,13.2773,4.66607,1.40192,3.97403,1835.2,0.272322,0.286445,0,27.4037,15.8807,12.4797,0.100128,15.4275,350936,5.11244,12.5179,12.7413,7.40549,7.30957,1.25322,1.93836,1.78577,1.14716,223.971,67.2921,190.754,44044.9,0.282343,0.296987,0.00649023,0.993552,0.977771,1,1,75,72.9,45.8
"2024-05-12",1,19.6734,14.5659,62.0968,-9999,194.155,122.982,422.005,-20.2211,0.229167,123.647,0.3125,10117.4,0.3125,-2.4537,0.604167,10.3243,9.8231,7.87061,8.94954,15.0379,29.2597,2.19619,16.5902,4.40425,1.2926,3.85124,2388.88,0.542634,0.598147,5.842,16.775,10.6256,7.97839,-1.7471,10.6831,242817,2.544,10.7043,10.1846,8.16025,9.27888,1.29928,2.52804,2.27701,1.43339,211.404,62.0447,184.86,57333,0.562603,0.620159,-0.163539,1.19551,0.840986,1,1,77.1,68.8,39.6
"2024-05-13",1,15.9177,14.9885,82.5244,3.71,148.151,76.7476,314.515,0.243142,0.3125,61.033,0.3125,4966.79,0.3125,0.202886,0.520833,8.05667,9.97014,8.25956,10.9151,12.4104,21.7953,1.84713,14.5382,4.46651,1.0297,3.98669,1772.34,0.508419,0.588412,0.508,12.8003,6.63099,5.94619,0.0210075,5.27326,119203,-0.210352,8.35316,10.337,8.56351,11.3167,1.07225,1.88311,1.9151,1.2561,214.393,49.4256,191.361,42536.1,0.527129,0.610065,0.00398378,0.996032,0.798412,0,1,68.8,68.8,47.9
"2024-05-14",1,17.2614,14.985,56.5384,11.0045,329.123,180.119,673.103,14.7765,0.145833,128.629,0.125,10502.9,0.125,-3.67117,0.333333,11.9123,14.2509,8.24109,11.1563,13.8942,27.8386,1.39518,13.4332,4.30622,1.22002,3.90669,2272.78,0.490991,0.363148,0,28.4362,15.5622,12.7256,1.27669,11.1135,252070,3.80627,12.3506,14.7754,8.54436,11.5668,1.20046,2.40525,1.44652,1.16063,206.698,58.5612,187.521,54546.8,0.509059,0.376512,0.114878,0.896959,0.79617,1,1,85.4,87.5,66.7
"2024-05-15",1,18.1959,15.4248,79.239,5.05994,180.396,100.819,392.859,1.20054,0.125,86.1078,0.1875,7026.21,0.1875,-1.57394,0.291667,10.0056,9.74338,8.43163,9.65849,11.4403,17.2513,1.30396,16.3257,4.5328,1.08249,4.08406,1405.91,0.407905,0.318546,9.652,15.5862,8.71079,7.42735,0.103726,7.43971,168629,1.63186,10.3738,10.1019,8.74191,10.0139,0.988438,1.49051,1.35194,1.41054,217.574,51.9597,196.035,33741.8,0.422915,0.330268,0.0139422,0.986249,0.865988,1,1,87.5,81.2,70.8
"2024-05-16",1,18.7233,16.3918,61.6286,10.7002,333.182,187.36,696.654,18.707,0.0416667,163.558,0.125,13367.1,0.125,-2.5586,0.333333,11.6174,11.8159,9.05878,9.10421,13.9066,20.5881,1.3198,13.8512,4.26246,1.33217,3.88416,1681.32,0.358147,0.322513,0,28.787,16.1879,13.1709,1.61628,14.1314,320811,2.65276,12.0449,12.2507,9.39214,9.43925,1.20153,1.77882,1.36837,1.19675,204.598,63.9439,186.44,40351.7,0.371327,0.334381,0.114375,0.897364,0.972808,1,1,95.8,87.5,66.7
"2024-05-17",1,21.8177,16.4661,53.5032,15.2047,333.503,190.687,698.873,-20.7917,0.0833333,203.661,0.0833333,16710.5,0.0833333,-2.34747,0.229167,11.305,11.5135,8.95757,9.04739,13.0146,19.7144,1.23098,13.2091,4.32769,1.24957,3.98158,1614.98,0.389107,0.406261,0,28.8146,16.4753,13.2128,-1.7964,17.5963,401053,2.43385,11.7211,11.9372,9.28721,9.38034,1.12446,1.70333,1.27628,1.14126,207.729,59.9794,191.116,38759.4,0.403426,0.421212,-0.10209,1.1137,0.959002,1,1,91.7,91.7,77.1
"2024-05-18",1,22.3119,17.4475,49.7783,14.7758,330.962,190.305,698.448,-1.32586,0.0416667,173.724,0.0416667,14226.1,0.0416667,-2.64146,0.0208333,11.959,11.5901,9.31749,9.74447,16.794,24.8113,1.00688,13.6211,4.25517,1.22812,3.91036,2031.71,0.284465,0.241593,0,28.5951,16.4423,13.2048,-0.114554,15.0098,341426,2.73867,12.399,12.0166,9.66037,10.1031,1.451,2.1437,1.04394,1.17686,204.248,58.95,187.697,48761,0.294933,0.250484,-0.00763199,1.00769,0.905906,1,1,95.8,95.8,97.9
"2024-05-19",1,16.088,15.5185,70.2989,5.58552,83.6714,40.4884,187.14,-29.8161,0.354167,59.4545,0.4375,4830.89,0.4375,4.13659,0.604167,3.56031,5.43236,7.6969,9.34975,10.7746,16.5936,1.41901,11.509,4.41956,0.98241,3.56052,1347.62,0.398895,0.362185,6.604,7.22921,3.4982,3.53805,-2.57611,5.13687,115941,-4.28881,3.69133,5.63227,7.98014,9.69382,0.930925,1.43368,1.47123,0.994382,212.139,47.1557,170.905,32342.9,0.413574,0.375514,-0.501494,2.006,0.732023,0,1,64.6,56.2,39.6
"2024-05-20",1,21.6295,17.1122,73.1622,-9999,295.069,195.046,676.254,14.7873,0.291667,144.17,0.375,11814.2,0.375,-0.931583,0.416667,9.44066,11.0765,8.50908,9.95697,18.9408,30.9379,1.31427,14.4056,4.27561,0.89868,3.72157,2537.18,0.386681,0.330206,27.178,25.4939,16.852,12.7852,1.27762,12.4563,283541,0.965865,9.78808,11.4841,8.82221,10.3234,1.63648,2.67303,1.36263,1.24465,205.229,43.1366,178.635,60892.3,0.400911,0.342357,0.102568,0.906973,0.814975,1,1,70.8,62.5,58.3
"2024-05-21",1,16.7723,16.7769,87.8101,-9999,133.604,80.5923,268.137,-19.0105,0.395833,86.3054,0.395833,7012.55,0.395833,1.97692,0.458333,6.11916,6.72523,8.09608,9.15135,9.73146,18.2702,1.19191,18.3474,4.36992,1.01834,3.88224,1483.66,0.358114,0.259403,37.338,11.5434,6.96318,5.06937,-1.64251,7.45678,168301,-2.04967,6.34435,6.97272,8.39402,9.48812,0.840798,1.57855,1.23577,1.58522,209.756,48.8803,186.348,35607.9,0.371292,0.268949,-0.22027,1.2825,0.835003,0,1,60.4,60.4,54.2
"2024-05-22",1,17.2134,16.7935,63.4688,8.4485,299.21,170.226,583.915,19.9476,0.229167,145.006,0.25,11819,0.25,-3.36666,0.375,11.3801,10.9792,8.0134,8.89187,13.1472,19.8138,1.07089,16.5062,4.20887,1.00911,3.84493,1614.65,0.438016,0.439314,0,25.8518,14.7075,11.0394,1.72347,12.5285,283655,3.49055,11.7988,11.3832,8.3083,9.21909,1.13592,1.71191,1.1103,1.42614,202.026,48.4372,184.557,38751.5,0.454135,0.45548,0.137564,0.879072,0.969029,1,1,77.1,75,62.5
"2024-05-23",1,20.7358,16.9997,58.2038,12.2488,324.852,194.377,685.503,-23.1691,0.125,203.737,0.1875,16671.3,0.1875,-2.44983,0.270833,10.4698,11.5921,8.02001,9.12174,14.3153,21.9356,1.01335,14.2907,4.12261,0.867378,3.87119,1794.92,0.399996,0.386232,0,28.0672,16.7942,12.9601,-2.00181,17.6029,400111,2.53998,10.8551,12.0186,8.31515,9.45742,1.23685,1.89524,1.05064,1.23472,197.885,41.6341,185.817,43078.2,0.414715,0.400446,-0.11372,1.12831,0.928957,1,1,87.5,81.2,72.9
"2024-05-24",1,16.8772,17.498,67.6957,-9999,344.352,206.613,734.631,33.824,0.291667,174.415,0.3125,14193.5,0.3125,-2.77997,0.375,10.9831,11.8857,8.20315,9.31157,12.662,21.6386,1.09333,13.9558,4.01937,0.955267,3.83141,1759.22,0.453958,0.50633,17.526,29.752,17.8513,13.8889,2.92239,15.0695,340644,2.88227,11.3873,12.3231,8.50502,9.65424,1.09399,1.86957,1.13357,1.20578,192.93,45.8528,183.908,42221.3,0.470664,0.524963,0.193928,0.837571,1.00787,1,1,70.8,68.8,62.5
"2024-05-25",1,19.448,16.6365,54.3649,-9999,303.352,179.135,636.899,-31.0723,0.1875,205.317,0.25,16790.7,0.25,-2.82098,0.333333,10.4892,10.9294,7.66817,8.43287,16.2193,28.0282,1.08091,14.0439,3.88124,0.757283,3.86173,2292.93,0.42912,0.463633,0,26.2096,15.4772,12.0412,-2.68465,17.7394,402976,2.92479,10.8752,11.3316,7.95036,8.7432,1.40135,2.42164,1.12069,1.21339,186.3,36.3496,185.363,55030.3,0.444912,0.480695,-0.151338,1.17833,0.972703,1,1,81.2,75,66.7
"2024-05-26",1,21.0942,18.1314,61.0131,-9999,310.381,184.812,686.034,2.70598,0.145833,157.999,0.125,12925.2,0.125,-2.27212,0.229167,10.8489,10.913,8.57681,8.86511,15.2701,23.3302,0.859376,15.1648,3.88618,1.0497,3.76777,1907.49,0.317239,0.283113,0,26.8169,15.9677,12.9701,0.233796,13.6511,310204,2.35573,11.2482,11.3146,8.89244,9.19135,1.31933,2.01573,0.891001,1.31024,186.537,50.3856,180.853,45779.9,0.328913,0.293531,0.0171265,0.983162,0.869561,1,1,85.4,87.5,77.1
"2024-05-27",1,20.1103,17.924,50.4828,13.7379,332.596,191.349,718.573,-2.67924,0.0625,191.455,0.0416667,15665,0.0416667,-2.57995,0.25,10.9982,10.7718,8.41823,8.29081,13.4383,19.5923,0.923104,14.2819,3.85629,0.88167,3.72328,1600.89,0.319499,0.291926,0,28.7363,16.5326,13.5853,-0.231486,16.5418,375961,2.67489,11.4029,11.1682,8.72802,8.59591,1.16107,1.69278,0.957074,1.23396,185.102,42.3202,178.717,38421.4,0.331257,0.302668,-0.013994,1.01419,0.986553,1,1,93.8,95.8,75
"2024-05-28",1,20.048,17.4224,49.7948,14.2409,327.429,189.789,714.616,4.19017,0.166667,173.911,0.145833,14238.1,0.145833,-2.79502,0.4375,10.919,11.0366,8.12401,8.54938,14.4431,24.3169,1.25099,15.1496,3.90366,0.982272,3.67961,1989.74,0.272449,0.316457,0,28.2899,16.3978,13.5105,0.362031,15.0259,341713,2.89788,11.3209,11.4427,8.42297,8.864,1.24788,2.10098,1.29703,1.30893,187.376,47.1491,176.621,47753.8,0.282475,0.328103,0.0240938,0.976473,0.938414,1,1,83.3,85.4,56.2
"2024-05-29",1,20.1032,17.5997,51.7806,13.067,335.959,193.542,723.213,7.83519,0.0833333,171.142,0.0833333,13997.5,0.0833333,-2.70757,0.208333,11.2453,12.1174,8.53775,9.95669,13.9412,22.5006,0.86274,13.2686,3.88044,1.04708,3.60982,1840.32,0.259053,0.226194,0,29.0269,16.7221,13.673,0.67696,14.7867,335940,2.80721,11.6592,12.5633,8.85194,10.3231,1.20452,1.94406,0.894489,1.14641,186.261,50.2599,173.272,44167.8,0.268586,0.234518,0.0457817,0.956223,0.924746,1,1,91.7,91.7,79.2
"2024-05-30",1,19.0495,17.6203,74.1981,-9999,129.348,62.1254,284.477,-25.0038,0.1875,77.0923,0.229167,6286.51,0.229167,1.15636,0.208333,7.74721,8.76404,8.90357,11.3941,11.2719,16.2868,1.1375,11.8338,4.07146,1.11838,3.79228,1327.3,0.29644,0.2545,27.686,11.1757,5.36763,5.3783,-2.16033,6.66078,150876,-1.19892,8.03231,9.08655,9.23122,11.8134,0.97389,1.40718,1.17936,1.02244,195.43,53.6823,182.029,31855.1,0.307349,0.263866,-0.324336,1.48002,0.838442,0,1,81.2,77.1,79.2
"2024-05-31",1,18.2069,17.6431,89.6526,2.49617,109.456,66.7962,259.939,-6.34494,0.208333,65.9157,0.229167,5372.1,0.229167,2.80397,0.479167,6.51531,8.75403,9.31928,12.9165,9.10681,16.5488,1.65019,10.6215,3.90317,0.944897,3.80676,1347.77,0.359705,0.386758,5.08,9.45697,5.77119,4.91437,-0.548203,5.69512,128930,-2.90715,6.75508,9.07618,9.66223,13.3919,0.786828,1.42982,1.71092,0.917695,187.352,45.3551,182.725,32346.4,0.372942,0.400991,-0.0962584,1.10651,0.891829,0,1,79.2,77.1,52.1
"2024-06-01",1,19.8444,18.7691,78.2027,-9999,290.631,185.948,625.584,28.5236,0.395833,118.447,0.395833,9671.76,0.395833,-0.460411,0.5,11.0552,13.5593,10.5948,13.586,11.535,22.4765,1.23392,15.403,3.5994,1.08154,4.1007,1835.01,0.708413,0.601425,0,25.1105,16.0659,11.8272,2.46444,10.2338,232122,0.477354,11.462,14.0582,10.9846,14.0859,0.996626,1.94197,1.27932,1.33082,172.771,51.9141,196.833,44040.2,0.734483,0.623557,0.240812,0.805924,0.790386,1,1,60.4,60.4,50
"2024-06-02",1,21.8243,19.0867,79.8917,-9999,197.536,120.764,431.113,-14.4454,0.145833,114.987,0.25,9406.28,0.25,1.03853,0.3125,10.1707,10.0472,11.2092,11.6646,10.3648,16.783,1.15425,16.5118,3.67375,0.957333,4.0421,1372.67,0.563561,0.416548,16.764,17.0671,10.434,8.15058,-1.24809,9.93491,225751,-1.07675,10.545,10.4169,11.6217,12.0939,0.895522,1.45005,1.19673,1.42662,176.34,45.952,194.021,32944.2,0.5843,0.431877,-0.125626,1.14368,0.832546,0,1,85.4,75,68.8
"2024-06-03",1,22.8875,20.6435,73.2125,-9999,314.65,197.262,672.472,7.45965,0.229167,168.485,0.229167,13815.6,0.229167,1.5374,0.270833,11.4554,11.6757,12.9928,11.1578,13.1171,26.3297,1.36487,13.2377,3.56775,1.08288,4.10065,2159.76,0.690312,0.54569,1.524,27.1858,17.0434,12.7137,0.644514,14.5571,331573,-1.59397,11.877,12.1053,13.4709,11.5684,1.13331,2.27488,1.41509,1.14374,171.252,51.9781,196.831,51834.2,0.715715,0.565771,0.0442748,0.957602,0.891934,0,1,77.1,77.1,72.9
"2024-06-04",1,21.1874,20.4543,73.7513,7.44944,196.472,108.567,421.031,-4.78546,0.208333,115.416,0.25,9443.73,0.25,0.391703,0.333333,12.7859,9.56933,13.1776,10.568,11.2726,17.67,1.34274,13.7753,3.81401,1.05876,4.38797,1444.4,0.638384,0.529382,0,16.9752,9.38017,7.95997,-0.413464,9.97194,226650,-0.406118,13.2564,9.92149,13.6625,10.9569,0.973954,1.52669,1.39215,1.19019,183.072,50.8207,210.622,34665.7,0.661876,0.548863,-0.0414627,1.04326,1.01901,0,1,79.2,75,66.7
"2024-06-05",1,21.4111,19.3244,55.7716,-9999,347.048,209.786,734.388,6.05689,0.291667,218.946,0.25,17965,0.25,-1.86594,0.625,13.7846,10.8855,11.9187,9.80777,14.1055,29.3867,1.27113,13.6884,3.77103,0.935485,4.54252,2412.5,0.691454,0.667782,0,29.9849,18.1255,13.8843,0.523315,18.917,431159,1.93461,14.2919,11.2861,12.3573,10.1687,1.21871,2.53901,1.31791,1.18268,181.009,44.9033,218.041,57899.9,0.716899,0.692356,0.0276638,0.973081,1.07254,1,1,72.9,75,56.2
"2024-06-06",1,21.628,19.2428,39.8358,18.0888,359.009,207.459,750.335,-1.19842,0.125,205.774,0.145833,16861.1,0.145833,-0.101834,0.458333,11.4099,10.6016,11.308,9.72803,11.5213,25.1413,1.21088,13.6087,4.07223,0.821727,4.55802,2059.64,0.723134,0.673945,0,31.0184,17.9245,14.1858,-0.103544,17.7789,404666,0.105582,11.8298,10.9917,11.7242,10.086,0.995442,2.17221,1.25544,1.17579,195.467,39.4429,218.785,49431.3,0.749745,0.698746,-0.00582397,1.00586,0.986101,1,1,87.5,85.4,54.2
"2024-06-07",1,22.9944,19.4206,59.277,14.3108,266.345,169.856,558.756,-1.62321,0.291667,142.829,0.333333,11737.4,0.333333,1.18651,0.416667,9.75238,8.90244,10.9389,9.71113,16.9187,34.8254,1.30295,17.0615,4.34815,0.985932,4.80749,2862.4,0.297938,0.308269,3.048,23.0122,14.6755,10.5638,-0.140245,12.3404,281698,-1.23017,10.1113,9.23005,11.3415,10.0685,1.46177,3.00891,1.3509,1.47411,208.711,47.3247,230.76,68697.7,0.308902,0.319613,-0.0113647,1.0115,0.831328,0,1,70.8,66.7,58.3
"2024-06-08",1,20.4075,19.8373,77.6021,6.00741,180.324,111.145,404.108,-4.30193,0.25,98.0674,0.291667,8013.33,0.291667,3.51335,0.5625,7.17939,7.5049,10.6927,9.73628,11.4325,19.9891,1.44987,15.6739,4.52891,0.862854,4.74239,1631.71,0.315716,0.385768,0,15.58,9.60293,7.64003,-0.371687,8.47303,192320,-3.64264,7.44359,7.78108,11.0862,10.0946,0.987767,1.72706,1.50323,1.35422,217.388,41.417,227.635,39161,0.327334,0.399965,-0.043867,1.04588,0.843632,0,1,75,70.8,45.8
"2024-06-09",1,21.8096,20.0962,50.5762,15.5973,346.553,209.862,735.109,17.2709,0.0625,168.212,0.0833333,13788.3,0.0833333,0.127289,0.291667,10.232,10.1409,10.3593,9.31866,11.279,27.1278,1.32119,13.5804,4.18969,0.885666,4.60386,2224.23,0.390964,0.350728,0,29.9421,18.1321,13.8979,1.4922,14.5335,330919,-0.131973,10.6085,10.5141,10.7405,9.66159,0.974503,2.34384,1.36981,1.17334,201.105,42.5119,220.985,53381.5,0.405352,0.363635,0.102674,0.906887,0.88383,0,1,93.8,91.7,70.8
"2024-06-10",1,21.1237,19.7249,50.1764,14.682,345.926,208.116,732.615,29.7754,0.166667,148.152,0.145833,12133.8,0.145833,-0.888293,0.5625,10.4747,9.60579,9.58639,8.1931,11.8099,26.3851,1.29598,13.1021,4.3907,0.880149,4.67517,2160.9,0.479929,0.466433,0,29.888,17.9812,13.8508,2.5726,12.8004,291211,0.920982,10.8601,9.95928,9.93917,8.49461,1.02038,2.27967,1.34367,1.13202,210.754,42.2472,224.408,51861.7,0.49759,0.483597,0.200979,0.832654,0.854944,1,1,83.3,85.4,47.9
"2024-06-11",1,25.0504,20.7685,46.9621,19.5031,328.647,207.421,694.519,17.3963,0.0416667,163.546,0.0416667,13441.7,0.0416667,-0.250192,0.291667,10.1303,8.25908,9.88008,8.39455,14.8159,23.0538,1.34272,14.1269,4.59635,0.962283,4.47625,1893.55,0.368011,0.315955,0,28.3951,17.9212,13.1305,1.50304,14.1304,322601,0.259399,10.5031,8.56301,10.2437,8.70347,1.28009,1.99185,1.39213,1.22056,220.625,46.1896,214.86,45445.2,0.381553,0.327582,0.10637,0.903857,0.872343,1,1,95.8,95.8,70.8
"2024-06-12",1,27.5908,21.29,52.6346,19.4501,311.266,193.652,659.772,14.9475,0.145833,166.58,0.145833,13711.9,0.145833,0.344742,0.375,9.43716,9.14189,9.78189,9.25586,14.5344,22.8802,1.11232,15.2301,4.483,0.966498,4.60562,1882.24,0.38349,0.30513,0,26.8934,16.7316,12.4736,1.29146,14.3925,329087,-0.357428,9.78444,9.47832,10.1419,9.59648,1.25577,1.97685,1.15326,1.31588,215.184,46.3919,221.07,45173.8,0.397602,0.316358,0.0897315,0.917657,0.93739,0,1,85.4,85.4,64.6
"2024-06-13",1,26.9219,22.1748,52.4396,17.9429,288.291,178.184,609.888,3.93921,0.0625,112.118,0.0833333,9215.58,0.0833333,-0.0189901,0.1875,9.92044,10.2327,9.90145,10.85,11.6774,24.8126,0.89196,13.9348,4.43355,1.22164,5.00324,2040.24,0.371815,0.33301,0,24.9084,15.3951,11.5305,0.340348,9.68701,221174,0.019689,10.2855,10.6092,10.2658,11.2493,1.00892,2.1438,0.924784,1.20397,212.81,58.6386,240.155,48965.8,0.385498,0.345265,0.0351345,0.966058,0.651336,1,1,93.8,91.7,81.2
"2024-06-14",1,25.2457,21.8676,43.59,20.7047,332.791,196.085,700.121,29.0149,0.125,147.067,0.125,12089.9,0.125,0.551467,0.3125,8.8212,10.7064,9.37268,12.7471,14.8157,21.19,1.10559,13.422,4.20022,1.06755,4.60152,1741.22,0.418295,0.424736,0,28.7532,16.9417,13.2364,2.50689,12.7066,290159,-0.571761,9.14582,11.1004,9.71759,13.2162,1.28008,1.83082,1.14627,1.15966,201.611,51.2425,220.873,41789.2,0.433688,0.440366,0.197291,0.835219,0.897988,0,1,87.5,87.5,68.8
"2024-06-15",1,22.4125,21.6059,80.4814,-9999,166.58,107.532,367.079,3.41092,0.1875,96.4549,0.291667,7886.43,0.291667,4.43506,0.291667,4.74789,8.07374,9.18295,13.351,10.5264,13.7517,0.997874,16.3092,4.4801,1.17364,4.43074,1123.87,0.471381,0.450705,17.272,14.3925,9.29072,6.93997,0.294704,8.3337,189274,-4.59827,4.92262,8.37086,9.52089,13.8424,0.90948,1.18814,1.0346,1.40911,215.045,56.3346,212.675,26973,0.488728,0.467291,0.0353628,0.965845,0.928712,0,1,81.2,70.8,70.8
"2024-06-16",1,27.186,22.9226,69.6679,11.8917,304.701,193.617,656.839,16.3778,0.0625,154.535,0.0625,12705.4,0.0625,2.07158,0.104167,8.00078,10.6533,10.0724,13.4285,12.5783,18.4021,0.859224,13.5998,4.14721,1.20778,4.54522,1513.1,0.448204,0.434666,0,26.3261,16.7285,12.4181,1.41504,13.3518,304929,-2.14782,8.2952,11.0453,10.443,13.9227,1.08677,1.58994,0.890843,1.17502,199.066,57.9734,218.171,36314.4,0.464698,0.450662,0.105981,0.904174,0.882735,0,1,93.8,93.8,89.6
"2024-06-17",1,26.2791,23.3577,71.3209,-9999,209.933,134.767,471.57,-17.0896,0.145833,128.963,0.166667,10582.3,0.166667,3.68843,0.1875,6.63949,8.53333,10.3279,13.1116,9.78894,13.0652,0.829724,15.827,4.08283,0.960637,4.48377,1071.36,0.220699,0.187691,3.048,18.1382,11.6439,8.91546,-1.47654,11.1424,253974,-3.82416,6.88382,8.84736,10.708,13.5941,0.845765,1.12883,0.860257,1.36745,195.976,46.1106,215.221,25712.7,0.228821,0.194598,-0.132515,1.15276,0.830124,0,1,85.4,83.3,81.2
"2024-06-18",1,24.6603,22.9858,76.147,8.34033,128.061,77.6873,273.355,-22.7455,0.354167,90.8754,0.333333,7453.1,0.333333,4.42582,0.354167,5.40106,6.65565,9.82688,12.4225,10.0572,13.3358,0.796733,15.2641,4.53192,1.10892,4.88966,1092.42,0.232164,0.180263,9.906,11.0645,6.71219,5.16802,-1.96521,7.85163,178874,-4.58869,5.59982,6.90058,10.1885,12.8797,0.868941,1.15221,0.826053,1.31882,217.532,53.2279,234.704,26218.2,0.240708,0.186897,-0.250293,1.33385,0.876976,0,1,64.6,66.7,64.6
"2024-06-19",1,19.9956,21.8131,71.93,6.94557,201.679,136.802,443.839,13.1311,0.0833333,96.128,0.0833333,7839.5,0.0833333,1.59064,0.145833,7.21421,8.56912,8.80485,11.456,14.7588,17.0224,1.15271,16.3421,4.50138,1.19561,5.03726,1388.73,0.280074,0.206483,0.254,17.4251,11.8197,8.39119,1.13453,8.30546,188148,-1.64918,7.4797,8.88446,9.12887,11.8776,1.27516,1.47073,1.19513,1.41196,216.066,57.3894,241.789,33329.4,0.290381,0.214082,0.1366,0.879817,0.798666,0,1,91.7,91.7,85.4
"2024-06-20",1,23.4689,22.4563,84.7418,5.23586,201.389,137.031,441.589,29.2553,0.0416667,92.2032,0.0833333,7555.67,0.0833333,1.9343,0.0625,6.95452,9.13605,8.88883,11.6439,10.1717,15.8262,1.05769,13.9252,4.41385,1.10588,4.9998,1296.46,0.268388,0.190121,0,17.4,11.8395,8.34863,2.52766,7.96636,181336,-2.00549,7.21045,9.47225,9.21593,12.0723,0.878835,1.36738,1.09661,1.20314,211.865,53.0822,239.99,31115.1,0.278264,0.197118,0.317291,0.759133,0.886354,0,1,95.8,91.7,93.8
"2024-06-21",1,27.6489,24.1364,69.7456,12.4878,290.345,192.834,620.448,18.4809,0.0416667,148.39,0.0625,12208.5,0.0625,3.64208,0.0833333,5.81076,8.54498,9.45283,11.5293,17.0822,23.7159,0.965406,15.3121,4.30004,1.24368,5.03667,1951.55,0.297192,0.249043,1.016,25.0858,16.6609,11.7301,1.59675,12.8209,293003,-3.77611,6.02459,8.85943,9.8007,11.9535,1.4759,2.04906,1.00093,1.32297,206.402,59.6965,241.76,46837.3,0.308129,0.258208,0.124543,0.88925,0.865361,0,1,95.8,93.8,91.7
"2024-06-22",1,25.2507,24.4319,75.9946,8.78054,254.965,162.98,544.216,29.2055,0.125,116.526,0.0833333,9567.41,0.0833333,0.890063,0.208333,8.05612,7.94906,8.94618,9.79188,15.6234,21.5152,1.07897,14.5028,4.36572,1.27862,4.64912,1766.66,0.385032,0.236231,0.762,22.029,14.0815,10.2889,2.52336,10.0678,229618,-0.922817,8.35259,8.24158,9.2754,10.1522,1.34986,1.85891,1.11867,1.25304,209.555,61.3739,223.158,42399.9,0.399201,0.244924,0.250636,0.799593,0.894164,0,1,87.5,91.7,79.2
"2024-06-23",1,25.4612,24.008,68.5312,13.3415,339.429,213.237,734.955,73.0045,0.1875,126.557,0.229167,10404.2,0.229167,3.16075,0.354167,4.89601,5.97495,8.05676,8.14244,18.1597,24.1981,1.26542,12.9062,4.8525,1.31742,4.82725,1988.52,0.723672,0.801264,0,29.3266,18.4237,13.895,6.30759,10.9345,249700,-3.27706,5.07619,6.19483,8.35325,8.44208,1.569,2.09072,1.31199,1.11509,232.92,63.2364,231.708,47724.4,0.750303,0.830751,0.576851,0.634175,0.935865,0,1,81.2,77.1,64.6
"2024-06-24",1,31.0368,25.3019,56.9067,23.6003,333.91,204.75,724.028,61.7602,0,119.077,0.0208333,9845.15,0.0208333,3.19732,0,4.79556,4.16273,7.99288,7.61908,12.9776,17.5331,0.888399,12.9832,5.01372,1.15467,4.93987,1446.28,0.623741,0.583853,0,28.8498,17.6904,13.6884,5.33608,10.2882,236283,-3.31498,4.97203,4.31592,8.28702,7.89946,1.12126,1.51486,0.921092,1.12175,240.658,55.4243,237.114,34710.7,0.646694,0.605339,0.51866,0.658475,0.88321,0,1,100,97.9,100
"2024-06-25",1,29.2479,26.2348,60.9596,17.4612,292.453,187.873,656.666,48.5797,0.104167,98.3791,0.145833,8111.2,0.145833,2.5381,0.229167,5.23492,4.53812,7.77302,7.85203,15.1145,24.2747,0.891052,15.0752,4.8802,1.27947,4.87527,2000.63,0.485438,0.392898,8.128,25.2679,16.2323,12.4149,4.19729,8.49996,194669,-2.6315,5.42757,4.70512,8.05906,8.14098,1.30589,2.09733,0.923842,1.3025,234.25,61.4145,234.013,48015.1,0.503302,0.407356,0.493801,0.669433,0.782222,0,1,89.6,85.4,77.1
"2024-06-26",1,24.6085,25.7074,69.2991,-9999,342.404,208.245,736.267,61.9465,0.208333,101.068,0.25,8294,0.25,3.68317,0.291667,3.52982,5.96411,7.21299,8.6774,19.0571,27.6157,1.30565,13.3921,4.86486,1.21499,4.95662,2267.57,0.508592,0.475746,1.27,29.5837,17.9924,13.9198,5.35218,8.73232,199056,-3.81871,3.65971,6.18359,7.47843,8.99673,1.64654,2.386,1.3537,1.15708,233.513,58.3195,237.918,54421.7,0.527309,0.493253,0.612917,0.619995,0.782802,0,1,79.2,75,70.8
"2024-06-27",1,23.1338,23.5544,77.0828,6.77475,106.511,56.4535,234.9,-0.00614192,0.145833,59.6364,0.166667,4876.03,0.166667,2.9337,0.291667,3.10773,4.6871,6.04143,7.9272,9.23603,12.9352,1.01172,9.70435,4.5612,1.01049,4.27268,1057.61,0.662069,0.583236,0.254,9.20253,4.87758,4.44101,-0.000530662,5.15258,117025,-3.04166,3.2221,4.85958,6.26375,8.21892,0.797993,1.1176,1.04895,0.838455,218.937,48.5034,205.089,25382.7,0.686433,0.6047,-0.000102989,1.0001,1.05627,0,1,85.4,83.3,70.8
"2024-06-28",1,26.333,24.3277,73.5323,9.91125,237.165,144.167,526.64,54.8592,0.104167,73.1219,0.125,6006.78,0.125,1.20329,0.1875,4.88606,5.14593,6.08936,7.23687,19.1297,23.0655,1.05717,16.7485,4.77313,1.08946,4.84641,1896.03,0.712646,0.617398,0,20.4911,12.456,9.95661,4.73983,6.31774,144163,-1.24757,5.06587,5.3353,6.31344,7.50318,1.65281,1.99286,1.09608,1.44707,229.11,52.2939,232.628,45504.6,0.738871,0.640118,0.750242,0.571349,0.887727,0,1,89.6,87.5,81.2
"2024-06-29",1,22.0055,24.2913,65.6785,9.8906,341.549,198.487,744.552,111.854,0.0625,79.1325,0.125,6472.32,0.125,1.30897,0.1875,4.94771,4.13316,6.25668,5.40782,22.1064,25.084,0.970652,13.4902,4.86342,1.20412,4.94257,2051.83,0.467347,0.367629,0,29.5098,17.1493,14.0764,9.66419,6.83705,155336,-1.35714,5.12979,4.28526,6.48693,5.60683,1.90999,2.16726,1.00637,1.16555,233.444,57.7976,237.243,49244,0.484546,0.381157,1.4135,0.414335,0.96221,0,1,93.8,87.5,81.2
"2024-06-30",1,19.7598,23.1551,63.6405,9.86934,330.809,188.438,721.87,97.4897,0.270833,70.3387,0.145833,5744.72,0.145833,2.04312,0.458333,4.19363,3.45022,6.23676,4.3428,15.8698,22.5446,1.08401,13.6228,4.8867,0.800367,5.02779,1842.61,0.646612,0.578025,0,28.5819,16.2811,13.6476,8.42311,6.07727,137873,-2.11831,4.34796,3.57719,6.46627,4.50262,1.37115,1.94785,1.1239,1.17701,234.561,38.4176,241.334,44222.6,0.670408,0.599297,1.386,0.419111,0.890628,0,1,72.9,85.4,54.2
"2024-07-01",1,19.6798,-9999,88.0757,-9999,104.766,-9999,222.664,0.408002,0.791667,44.4398,0.8125,3619.59,0.8125,3.9206,0.895833,2.36883,2.08022,6.28943,4.95998,16.4533,13.1107,2.85976,8.91106,4.64443,1.4926,4.08358,1065.73,0.989223,0.0121566,132.842,9.05175,-9999,4.20966,0.0352514,3.8396,86870.1,-4.06488,2.456,2.15678,6.52088,5.14251,1.42157,1.13277,2.965,0.769916,222.933,71.6447,196.012,25577.5,1.02563,0.0126039,0.009181,0.990903,-9999,0,1,25,22.9,16.7
"2024-07-02",1,22.5013,-9999,93.1797,-9999,138.788,-9999,292.995,11.4404,1.02083,53.3413,1.02083,4362.81,1.02083,4.40131,1.02083,2.6108,2.77595,7.01211,5.95387,-9999,-9999,-9999,13.2802,3.87709,-9999,3.25286,-9999,-9999,-9999,19.304,11.9913,-9999,5.53934,0.988453,4.60869,104707,-4.56328,2.70687,2.87811,7.27015,6.17297,-9999,-9999,-9999,1.14741,186.1,-9999,156.137,-9999,-9999,-9999,0.214476,0.8234,-9999,0,1,0,0,0
"2024-07-03",1,21.8189,-9999,79.4816,-9999,245.912,-9999,514.211,30.3515,0.375,105.266,0.375,8616.79,0.375,3.48387,0.5,3.98959,3.98431,7.47346,6.68199,20.8343,28.1474,1.441,15.4401,3.66364,1.25412,3.05206,2305.53,0.701893,0.611269,0,21.2468,-9999,9.72162,2.62237,9.09495,206803,-3.61208,4.1364,4.13093,7.74848,6.92789,1.80009,2.43194,1.49403,1.33403,175.855,60.1976,146.499,55332.8,0.727723,0.633763,0.288333,0.776197,-9999,0,1,62.5,62.5,52.1
"2024-07-04",1,22.0356,23.4441,75.0542,-9999,287.111,172.88,600.237,41.3887,0.208333,123.027,0.270833,10066.9,0.270833,2.70384,0.458333,6.35206,4.6997,9.0559,7.68145,19.7816,24.9431,1.27335,16.0276,3.482,1.01497,2.73408,2040.52,0.919151,0.673098,5.08,24.8064,14.9369,11.348,3.57599,10.6295,241607,-2.80334,6.58582,4.87265,9.38915,7.96413,1.70913,2.15508,1.3202,1.38479,167.136,48.7186,131.236,48972.6,0.952975,0.697868,0.336421,0.748267,0.951037,0,1,79.2,72.9,54.2
"2024-07-05",1,21.2229,23.1109,68.6394,-9999,336.921,196.007,719.226,59.9076,0.145833,128.252,0.104167,10491,0.104167,3.11711,0.270833,6.36614,5.0329,9.48325,8.07031,23.2578,25.3946,0.985904,14.0178,3.21229,0.800618,2.582,2078.16,0.856514,1.01709,0,29.11,16.935,13.5976,5.17602,11.081,251785,-3.23182,6.60041,5.21811,9.83223,8.3673,2.00947,2.1941,1.02219,1.21114,154.19,38.4297,123.936,49875.8,0.888034,1.05452,0.467107,0.681613,0.959965,0,1,87.5,89.6,75
"2024-07-06",1,20.9442,-9999,78.0535,-9999,213.598,-9999,450.022,26.0389,0.5,82.3418,0.5625,6747.61,0.5625,4.02811,0.6875,5.16853,3.65181,9.19664,8.21536,18.844,25.7145,1.62839,17.2105,3.45725,0.919824,2.43196,2107.15,1.5125,168.502,3.302,18.4548,-9999,8.50808,2.24976,7.11433,161943,-4.17634,5.35873,3.78619,9.53507,8.51769,1.62812,2.22173,1.68832,1.48698,165.948,44.1515,116.734,50571.6,1.56816,174.703,0.316229,0.759746,-9999,0,1,50,43.8,33.3
"2024-07-07",1,20.3983,-9999,81.8308,-9999,293.915,-9999,605.113,46.4717,1.0625,110.905,1.0625,9072.39,1.0625,2.73848,1.125,6.30073,5.47111,9.03922,8.63887,-9999,-9999,-9999,16.0396,3.61761,-9999,2.61268,-9999,-9999,-9999,0.254,25.3942,-9999,11.4402,4.01515,9.58222,217737,-2.83926,6.5326,5.67245,9.37186,8.95678,-9999,-9999,-9999,1.38583,173.645,-9999,125.409,-9999,-9999,-9999,0.419021,0.704711,-9999,0,1,0,0,0
"2024-07-08",1,21.0142,-9999,75.6201,-9999,355.662,-9999,716.387,52.3421,0.645833,145.499,0.625,11906.1,0.625,3.12245,0.729167,6.46613,6.97721,9.58857,9.65571,18.269,22.104,1.15696,14.2518,3.71608,1.06878,2.64252,1811.87,1.46102,240.076,0,30.7292,-9999,13.544,4.52236,12.5711,285747,-3.23735,6.70408,7.23398,9.94143,10.011,1.57844,1.90979,1.19953,1.23135,178.372,51.3014,126.841,43484.8,1.51478,248.911,0.359742,0.735433,-9999,0,1,43.8,43.8,27.1
"2024-07-09",1,23.0754,23.6287,72.3702,9.9997,310.902,191.786,675.161,40.5055,0.291667,120.189,0.395833,9860.52,0.395833,3.23791,0.5625,6.20765,7.18526,9.44556,10.1027,10.6232,19.8606,1.17015,13.8216,3.9284,0.872909,2.69189,1628.91,1.46415,211.582,0,26.8619,16.5703,12.7645,3.49967,10.3843,236653,-3.35706,6.4361,7.44968,9.79316,10.4745,0.917844,1.71596,1.21321,1.19419,188.563,41.8996,129.211,39093.9,1.51803,219.368,0.337015,0.747935,0.837886,0,1,70.8,60.4,45.8
"2024-07-10",1,23.5778,23.8557,75.1143,9.15459,291.051,179.219,611.197,32.1496,0.354167,126.57,0.333333,10393.3,0.333333,2.195,0.604167,7.29194,6.82261,9.48694,9.82704,10.1618,17.9861,1.4659,13.4957,3.96669,1.02786,2.65334,1476.11,1.33488,1.17606,0,25.1468,15.4845,11.5552,2.77773,10.9357,249440,-2.27577,7.56028,7.07369,9.83606,10.1887,0.877983,1.554,1.51984,1.16603,190.401,49.3373,127.36,35426.7,1.384,1.21934,0.254006,0.797444,0.885619,0,1,64.6,66.7,39.6
"2024-07-11",1,22.8533,23.8388,75.2462,8.7448,328.1,201.584,692.832,47.6009,0.291667,124.801,0.3125,10237.4,0.3125,3.1502,0.5625,6.23671,6.62991,9.38691,9.22075,11.7236,18.737,1.20728,13.0185,3.96804,0.897919,2.52778,1535.85,0.832956,0.748298,0,28.3479,17.4168,13.0986,4.11272,10.7828,245698,-3.26612,6.46622,6.87389,9.73235,9.56007,1.01292,1.61888,1.25171,1.1248,190.466,43.1001,121.333,36860.3,0.863608,0.775835,0.381413,0.723896,0.85524,0,1,70.8,68.8,45.8
"2024-07-12",1,25.0531,24.4873,80.584,7.31165,318.722,202.318,676.219,59.0713,0.0625,128.435,0.104167,10549.2,0.104167,3.19238,0.229167,6.49053,6.54634,9.6829,9.12148,9.69982,13.12,1.02068,12.8155,3.93081,0.981843,2.49388,1076.26,0.624921,0.422013,0,27.5376,17.4803,12.7845,5.10376,11.0968,253180,-3.30986,6.72938,6.78724,10.0392,9.45715,0.838064,1.13357,1.05824,1.10726,188.679,47.1285,119.706,25830.3,0.647918,0.437543,0.459931,0.684964,0.926792,0,1,93.8,89.6,79.2
"2024-07-13",1,27.529,25.6905,77.2474,9.7365,282.41,177.686,606.047,31.6017,0.0416667,127.025,0.0625,10458.1,0.0625,4.32204,0.0833333,5.97766,6.50685,10.2997,9.94335,8.4176,12.7765,0.831719,13.9415,4.00542,0.844664,2.51374,1051.22,0.879151,2.00301,0,24.4002,15.3521,11.4579,2.73038,10.9749,250994,-4.4811,6.19763,6.7463,10.6787,10.3093,0.727281,1.10389,0.862327,1.20454,192.26,40.5439,120.659,25229.3,0.911504,2.07672,0.248783,0.800779,0.892733,0,1,95.8,93.8,91.7
"2024-07-14",1,26.9157,25.9451,74.6113,10.8386,308.503,190.724,653.549,36.8241,0.145833,131.797,0.229167,10850.1,0.229167,2.69574,0.333333,7.65218,7.82177,10.3479,11.0515,9.73203,16.8362,0.904969,12.9899,3.85221,0.883606,2.42858,1385.35,0.958402,2.35411,0,26.6546,16.4786,12.3559,3.1816,11.3873,260403,-2.79494,7.93378,8.10961,10.7287,11.4582,0.840847,1.45465,0.938272,1.12232,184.906,42.4131,116.572,33248.4,0.993671,2.44074,0.279399,0.781617,0.884112,0,1,85.4,77.1,66.7
"2024-07-15",1,27.886,26.2901,78.2389,9.74568,285.494,182.861,616.816,30.2509,0.145833,117.757,0.208333,9702.26,0.208333,3.04557,0.291667,7.49695,8.24968,10.5425,11.5656,8.98741,14.1208,1.01437,15.5174,3.7155,0.873461,2.47408,1162.12,0.709235,0.429379,0,24.6667,15.7992,11.6615,2.61368,10.1742,232854,-3.15765,7.77284,8.55327,10.9305,11.9912,0.776512,1.22004,1.0517,1.34071,178.344,41.9261,118.756,27891,0.735335,0.44518,0.256891,0.795614,0.809404,0,1,85.4,79.2,70.8
"2024-07-16",1,23.0783,25.1955,74.005,8.00733,214.554,121.747,480.482,19.9484,0.229167,82.7108,0.25,6771.29,0.25,2.51267,0.354167,7.37965,7.49416,9.89231,10.6155,10.398,15.1328,1.07451,13.5842,3.78716,1.02177,2.66042,1238.72,0.733207,0.478575,0,18.5374,10.519,9.08394,1.72354,7.14622,162511,-2.60514,7.65122,7.76994,10.2564,11.0062,0.898389,1.30747,1.11405,1.17367,181.784,49.0451,127.7,29729.2,0.760189,0.496187,0.241182,0.805684,0.843214,0,1,77.1,75,64.6
"2024-07-17",1,21.7623,24.5936,71.7479,8.92124,315.723,186.847,687.095,47.6663,0.145833,114.454,0.125,9372.33,0.125,1.44138,0.3125,8.15162,8.42417,9.593,10.4339,10.592,14.4048,1.05651,13.6711,3.64843,0.851375,2.34889,1178.78,0.694738,0.639007,0,27.2785,16.1436,12.9902,4.11837,9.88882,224936,-1.49442,8.4516,8.73418,9.94603,10.8179,0.915147,1.24458,1.09539,1.18119,175.124,40.866,112.747,28290.7,0.720305,0.662523,0.416467,0.705982,0.867661,0,1,85.4,87.5,68.8
"2024-07-18",1,20.9612,23.9158,72.5354,8.39273,291.909,173.36,610.949,51.9667,0.229167,109.48,0.229167,8960.06,0.229167,1.40637,0.354167,7.81118,8.40613,9.21756,10.5978,11.3685,15.2613,1.08641,14.1478,3.68662,0.878689,2.42936,1248.73,0.739107,0.687747,0,25.2209,14.9783,11.5505,4.48993,9.45903,215041,-1.45812,8.09863,8.71548,9.55677,10.9878,0.982239,1.31858,1.12639,1.22237,176.958,42.1771,116.61,29969.5,0.766306,0.713056,0.474671,0.678118,0.93128,0,1,77.1,77.1,64.6
"2024-07-19",1,20.6351,23.3008,79.2331,5.7125,182.361,110.711,369.844,28.534,0.125,85.4198,0.166667,6982.74,0.166667,3.15397,0.3125,5.53898,6.38601,8.69295,11.0386,8.63199,13.8249,1.05297,17.5313,3.90113,0.93101,2.35812,1128.24,0.302043,0.231086,3.048,15.756,9.56545,6.99223,2.46534,7.38027,167586,-3.27004,5.74282,6.62102,9.01286,11.4448,0.745804,1.19447,1.09172,1.51471,187.254,44.6885,113.19,27077.6,0.313158,0.23959,0.334044,0.7496,1.02929,0,1,87.5,83.3,68.8
"2024-07-20",1,19.8928,22.5993,90.0369,2.42484,101.696,61.8502,230.043,11.7521,0.145833,49.2046,0.375,4010.41,0.375,6.32888,0.395833,1.78304,5.76495,8.11192,11.512,7.21427,11.7609,1.15173,8.13032,4.05753,0.931802,2.66633,957.647,0.528511,3.11003,2.032,8.78649,5.34386,4.34917,1.01538,4.25128,96249.8,-6.56178,1.84866,5.9771,8.41044,11.9357,0.623313,1.01614,1.19411,0.70246,194.762,44.7265,127.984,22983.5,0.54796,3.22448,0.238842,0.807205,0.985554,0,1,85.4,62.5,60.4
"2024-07-21",1,20.9715,23.1921,83.718,5.15409,264.715,172.04,549.127,50.1497,0.3125,103.914,0.395833,8499.86,0.395833,2.20113,0.625,6.06437,8.12818,8.2655,11.1046,12.2316,20.4606,1.37282,14.9788,3.66895,0.901131,2.5015,1670.17,1.65402,17.3284,0,22.8714,14.8643,10.3817,4.33293,8.97814,203997,-2.28213,6.28754,8.42729,8.56967,11.5132,1.05681,1.76779,1.42334,1.29416,176.109,43.2543,120.072,40084,1.71489,17.9661,0.482609,0.674487,0.895509,0,1,68.8,60.4,37.5
"2024-07-22",1,21.9482,23.3706,82.4961,5.95217,246.877,154.081,500.608,42.1618,0.541667,94.967,0.604167,7776.82,0.604167,2.06078,0.770833,6.08683,7.59343,8.1476,9.88841,13.8616,18.4186,1.17418,17.3654,3.59336,0.883386,2.53885,1509.07,2.19581,23.1358,0,21.3302,13.3126,9.46445,3.64278,8.20515,186644,-2.13661,6.31082,7.87287,8.44743,10.2523,1.19765,1.59137,1.21739,1.50037,172.481,42.4025,121.865,36217.6,2.27661,23.9872,0.443963,0.692539,0.889979,0,1,45.8,39.6,22.9
"2024-07-23",1,22.6198,23.665,82.2088,6.40873,281.697,176.727,585.306,51.1923,0.375,118.23,0.395833,9693.78,0.395833,0.952192,0.541667,7.14251,7.41833,8.09471,9.10524,17.5158,20,1.19607,12.157,3.42459,0.859961,2.3025,1639.9,2.03176,2.12672,0,24.3387,15.2692,11.0657,4.42302,10.2151,232651,-0.987233,7.40535,7.69133,8.39259,9.44031,1.51337,1.728,1.24008,1.05036,164.38,41.2781,110.52,39357.7,2.10653,2.20499,0.432989,0.697842,0.958668,0,1,62.5,60.4,45.8
"2024-07-24",1,24.4945,24.1952,80.1197,8.16288,279.205,172.352,575.265,43.638,0.3125,116.256,0.375,9554.13,0.375,1.56693,0.583333,6.32236,7.30715,7.88929,9.13198,14.5377,18.6876,1.08152,11.5612,3.55495,0.878751,2.26641,1535.88,2.02335,2.14486,0,24.1233,14.8912,10.8759,3.77032,10.0445,229299,-1.62459,6.55503,7.57606,8.17962,9.46804,1.25606,1.61461,1.12132,0.998885,170.638,42.18,108.787,36861.1,2.09781,2.22379,0.375362,0.727082,0.927718,0,1,68.8,62.5,41.7
"2024-07-25",1,25.4091,24.853,84.004,6.7669,277.46,175.961,582.207,44.869,0.229167,103.72,0.25,8530.81,0.25,1.78068,0.5,5.83056,7.27768,7.61125,9.21749,14.2151,17.8384,1.01023,11.897,3.49269,0.903589,2.36437,1466.56,1.7569,1.42396,0,23.9726,15.203,11.0071,3.87669,8.96139,204740,-1.84621,6.04513,7.54549,7.89134,9.55669,1.22818,1.54124,1.04741,1.0279,167.649,43.3723,113.49,35197.3,1.82155,1.47636,0.432599,0.698032,0.844444,0,1,77.1,75,50
"2024-07-26",1,26.0682,25.4613,77.9149,9.11193,285.549,170.708,610.889,48.3896,0.0625,117.763,0.104167,9685.57,0.104167,1.56506,0.25,5.70656,7.00116,7.27161,9.27066,13.2095,14.8657,0.827647,11.7193,3.39446,0.924242,2.37403,1221.94,1.36726,0.83483,0,24.6714,14.7492,11.5494,4.18086,10.1747,232454,-1.62265,5.91656,7.2588,7.53921,9.61182,1.1413,1.2844,0.858104,1.01255,162.934,44.3636,113.953,29326.6,1.41758,0.865552,0.410907,0.708764,0.973312,0,1,93.8,89.6,75
"2024-07-27",1,25.5207,25.503,74.6423,9.43289,282.217,164.859,621.73,55.3366,0.0416667,113.022,0.0625,9284.76,0.0625,1.09764,0.0833333,5.56516,7.06653,6.66279,9.37329,12.9495,15.272,0.807201,12.3381,3.45544,0.926231,2.55947,1254.02,0.929031,0.62562,0,24.3836,14.2438,11.7544,4.78108,9.7651,222834,-1.13803,5.76995,7.32658,6.90798,9.71822,1.11884,1.3195,0.836906,1.06601,165.861,44.4591,122.855,30096.5,0.963219,0.648643,0.489609,0.671317,1.02123,0,1,95.8,93.8,91.7
"2024-07-28",1,24.7649,25.2628,80.231,7.1072,246.024,144.864,523.854,54.9754,0.0416667,93.5171,0.0833333,7675.71,0.0833333,0.937552,0.0833333,5.10063,7.11442,6.03818,9.71697,12.6105,13.5349,0.865485,16.4583,3.51138,0.945618,2.79985,1110.2,0.877972,0.486379,0,21.2565,12.5162,9.90394,4.74987,8.07988,184217,-0.972054,5.28833,7.37623,6.26039,10.0746,1.08954,1.16941,0.897335,1.42199,168.546,45.3897,134.393,26644.8,0.910282,0.504278,0.587864,0.629777,1.02505,0,1,95.8,91.7,93.8
"2024-07-29",1,26.7208,26.1876,84.7449,6.73428,281.309,173.005,628.702,64.4595,0.125,78.5818,0.145833,6466.82,0.145833,1.8655,0.3125,4.52782,7.09566,6.39333,10.4402,13.6894,17.8492,0.755904,13.2558,3.31428,0.759897,2.69634,1468.82,1.35666,1.34462,0,24.3051,14.9476,11.8862,5.5693,6.78947,155204,-1.93415,4.69444,7.35678,6.6286,10.8244,1.18276,1.54218,0.783721,1.1453,159.086,36.4751,129.424,35251.6,1.40658,1.39411,0.820285,0.549365,0.826805,0,1,87.5,85.4,68.8
"2024-07-30",1,26.165,26.1191,75.7368,8.57954,279.151,174.562,602.805,70.5277,0.0208333,96.7699,0.125,7943.81,0.125,1.25153,0.166667,5.28194,6.8408,6.53347,10.5542,14.9149,15.8615,0.82588,15.458,3.38566,0.81401,2.76717,1302.73,1.30864,1.08929,0,24.1186,15.0822,11.3966,6.09359,8.36092,190652,-1.29759,5.47631,7.09254,6.7739,10.9426,1.28865,1.37043,0.856272,1.33557,162.512,39.0725,132.824,31265.4,1.3568,1.12938,0.728818,0.57843,0.958384,0,1,97.9,87.5,87.5
"2024-07-31",1,25.1205,-9999,82.6586,-9999,226.208,-9999,484.168,49.4703,0.5,70.2787,0.5,5784.43,0.5,3.50084,0.520833,3.18212,5.36615,6.68296,10.8101,20.1681,25.0014,1.03175,16.2482,3.62753,1.07143,2.56111,2058.89,1.32959,1.24604,48.006,19.5443,-9999,9.15364,4.27423,6.07208,138826,-3.62967,3.29922,5.56362,6.92889,11.208,1.74252,2.16012,1.06972,1.40385,174.121,51.4286,122.933,49413.3,1.37851,1.29189,0.703915,0.586884,-9999,0,1,52.1,52.1,50
"2024-08-01",1,22.9724,-9999,83.8402,-9999,313.101,-9999,664.141,43.6777,0.333333,129.473,0.375,10619.7,0.375,2.89384,0.5625,3.74139,7.06311,6.63523,11.0205,24.442,21.4767,1.06918,12.7504,3.84171,0.902238,2.67562,1762.8,1.37641,1.5117,0,27.0519,-9999,12.5562,3.77375,11.1865,254873,-3.00033,3.87908,7.32304,6.87941,11.4261,2.11179,1.85559,1.10853,1.10163,184.402,43.3074,128.43,42307.3,1.42706,1.56733,0.33735,0.747747,-9999,0,1,66.7,62.5,43.8
"2024-08-02",1,24.9581,25.5418,79.6363,8.60823,310.667,179.766,665.66,40.8025,0.229167,117.242,0.229167,9640.31,0.229167,3.26373,0.458333,3.90461,7.41458,7.16834,11.8452,16.1192,23.09,0.979348,12.7035,4.49721,0.733102,2.67712,1897.99,1.33201,26.4081,0,26.8416,15.5318,12.5849,3.52533,10.1297,231367,-3.38383,4.0483,7.68743,7.43214,12.2811,1.3927,1.99498,1.01539,1.09758,215.866,35.1889,128.502,45551.8,1.38102,27.3799,0.348019,0.741829,0.879166,0,1,77.1,77.1,54.2
"2024-08-03",1,25.4593,25.7747,75.5341,9.9015,312.863,189.496,660.908,45.5859,0.3125,157.35,0.333333,12941.1,0.333333,2.30989,0.541667,5.2361,7.99819,7.546,12.3452,17.473,27.1384,0.961354,13.3251,4.91518,0.78727,2.65511,2232.95,1.46449,33.5346,0,27.0313,16.3724,12.4951,3.93862,13.595,310587,-2.3949,5.42879,8.29252,7.82369,12.7996,1.50967,2.34476,0.996732,1.15129,235.928,37.789,127.445,53590.8,1.51838,34.7687,0.289711,0.775368,1.07093,0,1,68.8,66.7,47.9
"2024-08-04",1,26.6311,26.0081,72.288,10.8908,294.82,172.254,635.381,41.6073,0.104167,135.937,0.125,11186.5,0.125,2.48704,0.291667,5.44903,7.88044,7.93607,11.9386,14.1618,21.6415,0.841607,12.2509,5.07186,0.813677,2.66826,1781.69,1.63742,14.7142,0,25.4725,14.8827,12.0125,3.59487,11.7449,268477,-2.57856,5.64955,8.17044,8.22811,12.3779,1.22358,1.86982,0.872578,1.05848,243.449,39.0565,128.077,42760.4,1.69768,15.2557,0.306078,0.765651,1.03071,0,1,89.6,87.5,70.8
"2024-08-05",1,27.0667,26.2127,67.2567,13.0764,282.572,165.841,612.911,37.8756,0.104167,145.652,0.145833,11992.1,0.145833,1.61467,0.25,6.55542,7.00771,8.17009,10.1818,11.2285,18.0553,0.888082,12.756,5.11282,0.926366,2.72933,1485.46,1.68324,15.2342,0,24.4142,14.3286,11.5876,3.27246,12.5843,287810,-1.67409,6.79666,7.2656,8.47075,10.5565,0.970145,1.55998,0.920763,1.10212,245.415,44.4656,131.008,35651,1.74518,15.7948,0.260042,0.793624,1.10665,0,1,89.6,85.4,75
"2024-08-06",1,19.1048,24.4543,81.9706,4.24957,170.025,96.8972,371.184,42.2634,0.125,63.1592,0.0833333,5147.09,0.0833333,2.03427,0.208333,5.24018,5.65841,7.27445,8.82234,8.00925,10.7349,1.09153,11.9931,4.94227,1.31413,2.62712,874.045,2.15168,24.1472,0,14.6901,8.37192,7.01757,3.65156,5.45696,123530,-2.10913,5.43302,5.86664,7.54215,9.147,0.691999,0.927496,1.1317,1.03621,237.229,63.0781,126.102,20977.1,2.23086,25.0358,0.669157,0.599105,1.08798,0,1,87.5,91.7,79.2
"2024-08-07",1,20.6626,23.7247,80.3128,5.92355,266.373,163.858,588.977,70.6278,0.333333,89.8136,0.375,7345.58,0.375,2.50606,0.479167,4.44677,6.75339,6.95284,9.28653,14.8751,17.5653,0.912123,13.1105,4.62649,1.19877,2.74496,1437.16,2.75769,30.5973,1.778,23.0146,14.1573,11.1351,6.10224,7.75989,176294,-2.59829,4.61041,7.00192,7.2087,9.62828,1.28521,1.51765,0.945689,1.13275,222.072,57.5408,131.758,34491.7,2.85917,31.7233,0.786382,0.559791,0.979148,0,1,66.7,62.5,52.1
"2024-08-08",1,18.8289,23.4976,74.8848,5.84245,247.991,142.724,531.058,51.3893,0.125,113.365,0.1875,9238.94,0.1875,2.5186,0.291667,4.78968,6.58447,7.30827,9.20649,8.25541,13.3299,1.06633,14.032,4.67028,1.28439,2.70258,1085.54,0.487475,0.373866,2.286,21.4265,12.3314,10.0401,4.44003,9.79469,221735,-2.61128,4.96594,6.82678,7.57721,9.54528,0.713267,1.1517,1.10557,1.21236,224.173,61.6507,129.724,26052.8,0.505414,0.387624,0.45331,0.688084,1.15435,0,1,87.5,81.2,70.8
"2024-08-09",1,15.661,21.6051,74.8105,5.61656,255.371,131.918,550.711,60.0618,0.145833,89.1128,0.229167,7258.49,0.229167,2.57856,0.395833,4.44564,6.14092,7.0242,7.90232,7.72662,12.4707,0.938197,12.6124,4.63741,0.998909,2.70012,1015.36,0.53734,0.381802,0,22.064,11.3977,10.4117,5.18934,7.69934,174204,-2.67345,4.60924,6.3669,7.28269,8.19313,0.66758,1.07747,0.972723,1.08971,222.596,47.9476,129.606,24368.7,0.557114,0.395852,0.673998,0.597372,1.13082,0,1,85.4,77.1,60.4
"2024-08-10",1,17.7036,21.1988,79.0854,5.12151,189.608,109.953,403.349,48.9671,0.25,73.5749,0.208333,6000.97,0.208333,2.55953,0.583333,4.80847,5.38165,7.368,7.6278,9.96954,11.991,1.19996,13.345,4.48274,1.15054,2.34528,977.237,0.602564,0.65142,0,16.3821,9.4999,7.62567,4.23076,6.35688,144023,-2.65372,4.98542,5.57969,7.63915,7.90851,0.861368,1.03602,1.24412,1.15301,215.172,55.2259,112.574,23453.7,0.624738,0.675392,0.665541,0.600406,1.1145,0,1,75,79.2,43.8
"2024-08-11",1,18.2504,21.0687,84.8615,3.44425,95.1847,55.2765,215.741,16.0594,0.3125,43.5551,0.291667,3547.6,0.291667,4.38536,0.479167,3.41914,3.6461,7.8045,7.72344,8.06181,12.3408,1.30075,11.2707,4.25991,1.16069,1.9359,1004,0.523815,0.460523,10.16,8.22395,4.77589,4.07878,1.38753,3.76316,85142.4,-4.54674,3.54496,3.78028,8.0917,8.00766,0.69654,1.06625,1.34862,0.973785,204.476,55.713,92.923,24096.1,0.543091,0.47747,0.368715,0.730613,1.07848,0,1,68.8,70.8,52.1
"2024-08-12",1,18.8928,21.4115,92.8606,-9999,114.391,70.9365,228.866,20.3638,0.520833,40.6467,0.520833,3310.4,0.520833,5.08751,0.604167,3.44978,4.43675,8.53729,8.57655,10.2545,14.3733,1.44306,9.74126,3.96674,1.10173,1.86951,1170.36,1.10857,49.8606,1.778,9.88338,6.12891,4.32692,1.75943,3.51187,79449.6,-5.27473,3.57673,4.60002,8.85146,8.89216,0.88599,1.24186,1.49617,0.841645,190.404,52.8833,89.7367,28088.7,1.14936,51.6954,0.500996,0.666224,0.860072,0,1,47.9,47.9,39.6
"2024-08-13",1,21.1712,22.2255,88.1617,3.35885,171.859,116.433,359.449,35.0535,0.0416667,70.7965,0.0625,5783.95,0.0625,4.26601,0.0833333,5.15775,5.54227,9.42376,10.7958,8.8721,13.0075,1.11727,14.4154,3.5533,1.15011,1.61754,1060.93,0.781036,24.038,0,14.8486,10.0598,6.79571,3.02862,6.11682,138815,-4.42299,5.34755,5.74622,9.77055,11.1931,0.76655,1.12384,1.15839,1.24549,170.558,55.2052,77.6418,25462.3,0.809779,24.9226,0.49513,0.668838,0.90911,0,1,95.8,93.8,91.7
"2024-08-14",1,23.3159,23.3202,88.1292,-9999,217.687,150.371,468.169,34.1788,0.25,107.985,0.270833,8842.3,0.270833,4.86971,0.291667,5.57458,6.77585,10.4443,12.9651,11.886,16.9429,1.12086,16.9354,3.4735,1.01935,1.58654,1386.72,0.417708,0.307256,61.468,18.8082,12.9921,8.85116,2.95305,9.3299,212215,-5.04891,5.77972,7.0252,10.8286,13.4422,1.02695,1.46387,1.16211,1.46322,166.728,48.9287,76.1537,33281.3,0.433079,0.318563,0.316515,0.759581,0.945419,0,1,75,72.9,70.8
"2024-08-15",1,23.3841,24.3533,87.6488,4.36796,228.413,140.426,503.977,30.6179,0.166667,95.5203,0.145833,7833.42,0.145833,5.44867,0.354167,5.95785,7.96194,11.4065,14.9263,9.96237,15.3045,1.04751,15.2434,3.34625,1.03409,1.56548,1252.88,0.408816,0.409386,0,19.7349,12.1328,9.52813,2.64539,8.25295,188002,-5.64918,6.1771,8.25494,11.8263,15.4756,0.860749,1.32231,1.08606,1.31703,160.62,49.6362,75.1431,30069,0.423861,0.424451,0.320539,0.757267,0.898255,0,1,83.3,85.4,64.6
"2024-08-16",1,23.3691,24.3439,81.1138,6.63978,263.719,149.396,550.435,25.4894,0.25,118.324,0.25,9705.93,0.25,3.95681,0.458333,7.23391,8.5575,11.1907,14.6833,8.75618,15.6194,0.972288,13.4963,2.95597,0.904343,1.61553,1279.19,0.732961,0.370748,0,22.7853,12.9078,10.4065,2.20228,10.2232,232942,-4.10242,7.50012,8.87241,11.6025,15.2236,0.756534,1.34951,1.00807,1.16608,141.887,43.4084,77.5453,30700.7,0.759934,0.384391,0.21542,0.822761,0.962634,0,1,77.1,77.1,56.2
"2024-08-17",1,22.1847,24.3324,81.4022,5.71554,256.346,147.839,551.914,38.0001,0.229167,100.066,0.229167,8189.54,0.229167,3.67049,0.395833,7.22797,7.78696,10.8985,13.0987,9.60471,15.569,1.05359,14.9499,2.63283,1.03921,1.59515,1272.43,0.740768,0.365366,0.254,22.1483,12.7733,10.4344,3.28321,8.6457,196549,-3.80556,7.49396,8.07352,11.2995,13.5807,0.829847,1.34516,1.09236,1.29167,126.376,49.8822,76.567,30538.4,0.768028,0.378811,0.379751,0.724768,0.933896,0,1,77.1,77.1,60.4
"2024-08-18",1,19.0872,22.4973,95.6078,1.03168,42.8371,6.69986,97.8061,-4.73966,0.479167,28.5092,0.479167,2322.08,0.479167,7.32067,0.854167,2.11375,2.86621,9.43442,11.3015,6.99285,11.6995,1.44219,6.29858,2.81183,0.908998,1.30498,952.026,0.759045,0.389606,4.826,3.70112,0.578868,1.84911,-0.409507,2.46319,55729.8,-7.59007,2.19153,2.97169,9.78161,11.7174,0.604183,1.01084,1.49526,0.544197,134.968,43.6319,62.6389,22848.6,0.786978,0.403943,-0.16625,1.1994,3.54777,0,1,52.1,52.1,14.6
"2024-08-19",1,21.4033,23.0276,83.039,5.50713,242.783,149.91,519.602,30.1177,0.3125,97.2288,0.291667,7963.62,0.291667,3.81023,0.541667,5.73344,6.99349,9.54366,11.1364,9.56758,17.1494,1.15998,13.7803,3.34432,0.964607,1.97039,1402.67,0.71426,0.339157,0,20.9764,12.9522,9.82355,2.60217,8.40056,191127,-3.95044,5.94443,7.25085,9.89486,11.5462,0.826639,1.48171,1.20267,1.19062,160.528,46.3011,94.5788,33664,0.740544,0.351638,0.309761,0.763498,0.849488,0,1,68.8,70.8,45.8
"2024-08-20",1,19.3401,22.3161,87.1397,3.09735,128.351,83.4326,266.148,13.1974,0.145833,80.384,0.208333,6552.66,0.208333,4.84181,0.333333,3.9988,4.90727,8.84062,10.3123,6.96569,13.465,1.02425,11.8599,3.5162,0.863143,1.92192,1097.35,0.424337,0.319607,3.048,11.0895,7.20858,5.03177,1.14025,6.94517,157264,-5.01999,4.14596,5.08786,9.16595,10.6918,0.601836,1.16338,1.06195,1.0247,168.778,41.4308,92.2522,26336.4,0.439952,0.331368,0.164179,0.858974,1.12164,0,1,85.4,79.2,66.7
"2024-08-21",1,20.6628,22.2097,79.1011,5.36484,189.462,116.279,391.052,17.8508,0,106.927,0,8730.28,0,2.34299,0.0208333,6.21685,6.76907,8.55983,10.1522,7.69974,14.2054,0.963937,17.6131,3.57347,0.970838,2.03885,1158.56,0.223032,0.20628,0,16.3695,10.0465,7.3932,1.54231,9.2385,209527,-2.42921,6.44563,7.01817,8.87484,10.5258,0.665257,1.22735,0.999409,1.52177,171.527,46.6002,97.865,27805.4,0.23124,0.213871,0.166944,0.856939,1.07309,0,1,100,100,97.9
"2024-08-22",1,19.7296,21.9382,79.2685,5.08954,206.828,121.441,442.626,25.9677,0.0208333,105.743,0.0208333,8627.66,0.0208333,1.41964,0.0416667,6.8708,7.38099,8.29044,9.75726,7.16404,13.4909,0.935485,15.2968,3.75176,0.887624,2.239,1099.45,0.271693,0.252263,0,17.87,10.4925,8.36824,2.24361,9.13619,207064,-1.47188,7.12364,7.65262,8.59553,10.1163,0.618973,1.16561,0.969911,1.32164,180.085,42.606,107.472,26386.9,0.281692,0.261547,0.245574,0.802843,1.08456,0,1,97.9,97.9,95.8
"2024-08-23",1,20.7996,22.1034,79.077,5.5303,179.112,110.856,374.381,17.5292,0.0625,93.6767,0.0416667,7655.25,0.0416667,2.29075,0.0833333,5.97153,6.36374,8.26228,9.37864,7.10613,13.538,0.914665,15.0074,3.72891,1.03264,2.19595,1104.66,0.278936,0.25816,0,15.4753,9.57795,7.07802,1.51452,8.09367,183726,-2.37504,6.19128,6.59792,8.56633,9.72377,0.61397,1.16968,0.948324,1.29664,178.988,49.5668,105.406,26511.9,0.289201,0.267661,0.187124,0.842372,1.00316,0,1,93.8,95.8,91.7
"2024-08-24",1,24.7836,23.605,83.3253,5.74308,263.178,167.642,566.663,33.8385,0.0208333,112.904,0.0416667,9266.83,0.0416667,2.07861,0.0833333,6.83209,7.60744,8.91071,9.50763,7.8877,11.4264,0.809207,12.6708,4.03495,0.9837,2.38032,935.098,0.231691,0.160535,0,22.7386,14.4843,10.7133,2.92365,9.7549,222404,-2.1551,7.08351,7.88739,9.23862,9.85751,0.681498,0.987238,0.838986,1.09476,193.677,47.2176,114.255,22442.3,0.240218,0.166443,0.29971,0.769402,0.87533,0,1,97.9,95.8,91.7
"2024-08-25",1,28.0118,25.3047,80.0836,9.10265,268.49,159.801,575.8,29.824,0.0625,120.467,0.104167,9929.79,0.104167,3.27863,0.104167,6.36791,6.57501,9.64653,9.30315,7.22691,13.715,0.769335,12.0837,4.18982,0.744002,2.38672,1129.54,0.303045,0.258467,0,23.1975,13.8068,10.886,2.57679,10.4083,238315,-3.39928,6.60225,6.81697,10.0015,9.6455,0.624405,1.18497,0.797647,1.04404,201.111,35.7121,114.562,27108.9,0.314197,0.267979,0.247571,0.801558,0.940484,0,1,93.8,89.6,89.6
"2024-08-26",1,27.2521,25.4681,77.3386,9.74584,271.653,163.47,576.777,20.1933,0.270833,122.512,0.291667,10091.9,0.291667,2.74512,0.458333,6.74246,6.48239,9.48757,9.27471,10.0678,16.8573,0.878901,12.1258,4.62914,0.881596,2.35238,1388.11,0.445525,0.332679,0,23.4708,14.1238,10.9045,1.7447,10.585,242204,-2.84614,6.99058,6.72094,9.83671,9.61601,0.869854,1.45647,0.911245,1.04767,222.199,42.3166,112.914,33314.6,0.461921,0.344922,0.164828,0.858496,0.872973,0,1,72.9,70.8,54.2
"2024-08-27",1,23.8669,24.9801,82.7679,-9999,192.038,110.469,392.313,19.3044,0.354167,78.3243,0.416667,6417.04,0.416667,2.47014,0.479167,6.47659,6.72641,8.94673,9.80398,9.24134,16.0343,0.937133,15.5757,5.00944,1.02561,2.2988,1312.85,0.416542,0.329334,0.762,16.5921,9.54456,7.41704,1.6679,6.76722,154009,-2.56104,6.71493,6.97395,9.27597,10.1648,0.798452,1.38536,0.97162,1.34574,240.453,49.2295,110.343,31508.4,0.431871,0.341454,0.246468,0.802267,0.883762,0,1,64.6,58.3,52.1
"2024-08-28",1,25.1084,25.0342,81.9896,6.87407,265.867,158.921,563.454,34.4549,0.125,106.637,0.1875,8759.66,0.1875,1.97724,0.25,6.65086,7.0173,8.6281,9.90266,10.6136,13.9716,0.823818,12.1559,5.03315,1.06985,2.40014,1146.59,0.534183,0.656593,0,22.9709,13.7308,10.6526,2.97691,9.21343,210232,-2.05,6.89562,7.27554,8.94562,10.2671,0.917012,1.20715,0.854134,1.05027,241.591,51.3529,115.207,27518.1,0.553841,0.680756,0.323105,0.755798,0.887813,0,1,87.5,81.2,75
"2024-08-29",1,24.2807,24.8956,80.8571,7.48727,190.723,111.205,396.664,20.3427,0.25,89.2521,0.270833,7336.49,0.270833,3.47749,0.354167,4.69036,5.00724,8.16785,9.44307,14.2937,15.5394,0.908865,13.5931,5.20059,1.12056,2.56286,1276.34,0.543867,0.677565,3.302,16.4785,9.60811,7.49929,1.75761,7.71138,176076,-3.60546,4.86296,5.19151,8.46842,9.79058,1.23498,1.34261,0.942312,1.17445,249.628,53.7868,123.017,30632.1,0.563882,0.7025,0.227925,0.814382,0.985521,0,1,75,72.9,64.6
"2024-08-30",1,20.083,23.7378,79.1938,6.00015,254.771,134.069,526.278,37.9336,0.1875,103.036,0.270833,8423.62,0.270833,2.91888,0.3125,4.32771,5.37907,7.2466,8.27822,13.9919,19.7869,0.958182,13.5418,5.20669,1.05807,2.39784,1617.34,0.649159,0.85802,0,22.0122,11.5836,9.94976,3.27746,8.90234,202167,-3.0263,4.48697,5.57702,7.51327,8.58285,1.2089,1.70959,0.993443,1.17002,249.921,50.7872,115.096,38816.2,0.673048,0.889595,0.368158,0.73091,1.05147,0,1,81.2,72.9,68.8
"2024-08-31",1,19.3035,22.2883,75.4625,7.69036,279.944,151.796,581.298,52.6912,0.479167,100.394,0.5,8218.93,0.5,1.50522,0.666667,4.78085,4.76334,6.28608,6.75723,19.5912,22.9878,0.877213,12.7923,5.63674,1.07336,2.45645,1882,0.951709,1.43716,0,24.1872,13.1152,10.99,4.55252,8.67405,197254,-1.56061,4.95679,4.93863,6.5174,7.00589,1.69268,1.98614,0.909494,1.10525,270.563,51.5211,117.91,45168,0.986732,1.49005,0.524843,0.655805,1.00849,0,1,52.1,50,33.3
"2024-09-01",1,18.8608,22.154,71.3149,-9999,272.245,135.864,566.458,40.8466,0.166667,69.6826,0.145833,5689.59,0.145833,1.55429,0.25,4.34232,4.18104,5.89661,5.71492,14.4239,17.5719,0.783763,12.5048,5.75603,1.20049,2.42307,1435.17,0.467436,0.308627,0,23.522,11.7387,10.7094,3.52914,6.02058,136550,-1.61149,4.50212,4.3349,6.1136,5.92523,1.24622,1.51821,0.812605,1.08041,276.289,57.6235,116.308,34444,0.484638,0.319984,0.58618,0.630445,0.813526,0,1,83.3,85.4,75
"2024-09-02",1,16.1712,21.0133,73.2049,6.59355,271.606,137.168,559.437,64.2859,0.229167,86.0191,0.291667,7018.22,0.291667,0.464864,0.479167,4.68115,3.81966,5.14601,4.59223,15.9917,18.8397,0.855847,13.0148,5.34425,1.14148,2.49663,1537.87,0.579338,0.439192,0,23.4668,11.8513,10.5767,5.5543,7.43205,168437,-0.481971,4.85342,3.96022,5.33538,4.76122,1.38168,1.62775,0.887342,1.12448,256.524,54.7912,119.838,36908.9,0.600658,0.455354,0.747344,0.572297,1.09577,0,1,77.1,70.8,52.1
"2024-09-03",1,18.0483,20.9306,70.4308,8.20389,276.93,132.819,564.916,52.9536,0.125,89.4143,0.166667,7308.96,0.166667,0.633446,0.208333,4.14254,3.38992,4.77598,4.08797,15.0647,15.9585,0.665582,12.8192,5.06098,1.23142,2.81178,1304.91,0.282288,0.195219,0,23.9267,11.4756,10.6803,4.57519,7.72539,175415,-0.656757,4.29498,3.51467,4.95174,4.2384,1.30159,1.37882,0.690075,1.10758,242.927,59.1083,134.965,31317.7,0.292676,0.202403,0.592227,0.628051,1.07189,0,1,87.5,83.3,79.2
"2024-09-04",1,21.5225,21.7144,70.5997,-9999,258.887,129.021,533.016,55.0382,0.0208333,80.9378,0.0208333,6639.16,0.0208333,0.696141,0.0625,3.98059,3.17334,4.67673,4.20223,13.8923,15.5524,0.731482,12.1393,5.0046,1.40459,3.2012,1276.29,0.257558,0.166436,0,22.3678,11.1474,10.0772,4.7553,6.99303,159340,-0.721759,4.12707,3.29012,4.84883,4.35687,1.20029,1.34373,0.758401,1.04883,240.221,67.4203,153.658,30630.9,0.267036,0.17256,0.680006,0.595236,1.05391,0,1,97.9,97.9,93.8
"2024-09-05",1,20.1535,21.8242,80.8874,5.14033,186.009,90.1562,398.593,36.8233,0.166667,51.5618,0.145833,4214.19,0.145833,1.30505,0.3125,3.0777,3.36723,4.38275,4.02093,12.8539,11.6007,0.806752,15.2382,4.88626,1.38819,3.61683,947.693,0.166357,0.133757,0,16.0712,7.7895,7.53576,3.18153,4.45494,101140,-1.35307,3.19096,3.49115,4.54403,4.1689,1.11057,1.0023,0.83644,1.31658,234.541,66.6332,173.608,22744.6,0.172479,0.13868,0.714158,0.583377,0.980355,0,1,83.3,85.4,70.8
"2024-09-06",1,15.3261,20.4533,73.9812,5.55207,190.209,83.1366,414.405,38.6766,0.229167,52.546,0.229167,4278.49,0.229167,0.439357,0.416667,3.35594,3.24688,3.7953,3.41957,11.1553,9.82574,0.742768,10.6269,4.7255,1.29968,3.62936,799.561,0.188043,0.173973,0,16.4341,7.18301,7.8347,3.34166,4.53998,102684,-0.455525,3.47944,3.36637,3.93497,3.54541,0.963818,0.848944,0.770102,0.918166,226.824,62.3845,174.209,19189.5,0.194963,0.180375,0.736051,0.57602,1.09726,0,1,77.1,77.1,58.3
"2024-09-07",1,14.4703,19.4725,71.5729,6.51173,260.67,126.352,532.419,68.4575,0.3125,61.7026,0.354167,5023.19,0.354167,0.781414,0.583333,2.58714,2.98857,3.36855,3.19514,14.1696,15.1464,0.982762,12.6905,4.44922,1.14655,3.27025,1233.77,0.295571,0.281621,0,22.5219,10.9168,10.0659,5.91472,5.3311,120556,-0.81017,2.68235,3.09855,3.49252,3.31272,1.22426,1.30865,1.01893,1.09646,213.563,55.0345,156.972,29610.5,0.306448,0.291984,1.10947,0.474052,1.03014,0,1,68.8,64.6,41.7
"2024-09-08",1,16.5421,19.5215,69.0368,7.89131,241.111,115.376,498.814,62.1228,0.1875,63.1699,0.208333,5157.03,0.208333,0.804199,0.3125,2.39309,2.77192,3.19729,3.43275,13.9824,13.1842,0.6665,12.8909,4.50635,1.08734,3.38861,1076.31,0.2578,0.202233,0,20.832,9.96852,9.43053,5.36741,5.45788,123769,-0.833794,2.48116,2.87392,3.31495,3.55907,1.20808,1.13911,0.691028,1.11377,216.305,52.1925,162.653,25831.3,0.267287,0.209676,0.983424,0.504179,1.08595,0,1,81.2,79.2,68.8
"2024-09-09",1,20.9192,20.3076,59.8666,12.9054,239.424,115.88,496.856,49.9096,0.104167,67.4676,0.0625,5530.84,0.0625,1.41816,0.25,1.76738,2.40751,3.18554,3.61038,9.54719,9.29107,0.430194,13.443,4.60837,0.916783,3.39236,761.08,0.2788,0.211816,0,20.6862,10.012,9.3935,4.31219,5.8292,132740,-1.47035,1.83242,2.4961,3.30277,3.74324,0.824877,0.802748,0.446025,1.16148,221.202,44.0056,162.833,18265.9,0.28906,0.219611,0.739756,0.574793,1.01292,0,1,89.6,93.8,75
"2024-09-10",1,21.8688,20.8994,53.9701,13.3334,162.713,70.007,353.294,10.2115,0.0625,61.0156,0.0833333,4993.95,0.0833333,1.04789,0.0833333,2.08639,2.14175,3.13429,3.43603,9.45761,8.79822,0.386227,14.404,4.95014,0.929824,3.63524,720.227,0.249539,0.165323,0,14.0584,6.0486,6.67935,0.882272,5.27174,119855,-1.08645,2.16317,2.22056,3.24963,3.56247,0.817138,0.760167,0.40044,1.24451,237.607,44.6315,174.492,17285.4,0.258722,0.171407,0.167359,0.856635,1.01743,0,1,93.8,91.7,91.7
"2024-09-11",1,20.4491,20.9184,56.7882,12.9556,237.437,104.941,475.973,51.3777,0.0833333,62.9296,0.104167,5157.59,0.104167,1.03258,0.291667,1.97588,2.06111,3.00846,3.25669,10.7216,9.07555,0.466831,11.6998,4.81277,0.893003,3.40754,743.512,0.214928,0.205887,0,20.5145,9.06689,8.9987,4.43903,5.43712,123782,-1.07058,2.04859,2.13696,3.11917,3.37654,0.92635,0.784127,0.48401,1.01086,231.013,42.8641,163.562,17844.3,0.222837,0.213464,0.816431,0.55053,1.08925,0,1,91.7,89.6,70.8
"2024-09-12",1,21.2337,20.9755,67.6568,10.0081,223.542,103.602,460.278,50.4556,0.166667,53.3837,0.166667,4375.32,0.166667,1.02928,0.354167,1.85836,2.25582,2.88764,3.17814,11.9373,8.50063,0.408956,12.3548,5.01605,0.947549,3.36852,696.107,0.24551,0.218226,0,19.314,8.95118,8.70197,4.35937,4.61236,105008,-1.06716,1.92674,2.33883,2.9939,3.2951,1.03138,0.734455,0.424005,1.06745,240.77,45.4823,161.689,16706.6,0.254544,0.226256,0.94515,0.514099,1.0023,0,1,83.3,83.3,66.7
"2024-09-13",1,20.1198,21.0636,70.3111,9.49044,239.861,110.447,491.631,48.4172,0.145833,53.315,0.229167,4371.41,0.229167,1.08261,0.354167,1.68982,2.13114,2.77244,3.2743,11.835,8.49777,0.406729,12.283,5.00033,0.920096,3.51852,694.904,0.186779,0.148,0,20.724,9.54261,9.29473,4.18324,4.60642,104914,-1.12245,1.75201,2.20956,2.87446,3.3948,1.02255,0.734208,0.421696,1.06126,240.016,44.1646,168.889,16677.7,0.193652,0.153447,0.908134,0.524072,0.921096,0,1,85.4,77.1,64.6
"2024-09-14",1,19.6529,20.9812,85.254,4.27408,148.846,73.717,322.464,31.372,0.270833,32.0239,0.291667,2617.27,0.291667,0.688416,0.4375,1.95671,2.60453,2.64512,3.49982,11.3741,7.08312,0.469903,9.4952,4.82647,0.902693,4.08586,578.677,0.215587,0.210317,0,12.8603,6.36915,6.09647,2.71054,2.76687,62814.5,-0.71375,2.02872,2.70037,2.74246,3.62862,0.982719,0.611982,0.487196,0.820385,231.671,43.3293,196.121,13888.3,0.22352,0.218057,0.979644,0.505141,0.859991,0,1,72.9,70.8,58.3
"2024-09-15",1,23.3973,22.0211,73.392,9.88981,231.553,121.24,496.05,66.4031,0.145833,49.0851,0.229167,4030.11,0.229167,1.38441,0.229167,1.34608,2.10739,2.73049,3.67637,12.5655,8.62481,0.395524,11.6104,4.27189,0.87633,3.83527,708.07,0.21868,0.179188,0,20.0062,10.4752,9.37828,5.73722,4.24095,96722.6,-1.43535,1.39562,2.18495,2.83097,3.81166,1.08566,0.745183,0.410079,1.00314,205.051,42.0638,184.093,16993.7,0.226727,0.185782,1.35282,0.425023,0.952556,0,1,85.4,77.1,77.1
"2024-09-16",1,23.3388,22.5427,71.7956,9.27125,195.238,94.3556,403.314,47.1781,0.0208333,41.1948,0.0208333,3377.86,0.0208333,0.964945,0.0416667,1.74258,2.03026,2.70753,3.43496,10.3637,6.57968,0.287772,13.2022,4.48126,0.792744,3.97531,539.336,0.199834,0.136546,0,16.8686,8.15232,7.62502,4.07619,3.55923,81068.7,-1.00045,1.80671,2.10498,2.80716,3.56136,0.895425,0.568484,0.298362,1.14067,215.1,38.0517,190.815,12944.1,0.207188,0.141571,1.14524,0.466148,0.936595,0,1,97.9,97.9,95.8
"2024-09-17",1,23.4078,22.4333,73.739,8.30443,150.129,68.2725,326.701,24.1335,0.0416667,37.7884,0.125,3095.69,0.125,1.41052,0.125,1.18317,1.72946,2.59369,3.20664,9.55667,6.74195,0.281134,15.1982,4.86246,0.790561,3.85332,552.961,0.119629,0.0798479,0,12.9711,5.89875,6.17659,2.08513,3.26492,74296.6,-1.46243,1.22671,1.7931,2.68914,3.32464,0.825696,0.582505,0.29148,1.31312,233.398,37.9469,184.959,13271.1,0.124031,0.0827863,0.638649,0.610259,0.906981,0,1,95.8,87.5,87.5
"2024-09-18",1,24.4957,22.6848,69.0824,10.9628,176.174,84.9637,368.004,42.8389,0.0208333,38.9592,0.0208333,3198.07,0.0208333,1.36807,0.0416667,1.378,1.42916,2.74607,3.13281,9.76027,6.44571,0.327361,13.5803,5.03371,0.656401,3.65827,529.256,0.116809,0.0792748,0,15.2214,7.34087,6.95745,3.70128,3.36608,76753.7,-1.41842,1.42871,1.48175,2.84712,3.24809,0.843287,0.556909,0.339408,1.17334,241.618,31.5073,175.597,12702.1,0.121108,0.0821921,1.09958,0.476285,0.962741,0,1,97.9,97.9,95.8
"2024-09-19",1,23.658,23.3155,71.3632,9.57634,192.567,88.5986,369.237,47.6731,0.166667,36.32,0.145833,2981.25,0.145833,1.31306,0.25,1.70859,1.72715,3.02165,3.26251,11.0265,7.991,0.28536,13.1795,5.27462,0.854968,3.82261,655.875,0.239454,0.179513,0,16.6378,7.65492,6.98077,4.11896,3.13805,71550,-1.36138,1.77147,1.79071,3.13285,3.38257,0.952691,0.690422,0.295861,1.13871,253.182,41.0385,183.485,15741,0.248265,0.186119,1.31259,0.432416,0.948019,0,1,83.3,85.4,75
"2024-09-20",1,22.1696,22.0521,57.9117,16.2245,235.698,103.917,488.663,55.6478,0.208333,54.2785,0.229167,4458.74,0.229167,2.15185,0.395833,0.838002,1.37762,2.98986,3.39673,10.0667,8.26757,0.376807,12.1296,5.19686,1.16568,3.81556,674.57,0.2749,0.396421,0,20.3643,8.97839,9.23862,4.80797,4.68966,107010,-2.23104,0.868841,1.42831,3.09988,3.52173,0.869767,0.714318,0.390674,1.048,249.449,55.9524,183.147,16189.7,0.285016,0.41101,1.02523,0.493772,1.05783,0,1,79.2,77.1,60.4
"2024-09-21",1,22.8212,22.3108,63.8991,11.2627,139.427,65.3203,323.722,14.7782,0.229167,43.6923,0.333333,3582.89,0.333333,1.73899,0.395833,1.72567,1.13737,3.46466,3.45854,10.7835,7.56792,0.337452,13.2482,5.65763,0.990108,3.83537,619.888,0.264441,0.17196,3.556,12.0465,5.64367,6.12025,1.27684,3.77502,85989.5,-1.80299,1.78918,1.17922,3.59216,3.58582,0.931694,0.653868,0.34987,1.14465,271.566,47.5252,184.098,14877.3,0.274172,0.178288,0.338234,0.747253,0.895136,0,1,77.1,66.7,60.4
"2024-09-22",1,14.7629,19.2344,69.0654,5.67158,125.372,59.1836,267.608,12.1356,0.0833333,55.1143,0.229167,4473.17,0.229167,3.8279,0.3125,-0.663069,0.895879,3.16483,2.94839,8.34819,14.5583,0.730105,12.1827,5.8478,1.09363,3.90754,1181.9,0.272245,0.215379,5.334,10.8321,5.11346,5.05937,1.04852,4.76188,107356,-3.96877,-0.68747,0.928848,3.2813,3.05689,0.721284,1.25784,0.756973,1.05258,280.694,52.4941,187.562,28365.5,0.282263,0.223305,0.22019,0.819545,1.13629,0,1,91.7,77.1,68.8
"2024-09-23",1,15.2526,18.7121,64.8467,7.39967,169.298,70.6301,361.255,40.5016,0.0833333,40.5756,0.125,3301.82,0.125,2.09858,0.5,1.31813,0.968265,3.4167,2.58208,9.76309,11.4973,0.756028,14.5975,5.63644,1.13576,4.10947,935.019,0.670408,2.96303,0,14.6274,6.10244,6.82986,3.49933,3.50573,79243.8,-2.1758,1.36663,1.0039,3.54244,2.6771,0.843531,0.993367,0.78385,1.26122,270.549,54.5165,197.255,22440.5,0.695079,3.07207,0.998175,0.500457,1.14791,0,1,91.7,87.5,50
"2024-09-24",1,16.4608,18.6078,69.3661,7.5538,197.805,98.3388,406.216,35.4365,0.3125,70.0047,0.375,5713.27,0.375,2.4041,0.5625,1.34577,0.974241,3.74986,2.13201,12.5526,18.74,0.720159,14.4496,5.67613,0.994697,4.20204,1528.94,0.746098,3.19962,0.762,17.0903,8.49647,7.67987,3.06172,6.0484,137118,-2.49257,1.39529,1.01009,3.88786,2.21047,1.08455,1.61913,0.746661,1.24845,272.454,47.7455,201.698,36694.5,0.773554,3.31736,0.506202,0.663921,1.07222,0,1,68.8,62.5,43.8
"2024-09-25",1,16.8103,18.4347,65.8589,9.60646,223.645,99.3986,467.233,53.7902,0.145833,50.1132,0.166667,4097.85,0.166667,1.40312,0.625,2.53255,1.12317,3.93567,2.00422,11.8812,10.7377,0.740597,11.4485,5.71387,1.10228,4.29374,876.568,0.511312,2.04315,0,19.323,8.58804,8.83346,4.64747,4.32978,98348.3,-1.45475,2.62575,1.1645,4.08051,2.07797,1.02654,0.927738,0.767851,0.989148,274.266,52.9096,206.1,21037.6,0.530128,2.11834,1.07337,0.482306,1.04532,0,1,85.4,83.3,37.5
"2024-09-26",1,17.7741,18.3939,64.7395,10.6172,225.27,106.718,463.305,49.8982,0.333333,52.4977,0.333333,4298.58,0.333333,1.04837,0.645833,2.5364,1.30206,3.58477,2.1836,15.0605,12.7787,0.868222,11.4846,5.38772,1.14357,4.33419,1044.94,0.607547,2.48675,0,19.4633,9.22043,8.75919,4.31121,4.5358,103166,-1.08695,2.62974,1.34998,3.71669,2.26396,1.30123,1.10408,0.900173,0.992268,258.61,54.8912,208.041,25078.5,0.629905,2.57827,0.950485,0.512693,0.9595,0,1,66.7,66.7,37.5
"2024-09-27",1,18.6647,18.5909,63.3141,-9999,219.961,98.5072,455.971,39.1934,0.354167,43.8476,0.333333,3591.69,0.333333,1.18205,0.583333,2.05483,1.39744,3.23688,2.32439,14.2715,13.6555,0.753629,11.416,5.31577,1.14906,4.337,1117.61,0.258993,0.286829,0,19.0046,8.51102,8.62055,3.38631,3.78844,86200.7,-1.22555,2.13044,1.44886,3.356,2.40992,1.23306,1.17983,0.781362,0.986345,255.157,55.1551,208.176,26822.6,0.268524,0.297384,0.893854,0.528024,0.842995,0,1,64.6,66.7,41.7
"2024-09-28",1,20.0918,19.132,61.0501,12.9347,214.962,91.418,441.552,34.8255,0.1875,43.0905,0.1875,3534.75,0.1875,1.22587,0.291667,1.72409,1.3854,2.94996,2.40856,12.5146,11.5841,0.643114,11.3879,4.98167,1.02582,4.14373,946.996,0.189619,0.191343,0,18.5727,7.89851,8.34794,3.00892,3.72302,84834,-1.27098,1.78754,1.43638,3.05851,2.49719,1.08126,1.00087,0.66678,0.983918,239.12,49.2392,198.899,22727.9,0.196597,0.198384,0.808193,0.553038,0.852305,0,1,81.2,81.2,70.8
"2024-09-29",1,19.6673,19.1935,64.2959,11.6512,213.899,92.8345,440.01,52.3524,0.166667,39.6135,0.145833,3249.08,0.145833,1.23547,0.5625,1.31144,1.33183,2.54691,2.25451,11.2313,9.76566,0.565673,11.186,4.91106,1.03219,4.18038,799.094,0.373712,0.308084,0,18.4809,8.0209,8.31879,4.52325,3.42261,77977.9,-1.28094,1.3597,1.38084,2.64064,2.33747,0.970387,0.843753,0.58649,0.966469,235.731,49.5451,200.658,19178.2,0.387465,0.319421,1.32158,0.430741,0.990644,0,1,83.3,85.4,43.8
"2024-09-30",1,20.1673,18.7341,47.582,16.1034,208.36,80.5657,428.116,35.8899,0.1875,52.1739,0.25,4277.37,0.25,0.827185,0.395833,1.27398,1.13957,2.10116,1.86735,12.1352,8.61286,0.356638,11.2184,5.33332,0.911013,4.22667,705.239,0.364953,0.231872,0,18.0023,6.96088,8.09392,3.10088,4.50782,102657,-0.857625,1.32086,1.1815,2.17849,1.93607,1.04848,0.744151,0.369763,0.969267,255.999,43.7286,202.88,16925.7,0.378383,0.240405,0.68789,0.592456,1.09307,0,1,81.2,75,60.4
"2024-10-01",1,13.0484,17.5412,42.1576,9.85046,216.134,72.5339,439.226,44.0366,0.145833,32.2807,0.145833,2621.98,0.145833,0.0219165,0.25,1.75134,1.41845,1.77326,1.55792,11.0081,5.08498,0.32761,11.5226,5.49282,1.00622,4.12477,412.733,0.208903,0.123015,0,18.674,6.26693,8.30397,3.80476,2.78905,62927.6,-0.022723,1.81579,1.47064,1.83852,1.61525,0.951097,0.439342,0.339666,0.995553,263.656,48.2984,197.989,9905.59,0.216591,0.127542,1.36418,0.42298,1.05216,0,1,85.4,85.4,75
"2024-10-02",1,16.5178,16.6981,44.4268,13.4795,209.414,83.6997,427.97,59.1552,0.166667,36.6653,0.145833,2995.78,0.145833,0.571872,0.270833,0.972076,1.13834,1.54395,1.52816,13.451,9.32395,0.34911,11.3876,5.6063,1.07655,4.17683,762.308,0.142408,0.118802,0,18.0934,7.23165,8.09117,5.11101,3.16788,71898.6,-0.592917,1.00785,1.18024,1.60076,1.58439,1.16217,0.805589,0.361957,0.983888,269.102,51.6744,200.488,18295.4,0.147648,0.123174,1.61338,0.382646,1.14481,0,1,83.3,85.4,72.9
"2024-10-03",1,18.6614,17.4054,49.0654,13.0133,197.357,80.838,412.582,29.7137,0.145833,25.4719,0.166667,2081.96,0.166667,0.529097,0.208333,0.995408,1.29969,1.5245,1.81472,13.2381,8.58271,0.306021,10.7532,5.72241,1.08702,4.26361,701.934,0.172329,0.156387,0,17.0517,6.98441,7.80024,2.56726,2.20077,49967.1,-0.548568,1.03204,1.34752,1.58061,1.8815,1.14377,0.741546,0.317283,0.929075,274.676,52.177,204.653,16846.4,0.17867,0.162142,1.16653,0.461568,0.682669,0,1,85.4,83.3,79.2
"2024-10-04",1,16.2398,17.5795,56.3124,9.28387,201.595,76.5074,417.833,41.6676,0.125,24.8959,0.104167,2029.22,0.104167,0.201201,0.229167,1.30797,1.60721,1.50917,2.18658,10.9495,4.82222,0.356403,11.0458,5.74514,1.0266,4.23048,392.823,0.17535,0.169095,0,17.4178,6.61024,7.89952,3.60008,2.15101,48701.3,-0.208605,1.3561,1.66635,1.56471,2.26705,0.946034,0.41664,0.369519,0.954359,275.767,49.2768,203.063,9427.75,0.181803,0.175318,1.67367,0.374018,0.870027,0,1,89.6,89.6,77.1
"2024-10-05",1,20.2235,17.8147,52.4598,15.6594,192.363,77.5868,394.737,45.5665,0.208333,37.44,0.166667,3077.12,0.166667,0.788505,0.354167,0.722156,1.12646,1.51066,2.09867,11.4519,6.86019,0.340112,10.6566,5.78271,0.990493,4.21428,562.549,0.1107,0.0949948,0,16.6201,6.7035,7.46287,3.93694,3.23482,73850.8,-0.817522,0.748731,1.16791,1.56625,2.1759,0.98944,0.59272,0.352628,0.920728,277.57,47.5437,202.285,13501.2,0.114774,0.0984906,1.21705,0.451049,1.06985,0,1,79.2,83.3,64.6
"2024-10-06",1,13.4882,16.4434,45.8453,9.96636,205.945,75.3255,422.858,55.0936,0.208333,31.9367,0.270833,2599.19,0.270833,0.0222186,0.291667,1.31078,1.21791,1.333,1.39855,11.5538,6.17535,0.246293,11.2073,5.87645,1.06078,4.19336,502.512,0.117385,0.0856036,0,17.7936,6.50812,7.99451,4.76009,2.75933,62380.6,-0.0230363,1.35902,1.26273,1.38205,1.45001,0.99825,0.53355,0.255357,0.968315,282.07,50.9174,201.281,12060.3,0.121705,0.0887538,1.72509,0.366961,1.15539,0,1,79.2,72.9,70.8
"2024-10-07",1,11.5891,15.5265,57.436,8.36044,182.149,65.9528,370.782,49.2657,0.270833,24.2375,0.270833,1971.8,0.270833,0.292158,0.5625,0.943715,1.05523,1.23588,1.13454,10.8175,4.90462,0.437798,10.4946,6.32705,0.954293,4.19148,398.455,0.192745,0.239209,0,15.7377,5.69832,7.00998,4.25656,2.09412,47323.2,-0.30291,0.978444,1.09406,1.28136,1.17629,0.934628,0.423759,0.453909,0.906732,303.699,45.806,201.191,9562.92,0.199838,0.248012,2.03262,0.329747,1.11448,0,1,72.9,72.9,43.8
"2024-10-08",1,15.2844,15.6977,47.2717,12.224,188.059,73.5935,388.601,52.0388,0.270833,28.287,0.270833,2310.14,0.270833,0.486532,0.5625,0.770468,0.868517,1.257,1.25019,10.996,5.58008,0.314605,10.5684,6.68286,0.963042,4.12785,455.734,0.190639,0.181594,0,16.2483,6.35848,7.34686,4.49615,2.44399,55443.4,-0.504436,0.798821,0.900479,1.30326,1.2962,0.950056,0.482119,0.326182,0.913106,320.777,46.226,198.137,10937.6,0.197654,0.188277,1.83967,0.352153,1.09148,0,1,72.9,72.9,43.8
"2024-10-09",1,17.088,16.0222,47.6123,-9999,176.788,66.5373,363.317,42.6443,0.270833,25.3458,0.270833,2072.23,0.270833,0.644279,0.520833,0.649962,0.887038,1.29424,1.39957,10.6642,5.25306,0.28258,10.2302,7.35819,0.907979,4.20931,429.22,0.211565,0.182754,0,15.2744,5.74882,6.86885,3.68447,2.18988,49733.6,-0.667989,0.673881,0.91968,1.34187,1.45107,0.921384,0.453865,0.292979,0.883891,353.193,43.583,202.047,10301.3,0.21935,0.18948,1.6825,0.372787,1.02183,0,1,72.9,72.9,47.9
"2024-10-10",1,20.8961,17.0207,46.3776,-9999,175.926,68.584,362.051,41.1051,0.145833,25.3377,0.145833,2076.86,0.145833,0.688203,0.333333,0.71494,0.840947,1.40314,1.65265,10.6433,6.25412,0.273635,10.0161,7.33269,0.966349,4.04879,513.157,0.202183,0.13111,0,15.2,5.92566,6.84491,3.55148,2.18918,49844.7,-0.713529,0.74125,0.871893,1.45478,1.71347,0.91958,0.540356,0.283705,0.865391,351.969,46.3848,194.342,12315.8,0.209623,0.135935,1.62229,0.381346,0.968779,0,1,85.4,85.4,68.8
"2024-10-11",1,19.6218,17.6581,57.4799,11.2237,161.498,61.377,337.808,33.4095,0.229167,23.5481,0.1875,1925.27,0.1875,0.508545,0.375,0.96701,1.0923,1.47555,1.73472,10.3261,4.97232,0.276115,10.4482,7.26114,1.12014,3.93738,407.127,0.128503,0.103721,0,13.9534,5.30297,6.38656,2.88658,2.03455,46206.5,-0.52726,1.0026,1.13249,1.52986,1.79856,0.892172,0.429608,0.286276,0.902728,348.535,53.7666,188.994,9771.06,0.133232,0.107538,1.41878,0.413432,0.927995,0,1,81.2,81.2,66.7
"2024-10-12",1,16.0232,17.3351,57.1126,9.24057,166.578,60.78,351.513,40.1967,0.104167,23.1626,0.0833333,1888.47,0.0833333,0.146815,0.3125,1.27448,1.08045,1.42129,1.54131,12.2394,5.39946,0.378533,9.99954,7.17805,1.44382,3.81507,440.063,0.12515,0.101059,0,14.3923,5.25139,6.64567,3.47299,2.00125,45323.3,-0.152218,1.32138,1.12022,1.4736,1.59803,1.05749,0.466514,0.392463,0.86396,344.546,69.3035,183.124,10561.5,0.129755,0.104778,1.73541,0.365575,1.04244,0,1,89.6,91.7,68.8
"2024-10-13",1,10.3108,15.3637,52.4585,6.64228,191.534,60.3531,392.175,54.3704,0.0416667,24.9846,0.0625,2022.98,0.0625,0.131721,0.104167,1.0429,1.00171,1.17462,1.20373,11.7651,4.57455,0.30801,10.7219,7.17976,1.50032,3.61876,370.363,0.138346,0.137545,0,16.5485,5.21451,7.41442,4.6976,2.15867,48551.6,-0.136568,1.08128,1.03857,1.21785,1.24803,1.01651,0.395241,0.319344,0.926376,344.629,72.0151,173.701,8888.72,0.143437,0.142606,2.17616,0.314846,1.31485,0,1,95.8,93.8,89.6
"2024-10-14",1,7.14896,13.775,56.7197,5.49991,173.846,55.1999,365.82,50.0903,0.291667,13.9856,0.3125,1130.54,0.3125,0.252613,0.5,0.742591,0.714795,0.995203,0.952476,12.2503,5.07402,0.44957,11.0044,7.19996,1.25997,3.66833,410.639,0.14909,0.201501,0,15.0203,4.76927,6.91615,4.3278,1.20836,27133.1,-0.261909,0.769918,0.741099,1.03183,0.987527,1.05843,0.438395,0.466114,0.950784,345.598,60.4784,176.08,9855.34,0.154576,0.208916,3.58155,0.218267,1.1608,0,1,70.8,68.8,50
"2024-10-15",1,7.20375,13.1924,48.1717,5.8666,191.161,58.4947,385.799,42.1144,0.166667,12.224,0.166667,986.765,0.166667,0.155479,0.3125,0.755518,0.679405,0.910997,0.959395,15.1933,5.28337,0.297746,10.9704,7.14647,1.32821,3.70727,426.067,0.0954563,0.0981467,0,16.5163,5.05394,7.29389,3.63868,1.05615,23682.4,-0.161201,0.783321,0.704407,0.944522,0.994701,1.3127,0.456483,0.308703,0.947844,343.03,63.7542,177.949,10225.6,0.098969,0.101758,3.44522,0.224961,0.928945,0,1,83.3,83.3,70.8
"2024-10-16",1,6.52717,11.6273,49.7752,6.85616,194.343,66.5162,382.824,56.6596,0.104167,15.0345,0.104167,1215.87,0.104167,-0.143056,0.270833,0.908875,0.622288,0.76582,1.08439,13.4184,5.26713,0.416875,10.8765,6.91419,1.46858,3.53844,426.363,0.0665067,0.137273,0,16.7912,5.747,7.23763,4.89539,1.29898,29180.9,0.148321,0.942322,0.645188,0.794002,1.12429,1.15935,0.45508,0.432216,0.939726,331.881,70.4918,169.845,10232.7,0.0689542,0.142325,3.76865,0.209703,1.07784,1,1,89.6,89.6,72.9
"2024-10-17",1,14.4605,12.8496,33.2179,12.2507,175.148,48.1796,354.694,31.5592,0.0625,19.053,0.0625,1549.09,0.0625,0.995278,0.0625,-0.168532,0.539159,0.826746,1.39585,10.5318,4.3712,0.268542,10.2867,6.97043,1.44771,3.45255,355.396,0.0599557,0.123411,0,15.1328,4.16272,6.70581,2.72672,1.64618,37178.1,-1.0319,-0.174734,0.559,0.85717,1.44722,0.909945,0.377672,0.278424,0.888767,334.58,69.4899,165.722,8529.5,0.0621621,0.127952,1.65639,0.376451,1.05049,0,1,93.8,93.8,93.8
"2024-10-18",1,17.4521,14.3341,38.3191,13.1397,168.698,56.9621,350.995,36.3337,0.0416667,17.4654,0.0416667,1422.79,0.0416667,0.817257,0.0416667,0.0901536,0.624008,0.907411,1.75791,11.6499,4.74425,0.254251,9.97736,6.69687,1.38258,3.16422,386.552,0.0751665,0.152031,0,14.5755,4.92152,6.63588,3.13923,1.50901,34147,-0.847332,0.0934712,0.646971,0.940803,1.8226,1.00655,0.409903,0.263607,0.862044,321.45,66.3639,151.883,9277.25,0.0779327,0.157626,2.08033,0.324641,0.944472,0,1,95.8,95.8,95.8
"2024-10-19",1,18.3003,15.5796,46.5525,12.1701,132.121,52.3213,287.485,29.6829,0.0208333,17.5856,0.0625,1433.93,0.0625,0.585089,0.0416667,0.471936,0.535535,1.05703,1.82408,11.141,4.37538,0.230757,11.6389,6.84627,1.06486,3.09878,356.598,0.0810257,0.0556031,0,11.4153,4.52056,5.43517,2.5646,1.5194,34414.2,-0.606621,0.489304,0.555242,1.09592,1.8912,0.962582,0.378033,0.239248,1.0056,328.621,51.1132,148.742,8558.35,0.0840075,0.0576493,1.68791,0.372037,0.903427,0,1,97.9,93.8,95.8
"2024-10-20",1,19.316,16.0269,44.0634,13.8945,167.251,57.7462,346.671,32.9847,0.145833,21.8684,0.145833,1786.63,0.145833,0.548508,0.166667,0.703687,0.45621,1.2522,1.51516,10.3743,4.34058,0.210255,10.0923,6.82031,0.963733,3.08778,354.161,0.455377,0.0726635,0,14.4505,4.98927,6.55413,2.84988,1.88943,42879.1,-0.568693,0.729583,0.472998,1.29828,1.57092,0.896342,0.375027,0.217992,0.871978,327.375,46.2592,148.214,8499.87,0.472135,0.0753376,1.50833,0.398672,0.949901,0,1,85.4,85.4,83.3
"2024-10-21",1,17.1846,15.9217,58.8328,8.94999,115.14,44.1777,244.185,15.9953,0.166667,13.8903,0.4375,1132.55,0.4375,0.852685,0.4375,0.542948,0.350116,1.39563,1.46519,10.3888,7.15809,0.305777,10.8053,6.83327,1.27034,3.00859,584.333,0.940956,24.8501,8.128,9.94813,3.81695,4.61654,1.38199,1.20012,27181.3,-0.884063,0.562928,0.363,1.44699,1.51911,0.897588,0.618459,0.31703,0.933575,327.997,60.9761,144.413,14024,0.975584,25.7646,1.15154,0.464783,0.676485,0,1,83.3,58.3,58.3
"2024-10-22",1,16.1398,16.0372,72.9858,5.94773,165.755,60.2254,351.436,14.8191,0.166667,46.4227,0.333333,3778.64,0.333333,1.76923,0.666667,-0.201739,0.670678,1.56749,1.56279,11.2924,9.05655,0.582979,9.96697,6.74236,1.23025,3.15889,737.959,0.817506,37.4845,0,14.3212,5.20347,6.64422,1.28037,4.01092,90687.2,-1.83434,-0.209163,0.695359,1.62518,1.6203,0.975661,0.782486,0.604433,0.861146,323.633,59.052,151.627,17711,0.84759,38.8639,0.319221,0.758023,1.01688,0,1,83.3,68.8,37.5
"2024-10-23",1,11.318,14.7029,61.6971,5.75337,157.07,48.1528,329.692,22.7476,0.25,27.3548,0.291667,2215.64,0.291667,1.3372,0.395833,0.166154,0.712144,1.50335,1.56841,13.4484,6.7156,0.38624,10.8682,6.48604,1.22033,3.25304,544.185,0.695837,29.541,0,13.5708,4.16041,6.23312,1.96539,2.36345,53175.3,-1.3864,0.172268,0.738351,1.55867,1.62613,1.16194,0.580228,0.400454,0.93901,311.33,58.5759,156.146,13060.4,0.721444,30.6281,0.831576,0.545978,1.04049,0,1,75,70.8,60.4
"2024-10-24",1,13.8801,13.4794,59.9782,7.80105,153.701,55.3192,323.108,27.0137,0.208333,31.012,0.229167,2520.31,0.229167,0.880044,0.354167,0.508043,0.692408,1.38809,1.5828,11.9387,8.89232,0.38685,10.1029,6.64341,1.31175,3.49649,722.186,0.778552,31.2019,0,13.2798,4.77958,6.10865,2.33398,2.67943,60487.4,-0.912429,0.526739,0.717889,1.43917,1.64105,1.0315,0.768297,0.401086,0.872888,318.883,62.9639,167.832,17332.5,0.807203,32.3501,0.871072,0.534453,1.04892,0,1,79.2,77.1,64.6
"2024-10-25",1,9.57784,12.9432,58.0181,5.96982,169.048,40.8303,339.553,29.6406,0.125,25.4396,0.145833,2060.76,0.145833,0.695328,0.25,0.65084,0.851814,1.34617,1.5547,11.7727,7.80165,0.404371,10.354,6.93135,1.23444,3.48721,629.721,0.331955,0.522171,0,14.6057,3.52774,6.41957,2.56095,2.19798,49458.3,-0.720916,0.674791,0.883161,1.39571,1.61191,1.01716,0.674062,0.419252,0.894587,332.705,59.2529,167.386,15113.3,0.344171,0.541387,1.16514,0.461864,1.349,0,1,87.5,85.4,75
"2024-10-26",1,7.00378,11.1268,58.808,5.33682,139.16,37.7397,288.864,35.2444,0.166667,22.1879,0.166667,1793.25,0.166667,0.585995,0.5,0.57868,0.777475,1.16468,1.34855,10.8983,6.91441,0.435768,10.3712,7.03528,1.19748,3.41393,558.113,0.256187,0.586413,0,12.0234,3.26071,5.46125,3.04511,1.91704,43038,-0.60756,0.599975,0.806086,1.20754,1.39817,0.941612,0.597405,0.451805,0.896069,337.693,57.4788,163.869,13394.7,0.265615,0.607993,1.58845,0.386332,1.5218,0,1,83.3,83.3,58.3
"2024-10-27",1,12.5854,11.5977,48.5205,9.24013,159.806,45.3837,328.476,35.1567,0,21.0253,0,1708.5,0,0.657789,0.0416667,0.6093,0.580515,1.26709,1.52148,8.6115,6.49966,0.296646,10.0631,6.82813,1.3747,3.35433,525.681,0.0697938,0.0428032,0,13.8072,3.92115,6.21013,3.03754,1.81659,41004,-0.681996,0.631722,0.601878,1.31372,1.57748,0.744034,0.561571,0.307563,0.869451,327.75,65.9857,161.008,12616.3,0.0723622,0.0443784,1.67211,0.374236,1.23793,0,1,100,100,95.8
"2024-10-28",1,17.2248,13.6573,70.8175,6.44229,86.1776,23.1924,190.248,9.73585,0.166667,11.9811,0.1875,976.404,0.1875,0.971263,0.25,0.704468,0.791685,1.67573,2.03294,12.6307,11.6239,0.37127,6.09963,6.92529,1.37202,3.17683,946.664,0.182072,0.285844,0,7.44574,2.00382,3.59682,0.841177,1.03516,23433.7,-1.00701,0.730393,0.820819,1.7374,2.10775,1.09129,1.00431,0.384932,0.527008,332.414,65.8572,152.488,22719.9,0.188772,0.296363,0.812604,0.551693,0.936381,0,1,83.3,81.2,75
"2024-10-29",1,22.4202,14.8112,55.0354,13.7658,117.503,24.2643,245.761,-1.28256,0.5625,23.1566,0.541667,1893.34,0.541667,1.40709,0.583333,0.633115,0.532074,2.0402,2.3565,10.8201,4.68969,0.219385,8.58372,6.88218,1.06654,3.20704,382.982,0.177949,0.114641,0,10.1522,2.09644,4.64633,-0.110813,2.00073,45440.1,-1.45887,0.656414,0.551654,2.11528,2.44321,0.934853,0.40519,0.227458,0.741633,330.345,51.194,153.938,9191.56,0.184497,0.11886,-0.0553865,1.05863,0.901489,0,1,58.3,58.3,56.2
"2024-10-30",1,11.2007,14.0389,89.7248,-9999,13.7149,1.79112,35.0088,-17.58,0.708333,13.2355,0.875,1068.26,0.875,2.15838,0.895833,-0.078211,0.194035,2.08017,2.47637,13.4647,6.64586,0.390888,4.31528,6.62873,1.0221,2.54672,536.965,0.286535,0.0133675,33.02,1.18497,0.154753,0.661874,-1.51891,1.14355,25638.2,-2.23781,-0.0810892,0.201175,2.15672,2.5675,1.16335,0.574202,0.405272,0.37284,318.179,49.0609,122.243,12887.2,0.297079,0.0138594,-1.32825,-3.04649,-2.42558,0,1,29.2,12.5,10.4
"2024-10-31",1,6.53987,11.5961,77.8426,-9999,150.412,53.8214,307.295,23.6382,0.291667,42.3233,0.3125,3408.67,0.3125,1.60322,0.395833,0.269328,0.881193,1.87255,2.45202,10.6734,10.2288,0.535648,10.368,6.67586,0.960127,3.07842,823.5,0.21987,0.310586,0.254,12.9956,4.65017,5.80969,2.04234,3.65674,81808.2,-1.66222,0.279239,0.913621,1.94146,2.54225,0.922181,0.883767,0.55536,0.895796,320.441,46.0861,147.764,19764,0.227962,0.322016,0.558516,0.641636,1.22556,0,1,70.8,68.8,60.4
"2024-11-01",1,7.89296,10.3671,73.7378,3.73153,152.234,42.4429,314.925,32.8755,0.125,31.6133,0.125,2559.3,0.125,1.1227,0.458333,0.73749,1.35887,1.8602,2.94311,10.0788,8.20781,0.447702,9.5558,6.71297,0.993141,3.08292,662.213,0.175219,0.161618,0,13.153,3.66706,5.95395,2.84044,2.73139,61423.3,-1.16402,0.76463,1.40888,1.92865,3.05141,0.870805,0.709155,0.464178,0.825621,322.223,47.6708,147.98,15893.1,0.181667,0.167566,1.03993,0.490214,1.51943,0,1,87.5,87.5,54.2
"2024-11-02",1,9.29173,10.2451,85.9649,1.7666,61.2347,22.4558,140.758,8.26906,0.354167,19.3731,0.4375,1564.47,0.4375,1.33943,0.520833,0.679166,1.17087,2.01859,3.63969,8.66503,10.1611,0.574889,5.37208,6.57589,1.1713,2.80289,820.306,0.185407,0.165122,1.778,5.29068,1.94018,2.66116,0.714447,1.67384,37547.3,-1.38872,0.704159,1.21395,2.09288,3.77363,0.748658,0.877923,0.596045,0.464148,315.643,56.2224,134.539,19687.3,0.19223,0.171198,0.426831,0.700854,1.23096,0,1,64.6,56.2,47.9
"2024-11-03",1,15.2203,-9999,91.4542,-9999,66.5912,-9999,151.212,1.29875,0.416667,30.812,0.645833,2504.06,0.645833,2.2697,0.666667,0.59874,1.47667,2.86844,4.64668,11.5679,23.3675,0.84137,7.91284,6.37486,1.06681,2.77435,1902.42,0.176844,0.222531,21.336,5.75348,-9999,2.85881,0.112212,2.66216,60097.3,-2.35322,0.620773,1.53101,2.974,4.81768,0.999463,2.01895,0.872332,0.683669,305.993,51.2069,133.169,45658.1,0.183352,0.23072,0.0421508,0.959554,-9999,0,1,58.3,35.4,33.3
"2024-11-04",1,12.3374,13.7422,94.3627,0.794967,26.292,13.2073,62.3931,-2.6002,0.125,22.8095,0.520833,1843.52,0.520833,2.66813,0.625,0.588562,0.965148,3.25669,4.84758,7.21023,12.2342,0.784237,2.87237,5.95796,1.22167,2.25637,989.206,0.295759,0.227359,8.128,2.27163,1.14111,1.1796,-0.224657,1.97074,44244.5,-2.76632,0.610221,1.00067,3.37654,5.02597,0.622964,1.05704,0.813097,0.248173,285.982,58.64,108.306,23740.9,0.306643,0.235726,-0.113996,1.12866,1.53016,0,1,87.5,47.9,37.5
"2024-11-05",1,7.69044,11.879,90.9005,-9999,63.5441,27.2468,137.41,5.52228,0.5625,28.7569,0.6875,2317.89,0.6875,1.4785,0.791667,1.38943,1.64891,2.86793,4.56286,9.43835,16.88,1.09975,8.99258,5.64545,1.16664,2.03074,1361.22,0.394467,0.431413,7.62,5.49021,2.35412,2.59785,0.477125,2.48459,55629.3,-1.53291,1.44056,1.70959,2.97347,4.73077,0.815473,1.45844,1.14022,0.776959,270.981,55.9988,97.4756,32669.3,0.408983,0.447289,0.192033,0.838903,1.2581,0,1,43.8,31.2,20.8
"2024-11-06",1,7.11935,10.3943,91.0044,1.17255,84.9065,35.7636,188.996,8.50955,0.458333,23.1647,0.520833,1869,0.520833,0.819898,0.604167,1.63814,2.13051,2.45804,4.37877,10.3543,12.1004,0.536929,7.24341,4.36916,1.06228,1.10879,976.939,0.47062,0.56021,0,7.33592,3.08997,3.57314,0.735225,2.00143,44856.1,-0.85007,1.69842,2.20891,2.54849,4.53991,0.894616,1.04547,0.556688,0.625831,209.719,50.9892,53.2218,23446.5,0.487938,0.580825,0.36735,0.731342,0.885657,0,1,54.2,47.9,39.6
"2024-11-07",1,7.43941,10.7062,79.8921,-9999,125.159,40.9701,261.377,25.5386,0.25,28.2128,0.270833,2276,0.270833,0.72336,0.375,1.76655,2.47431,2.48991,4.18909,9.01592,9.42328,0.520723,9.63379,4.28369,1.0971,1.06658,759.8,0.443924,0.475567,0,10.8138,3.53982,4.94156,2.20653,2.43758,54624,-0.749979,1.83156,2.56537,2.58154,4.34325,0.778976,0.814171,0.539886,0.832359,205.617,52.6607,51.1957,18235.2,0.46026,0.493068,0.905213,0.524876,1.31197,0,1,75,72.9,62.5
"2024-11-08",1,7.34859,9.83535,89.0916,1.30819,36.7573,10.8787,88.0541,-3.42967,0.416667,14.7929,0.458333,1193.4,0.458333,1.32001,0.666667,0.927546,1.461,2.24755,3.96695,9.45293,9.47195,0.621813,5.01898,4.56954,1.17782,1.044,762.97,0.315012,0.350867,0.508,3.17583,0.939918,1.66474,-0.296324,1.2781,28641.5,-1.36858,0.96168,1.51476,2.33026,4.11294,0.816734,0.818376,0.644696,0.43364,219.338,56.5352,50.1121,18311.3,0.326605,0.363779,-0.231846,1.30182,1.04454,0,1,58.3,54.2,33.3
"2024-11-09",1,10.3822,10.7489,82.2074,-9999,60.121,32.228,129.642,-12.2014,0.25,37.1337,0.583333,3000.48,0.583333,1.46603,0.583333,0.954599,1.66992,2.42063,4.01074,12.1561,12.6564,0.487084,7.08362,4.6479,1.29367,1.35893,1023.28,0.349546,0.329336,6.858,5.19445,2.7845,2.45099,-1.0542,3.20835,72011.4,-1.51998,0.989728,1.73138,2.50971,4.15833,1.05028,1.09351,0.505009,0.612024,223.099,62.0959,65.2288,24558.8,0.362409,0.341455,-0.32858,1.48938,0.773622,0,1,75,41.7,41.7
"2024-11-10",1,8.64229,10.4605,82.2805,2.24976,110.424,28.7381,219.306,9.44183,0.0833333,33.8548,0.125,2735.6,0.125,0.589873,0.333333,1.76,2.27824,2.34987,3.62298,9.56691,9.24547,0.476813,9.07337,4.52306,1.17815,1.50028,745.927,0.319207,0.367784,0,9.54063,2.48298,4.14618,0.815774,2.92505,65654.4,-0.61158,1.82476,2.36207,2.43634,3.7563,0.826581,0.798808,0.494359,0.783939,217.107,56.551,72.0134,17902.3,0.330954,0.381318,0.278892,0.781927,1.50659,0,1,91.7,87.5,66.7
"2024-11-11",1,6.28165,9.2449,78.9214,2.35488,125.945,37.0815,261.274,12.4307,0.1875,28.6522,0.270833,2311.08,0.270833,0.52806,0.270833,1.55321,1.72229,2.08127,2.28763,8.50933,10.877,0.475941,9.53875,4.00413,1.15094,1.42807,876.261,0.197897,0.239932,0,10.8816,3.20384,4.93963,1.07401,2.47555,55465.9,-0.547493,1.61037,1.78567,2.15786,2.37182,0.735206,0.939774,0.493455,0.824148,192.198,55.2451,68.5471,21030.3,0.20518,0.248761,0.433848,0.697424,1.10791,0,1,81.2,72.9,72.9
"2024-11-12",1,7.30985,8.57913,71.7275,3.53072,133.397,31.2103,274.164,4.32285,0.0416667,41.0628,0.0625,3316.28,0.0625,0.359329,0.0625,1.58253,1.82322,1.94186,1.98084,9.75331,8.21927,0.334491,8.90913,4.10301,1.05637,1.45524,663.426,0.099203,0.0715147,0.254,11.5255,2.69657,5.18333,0.373494,3.54782,79590.7,-0.372552,1.64077,1.89031,2.01332,2.05374,0.842686,0.710145,0.3468,0.769749,196.945,50.7057,69.8517,15922.2,0.102854,0.0741465,0.105274,0.904753,1.45419,0,1,95.8,93.8,93.8
"2024-11-13",1,6.99874,8.88291,93.0955,-9999,10.4259,-9.13324,26.3144,-21.4681,0.395833,14.6068,0.708333,1175.6,0.708333,1.89615,0.75,0.106951,0.206098,2.0031,2.07077,11.0911,11.8326,0.410669,1.26561,4.3585,0.959025,1.16956,951.04,0.209747,0.00728458,22.098,0.900794,-0.789112,0.497497,-1.85484,1.26203,28214.4,-1.96592,0.110886,0.213683,2.07681,2.14697,0.958275,1.02233,0.425781,0.109349,209.208,46.0332,56.1391,22825,0.217465,0.00755265,-1.46973,-2.12888,0.751241,0,1,60.4,29.2,25
"2024-11-14",1,6.08968,8.16728,71.1927,3.37703,133.432,27.0493,271.006,7.57006,0.166667,38.1005,0.208333,3077.85,0.208333,-0.0641944,0.395833,1.93618,1.89964,1.87198,1.80286,10.9923,9.49655,0.385283,9.00876,4.70295,0.992575,1.47255,765.153,0.0916136,0.0708384,0,11.5285,2.33706,5.12362,0.654053,3.29189,73868.3,0.0665568,2.00743,1.96955,1.94087,1.8692,0.949737,0.820502,0.399461,0.778357,225.742,47.6436,70.6824,18363.7,0.094985,0.0734452,0.198686,0.834247,1.68842,1,1,83.3,79.2,62.5
"2024-11-15",1,9.22983,7.91865,64.8592,5.47327,130.135,30.2225,266.709,-13.9696,0.1875,48.9095,0.1875,3963.85,0.1875,0.0128394,0.354167,1.82177,1.89304,1.83461,1.47991,11.8074,8.64327,0.391649,8.79205,5.29075,0.844588,1.47804,699.238,0.103498,0.072028,0,11.2437,2.61123,5.04238,-1.20698,4.22578,95132.5,-0.0133119,1.88881,1.9627,1.90212,1.53437,1.02016,0.746778,0.406062,0.759633,253.956,40.5402,70.9457,16781.7,0.107306,0.0746786,-0.285622,1.39982,1.15609,0,1,81.2,81.2,64.6
"2024-11-16",1,11.6154,9.03856,64.5351,5.06031,64.136,3.97354,134.552,-25.2268,0.0416667,39.3367,0.0208333,3183.85,0.0208333,0.639954,0.208333,1.41533,1.34829,2.05529,1.93425,11.4797,8.44701,0.299117,8.15858,5.69551,0.871634,1.52561,682.35,0.158938,0.131347,0,5.54135,0.343314,2.54383,-2.17959,3.39869,76412.3,-0.663505,1.46742,1.39791,2.13093,2.00543,0.991845,0.729822,0.310125,0.704901,273.384,41.8384,73.2292,16376.4,0.164787,0.13618,-0.641303,2.78787,3.55098,0,1,95.8,97.9,79.2
"2024-11-17",1,5.62947,8.3649,73.8468,2.82609,94.9144,14.5951,202.422,3.32222,0.229167,22.7216,0.229167,1831.71,0.229167,-0.12827,0.479167,2.02717,2.02794,1.8989,2.4091,10.8454,8.73174,0.436866,9.06319,5.56817,1.17775,1.4976,703.011,0.171918,0.241061,0,8.2006,1.26101,3.82697,0.28704,1.96315,43961.2,0.132991,2.10177,2.10256,1.96878,2.49775,0.937045,0.754423,0.452942,0.783059,267.272,56.5322,71.8848,16872.3,0.178244,0.249932,0.146214,0.872437,1.78443,1,1,77.1,77.1,52.1
"2024-11-18",1,10.4847,9.21974,95.0355,-9999,7.74055,2.46978,19.7876,-25.9317,0.854167,13.9145,0.9375,1123.27,0.9375,2.05496,0.979167,-0.00846174,0.350369,2.0465,2.67644,15.6349,11.6571,0.427687,0.740605,5.77002,0.782666,1.17778,936.977,0.232926,0.00612902,28.956,0.668783,0.213389,0.374103,-2.2405,1.20222,26958.4,-2.13058,-0.00877313,0.363262,2.12181,2.77494,1.35085,1.00718,0.443426,0.0639883,276.961,37.568,56.5335,22487.5,0.241497,0.00635457,-1.86364,-1.15789,-4.86567,0,1,16.7,12.5,8.3
"2024-11-19",1,7.16968,9.08063,61.7294,3.99569,114.461,17.4839,232.925,-15.8096,0.0416667,52.9297,0.0833333,4264.04,0.0833333,0.305286,0.104167,1.67582,1.63643,1.98111,2.10466,11.5211,9.27982,0.316326,8.9677,6.26043,1.06774,1.45063,747.054,0.0985689,0.0710707,0,9.88946,1.51061,4.40365,-1.36595,4.57313,102337,-0.316521,1.73749,1.69665,2.05402,2.18212,0.995426,0.801777,0.327967,0.774809,300.501,51.2514,69.6304,17929.3,0.102196,0.0736861,-0.29869,1.4259,2.1231,0,1,95.8,91.7,89.6
"2024-11-20",1,4.27311,6.62634,42.4428,5.0484,125.112,5.50839,248.582,-16.0463,0.145833,49.6862,0.145833,3993.15,0.145833,-0.0731898,0.166667,1.57583,1.32709,1.50264,1.21128,11.8198,7.76667,0.212871,8.76955,6.37291,1.25818,1.45324,623.844,0.095073,0.0712796,0,10.8097,0.475925,4.69966,-1.3864,4.29289,95835.6,0.0758832,1.63382,1.37592,1.55793,1.25585,1.02123,0.671041,0.220705,0.757689,305.9,60.3927,69.7554,14972.2,0.0985717,0.0739027,-0.322954,1.477,6.10702,1,0,85.4,85.4,83.3
"2024-11-21",1,-0.231444,5.28445,69.9579,1.978,126.402,14.9157,250.506,16.9473,0.0416667,24.9077,0.0208333,1994.01,0.0208333,0.120412,0.0625,1.17288,1.45988,1.29329,1.16186,9.20624,5.34933,0.232405,8.80392,6.63484,1.03592,1.45842,428.036,0.0708256,0.0590314,0,10.9212,1.28872,4.73604,1.46425,2.15202,47856.1,-0.124844,1.21604,1.5136,1.34089,1.20462,0.795419,0.462182,0.240958,0.760659,318.472,49.724,70.0042,10272.9,0.073432,0.0612037,0.680406,0.595094,2.8061,0,0,95.8,97.9,93.8
"2024-11-22",1,0.168778,4.90874,76.49,1.80445,112.676,20.4234,230.256,19.2122,0.270833,17.9977,0.270833,1444.3,0.270833,-0.203811,0.479167,1.45882,1.45748,1.25501,1.2188,10.818,8.01973,0.324067,8.21629,7.17889,1.14681,1.43955,643.705,0.140482,0.149034,0,9.73517,1.76458,4.35319,1.65993,1.555,34663.3,0.211311,1.51251,1.51111,1.3012,1.26365,0.934679,0.692905,0.335992,0.709887,344.587,55.0468,69.0985,15448.9,0.145652,0.154518,1.06748,0.483681,1.82192,1,0,72.9,72.9,52.1
"2024-11-23",1,5.45166,5.43184,70.4839,3.39998,105.783,26.4927,215.75,6.09966,0.0416667,26.5566,0.0208333,2142.98,0.0208333,-0.318002,0.208333,1.6703,1.35875,1.35229,1.21976,11.5775,7.76157,0.322101,7.94866,7.03558,1.29902,1.15806,625.013,0.150069,0.0990162,0,9.13962,2.28897,4.07896,0.52701,2.29449,51431.5,0.329705,1.73176,1.40875,1.40206,1.26465,1.0003,0.6706,0.333954,0.686764,337.708,62.3529,55.5867,15000.3,0.155592,0.10266,0.229685,0.813216,1.23265,1,1,95.8,97.9,79.2
"2024-11-24",1,4.65124,6.21922,81.2366,1.8321,105.513,35.5633,215.994,17.1408,0.229167,28.0821,0.291667,2259.79,0.291667,-0.356058,0.291667,1.84375,1.36151,1.48769,1.38854,13.1021,9.33265,0.321775,8.29174,6.82425,1.26541,1.07519,751.146,0.130277,0.129398,0,9.11635,3.07267,4.08356,1.48097,2.4263,54235,0.369161,1.9116,1.41161,1.54244,1.43964,1.13202,0.806341,0.333617,0.716406,327.564,60.7396,51.6091,18027.5,0.135071,0.134159,0.610382,0.620971,1.27162,1,0,77.1,70.8,70.8
"2024-11-25",1,-1.82309,4.70383,62.4521,2.15666,120.581,29.9317,234.803,35.8962,0.229167,26.655,0.208333,2129.67,0.208333,0.233903,0.333333,1.0227,1.50098,1.2566,1.41558,10.3349,5.30124,0.235821,8.93647,6.41789,1.149,1.00999,423.668,0.109783,0.149239,0,10.4182,2.5861,4.43916,3.10143,2.30299,51112.1,-0.24251,1.06033,1.55622,1.30284,1.46767,0.892934,0.458027,0.244499,0.772111,308.059,55.1518,48.4796,10168,0.113823,0.154731,1.3467,0.426131,2.0898,0,0,77.1,79.2,66.7
"2024-11-26",1,-1.02736,3.10842,69.7886,2.16242,39.1301,-13.1431,89.051,-4.13346,0.229167,14.972,0.291667,1200.93,0.291667,0.362199,0.5,0.677036,0.655242,1.03924,1.271,9.8134,6.04446,0.347771,2.93715,5.78619,1.37316,1.04231,484.646,0.134309,0.120968,56.642,3.38084,-1.13556,1.68359,-0.357131,1.29358,28822.2,-0.375528,0.701951,0.679355,1.07748,1.31778,0.847878,0.522242,0.360568,0.25377,277.737,65.9116,50.031,11631.5,0.139252,0.12542,-0.27608,1.38137,-0.824658,0,0,77.1,70.8,50
"2024-11-27",1,-1.27612,3.299,78.3878,1.24142,58.3119,-0.0153396,124.711,5.78935,0,14.5376,0.0208333,1161.28,0.0208333,0.289606,0.0416667,0.780685,0.703353,1.07029,1.2272,8.7689,4.11587,0.230832,6.72615,5.48007,1.2824,0.901783,328.45,0.107387,0.0841422,0,5.03815,-0.00132534,2.35777,0.5002,1.25605,27870.8,-0.300263,0.809415,0.729236,1.10968,1.27236,0.757633,0.355611,0.239327,0.581139,263.043,61.555,43.2856,7882.8,0.111339,0.0872386,0.398233,0.715188,-1325.13,0,0,100,97.9,95.8
"2024-11-28",1,-3.76894,2.66527,77.44,1.18011,78.9016,4.23197,166.198,16.5338,0.0416667,12.1434,0.0625,970.405,0.0625,0.298112,0.208333,0.697016,0.756262,0.995128,1.29411,8.52071,4.2456,0.301851,8.94315,5.62869,1.11682,0.805167,338.645,0.0964093,0.102192,0,6.8171,0.365642,3.14212,1.42852,1.04919,23289.7,-0.309083,0.722666,0.784093,1.03175,1.34174,0.736189,0.36682,0.312959,0.772688,270.177,53.6073,38.648,8127.47,0.0999572,0.105953,1.36155,0.423451,6.77633,0,0,95.8,93.8,79.2
"2024-11-29",1,-7.64545,1.331,76.3076,0.866638,71.2025,4.53779,143.977,17.6725,0.208333,10.0343,0.208333,796.998,0.208333,0.551214,0.395833,0.298142,0.650431,0.849356,1.43,8.2974,4.37572,0.274119,8.18718,5.84845,0.706308,0.837494,347.322,0.0884962,0.123932,0,6.1519,0.392065,2.72201,1.5269,0.866961,19128,-0.571499,0.309113,0.674367,0.880612,1.48262,0.716896,0.378062,0.284207,0.707372,280.725,33.9028,40.1997,8335.73,0.0917528,0.128493,1.76122,0.362159,6.10579,0,0,81.2,81.2,62.5
"2024-11-30",1,-5.91489,1.1661,66.0488,-9999,54.6232,16.6508,113.973,21.8828,0.0625,9.61053,0.0833333,763.775,0.0833333,0.781459,0.1875,0.0681691,0.477993,0.849629,1.56947,7.39876,3.45393,0.203123,5.17404,5.86882,0.850958,0.971798,274.484,0.0726534,0.0401842,0,4.71945,1.43863,2.15475,1.89067,0.83035,18330.6,-0.810217,0.0706777,0.495583,0.880895,1.62723,0.639253,0.29842,0.210597,0.447037,281.703,40.846,46.6463,6587.61,0.075327,0.0416629,2.27696,0.305161,1.8914,0,0,93.8,91.7,81.2
"2024-12-01",1,-4.41024,1.34536,69.5081,1.41397,73.0722,20.9529,151.582,23.1215,0.1875,7.46764,0.145833,594.574,0.145833,0.530956,0.333333,0.360621,0.596783,0.891577,1.57444,8.25546,4.33666,0.331477,7.45525,6.18404,1.04461,1.36879,345.391,0.0697982,0.0633989,0,6.31343,1.81033,2.8658,1.9977,0.645204,14269.8,-0.550495,0.373892,0.618744,0.924387,1.63237,0.713272,0.374688,0.343675,0.644133,296.834,50.1414,65.702,8289.38,0.0723667,0.065732,3.09623,0.244127,1.4599,0,0,81.2,85.4,66.7
"2024-12-02",1,-5.97339,1.22728,73.7499,1.05551,101.064,27.0089,194.318,36.4162,0.104167,10.0091,0.104167,795.841,0.104167,0.811212,0.333333,0.0845362,0.737023,0.895749,1.52588,7.86379,3.80237,0.290609,8.263,6.5286,0.787888,1.41804,302.322,0.0616616,0.0842618,0,8.73189,2.33357,3.67376,3.14636,0.864787,19100.2,-0.841065,0.0876471,0.764146,0.928712,1.58203,0.679432,0.328525,0.301304,0.713923,313.373,37.8186,68.0657,7255.74,0.0639307,0.0873626,3.63831,0.215596,1.71889,0,0,89.6,89.6,66.7
"2024-12-03",1,-2.62436,0.799529,71.5691,1.76749,110.012,20.8784,213.622,26.4066,0.0416667,9.55895,0.0416667,764.202,0.0416667,0.795863,0.229167,0.0575357,0.774532,0.853399,1.42693,8.5442,3.72932,0.290965,7.88594,6.5747,0.814401,1.47264,297.94,0.0559731,0.0804748,0,9.50504,1.80389,4.03872,2.28153,0.825894,18340.8,-0.825151,0.059653,0.803035,0.884804,1.47944,0.738219,0.322213,0.301672,0.681345,315.586,39.0913,70.6869,7150.55,0.0580329,0.0834362,2.7625,0.265781,1.72262,0,0,95.8,95.8,77.1
"2024-12-04",1,1.63129,1.53424,57.6829,3.07996,99.8781,8.82279,197.813,0.754772,0.166667,15.3247,0.1875,1229.7,0.1875,0.62433,0.270833,0.330399,0.686412,0.954728,1.52366,8.76707,4.02967,0.144877,8.61404,6.61532,0.834813,1.46602,323.395,0.066576,0.0728582,0,8.62947,0.762289,3.73983,0.0652123,1.32405,29512.7,-0.647305,0.342557,0.711672,0.989862,1.57973,0.757475,0.348163,0.150208,0.744253,317.536,40.071,70.3689,7761.48,0.069026,0.0755394,0.049252,0.95306,1.82249,0,0,83.3,81.2,72.9
"2024-12-05",1,-8.1957,0.650411,56.5814,1.51348,88.5046,9.80451,178.631,26.16,0,9.16471,0.0208333,726.824,0.0208333,0.705444,0.104167,0.142542,0.60784,0.847986,1.35195,7.69325,3.22721,0.155925,8.21093,6.8335,0.411068,1.48614,256.018,0.0655815,0.0717109,0,7.64679,0.847109,3.37717,2.26023,0.791831,17443.8,-0.731405,0.147787,0.630209,0.879192,1.4017,0.664697,0.278831,0.161663,0.709424,328.008,19.7312,71.3348,6144.44,0.0679949,0.0743499,2.85443,0.259442,3.60291,0,0,100,97.9,89.6
"2024-12-06",1,-0.554265,0.481646,54.1907,3.27881,107.327,17.1213,215.814,20.6623,0.104167,10.9159,0.0833333,874.534,0.0833333,0.436124,0.229167,0.382731,0.703573,0.818854,1.19785,8.70457,2.81342,0.184354,7.88332,6.94775,0.693262,1.47645,225.203,0.105696,0.17221,0,9.27305,1.47928,4.08016,1.78522,0.943131,20988.8,-0.452173,0.396815,0.729465,0.848988,1.24193,0.752075,0.24308,0.191139,0.681119,333.492,33.2766,70.8697,5404.88,0.109585,0.178548,1.89287,0.345678,1.84438,0,0,89.6,91.7,77.1
"2024-12-07",1,6.12491,1.26171,54.0434,6.00029,89.798,10.9664,179.752,-2.61709,0.1875,13.1578,0.166667,1063.85,0.166667,0.21567,0.333333,0.662652,0.628132,0.878322,1.02675,8.26363,2.72574,0.17958,7.50409,6.94434,0.906012,1.51882,219.009,0.123833,0.182207,0,7.75855,0.947493,3.39838,-0.226116,1.13683,25532.4,-0.223606,0.687037,0.651248,0.910644,1.06453,0.713978,0.235504,0.186189,0.648354,333.328,43.4886,72.9034,5256.2,0.12839,0.188912,-0.1989,1.24828,0.961184,0,1,81.2,83.3,66.7
"2024-12-08",1,6.43554,2.7961,70.1437,3.67777,106.303,19.2809,212.63,9.65211,0.125,10.9738,0.208333,888.506,0.208333,0.219171,0.395833,0.815597,0.736728,1.03477,1.08053,9.12451,3.16996,0.222859,7.9071,6.96904,1.08775,1.50833,255.598,0.119728,0.173407,0,9.18456,1.66587,4.01997,0.833943,0.948138,21324.1,-0.227236,0.845611,0.76384,1.07285,1.12029,0.788358,0.273885,0.231061,0.683174,334.514,52.2118,72.3997,6134.35,0.124134,0.179788,0.879559,0.53204,1.06976,0,1,87.5,79.2,60.4
"2024-12-09",1,1.40854,2.29684,69.4191,2.64534,90.0305,6.67766,181.735,3.64296,0.1875,13.7942,0.25,1109.73,0.25,0.416457,0.4375,0.504737,0.653588,0.921194,1.02739,9.97196,5.62934,0.220834,8.64562,6.77549,0.760654,1.47301,452.505,0.117672,0.170907,0,7.77863,0.57695,3.43587,0.314751,1.19182,26633.5,-0.431782,0.523311,0.67764,0.955093,1.0652,0.861577,0.486375,0.22896,0.746982,325.223,36.5114,70.7045,10860.1,0.122002,0.177196,0.264093,0.791081,2.61127,0,0,81.2,75,56.2
"2024-12-10",1,-0.410229,1.84284,71.827,1.95488,84.2477,15.1292,176.353,9.74887,0.208333,10.4729,0.229167,839.281,0.229167,0.318801,0.3125,0.507031,0.63477,0.825831,0.985186,10.1375,4.17234,0.216166,8.87726,6.57429,0.722983,1.51485,333.9,0.0894035,0.117365,0,7.279,1.30717,3.33411,0.842303,0.904859,20142.8,-0.330532,0.525689,0.65813,0.856222,1.02144,0.875878,0.36049,0.224121,0.766995,315.566,34.7032,72.7129,8013.59,0.0926936,0.121684,0.930867,0.517902,1.3366,0,0,79.2,77.1,68.8
"2024-12-11",1,-6.62116,1.16121,57.534,1.5885,86.489,20.4255,169.341,28.0811,0,12.4163,0.0416667,986.363,0.0416667,0.810725,0.0833333,-0.0726869,0.692744,0.738038,0.918503,9.56878,2.64253,0.184097,8.4658,6.73294,0.501448,1.56128,209.921,0.0738167,0.0925083,0,7.47265,1.76476,3.20155,2.42621,1.07277,23672.7,-0.84056,-0.0753618,0.718237,0.765198,0.952304,0.826743,0.228315,0.190872,0.731445,323.181,24.0695,74.9413,5038.09,0.0765332,0.0959126,2.26163,0.306595,1.98269,0,0,100,95.8,91.7
"2024-12-12",1,-7.78028,0.534441,53.36,1.6515,85.4345,16.9569,176.61,24.2707,0,5.42146,0.0208333,430.384,0.0208333,0.49004,0.166667,0.184126,0.698994,0.674167,0.861157,10.277,2.31065,0.165845,7.48144,6.49285,0.417382,1.5193,183.487,0.0665357,0.0796386,57.404,7.38154,1.46508,3.33897,2.09699,0.468414,10329.2,-0.508074,0.190902,0.724717,0.698976,0.892847,0.887933,0.19964,0.171948,0.646396,311.657,20.0344,72.9264,4403.7,0.0689843,0.0825693,4.47679,0.182589,1.75104,0,0,100,97.9,83.3
"2024-12-13",1,-5.39892,-0.0077575,72.6546,-9999,65.8974,20.239,135.805,18.8291,0.0833333,7.33719,0.3125,583.587,0.3125,0.854523,0.333333,-0.22261,0.590644,0.631912,0.815084,8.56359,3.49003,0.349175,7.03744,6.39074,0.574831,1.47845,277.761,0.0761194,0.105384,0.254,5.69353,1.74865,2.56751,1.62683,0.633933,14006.1,-0.885969,-0.230802,0.61238,0.655167,0.84508,0.739894,0.301539,0.362025,0.608034,306.756,27.5919,70.9657,6666.27,0.0789206,0.109262,2.56625,0.280407,1.29286,0,0,91.7,68.8,66.7
"2024-12-14",1,0.349597,0.505749,97.0654,-9999,21.5008,15.4066,50.8238,-5.16196,0.354167,6.33909,0.6875,506.822,0.6875,0.812689,0.75,-0.0457604,0.265837,0.766929,0.879123,9.52099,3.97753,0.185007,3.63005,5.98497,0.772419,1.22406,317.971,0.0958483,0.0314609,2.032,1.85767,1.33113,0.96087,-0.445993,0.547697,12163.7,-0.842596,-0.0474444,0.27562,0.795152,0.911474,0.822614,0.343659,0.191815,0.313636,287.278,37.0761,58.7547,7631.3,0.0993756,0.0326187,-0.814306,5.3852,0.0764045,0,0,64.6,31.2,25
"2024-12-15",1,0.790667,1.83556,96.8722,0.252031,55.5385,22.4718,116.759,3.0549,0.5,13.104,0.520833,1050.51,0.520833,0.479154,0.541667,0.567029,0.579881,1.04618,1.04148,13.3069,7.83734,0.326545,5.33985,5.73799,0.810613,0.900756,628.624,0.0985731,0.128192,0,4.79853,1.94156,2.20743,0.263944,1.13218,25212.2,-0.496787,0.587896,0.601221,1.08468,1.07981,1.14971,0.677147,0.338562,0.461363,275.423,38.9094,43.2363,15087,0.102201,0.132909,0.233128,0.810946,0.719075,0,0,50,47.9,45.8
"2024-12-16",1,1.01204,1.83508,60.9912,3.24267,105.209,16.6529,207.94,-2.45772,0.25,21.8366,0.291667,1761.26,0.291667,0.557991,0.541667,0.609094,0.896565,1.16709,1.05274,11.3093,7.67697,0.232364,7.98549,6.01295,0.777025,1.1662,618.753,0.0971421,0.17445,0,9.09005,1.43881,3.93129,-0.212347,1.88669,42270.3,-0.578525,0.631509,0.929559,1.21003,1.09148,0.97712,0.66329,0.240915,0.689947,288.622,37.2972,55.9776,14850.1,0.100717,0.180869,-0.11255,1.12682,1.1637,0,0,75,70.8,45.8
"2024-12-17",1,-0.149534,1.09438,73.3596,1.70537,26.008,-9.0564,60.9136,-9.08076,0.208333,5.38982,0.291667,431.41,0.291667,0.678418,0.416667,0.482128,0.379801,1.16055,0.975579,8.72194,3.58953,0.183046,2.41064,5.22409,0.75466,0.702838,287.123,0.0722495,0.0492441,0,2.24709,-0.782473,1.15163,-0.784578,0.465681,10353.8,-0.703384,0.49987,0.393778,1.20325,1.01148,0.753576,0.310135,0.189782,0.20828,250.756,36.2237,33.7362,6890.95,0.0749083,0.0510563,-1.6848,-1.46029,0.40755,0,0,79.2,70.8,58.3
"2024-12-18",1,-2.05018,1.35408,79.3728,1.14813,98.5098,14.6817,197.663,15.1142,0.104167,9.3929,0.104167,750.057,0.104167,0.406215,0.125,0.910152,0.90506,1.31637,1.01657,9.32559,2.95164,0.230058,7.65492,5.99604,0.66369,1.15784,235.606,0.063937,0.0861188,0,8.51124,1.2685,3.737,1.30587,0.811547,18001.4,-0.421164,0.943645,0.938366,1.36481,1.05398,0.805731,0.255022,0.238524,0.661385,287.81,31.8571,55.5765,5654.55,0.0662899,0.0892879,1.60911,0.383272,1.66923,0,0,89.6,89.6,87.5
"2024-12-19",1,0.882926,1.45537,60.9213,3.23071,98.2863,10.8282,191.868,1.89784,0.270833,16.0204,0.5,1291.53,0.5,0.568782,0.4375,0.808719,0.926285,1.3775,1.04088,9.77132,8.2014,0.241092,7.68665,5.8942,0.734629,1.16966,660.865,0.080407,0.0947836,0,8.49193,0.935557,3.62743,0.163974,1.38416,30996.8,-0.589713,0.83848,0.960372,1.42819,1.07919,0.844242,0.708601,0.249964,0.664127,282.921,35.2622,56.1437,15860.8,0.083366,0.0982716,0.118464,0.894083,1.65477,0,0,72.9,50,56.2
"2024-12-20",1,-8.80772,0.366695,68.8982,1.03668,81.0791,0.0496506,164.075,22.405,0.145833,5.58127,0.354167,442.938,0.354167,1.46371,0.333333,-0.296848,0.862012,1.16686,0.926012,7.55297,3.99742,0.517461,7.26735,5.59492,0.478919,1.04997,316.889,0.0740107,0.111371,0,7.00524,0.00428981,3.10199,1.9358,0.482222,10630.5,-1.51758,-0.307772,0.893734,1.2098,0.960089,0.652576,0.345377,0.536504,0.627899,268.556,22.9881,50.3985,7605.34,0.0767343,0.11547,4.01432,0.199429,563.665,0,0,85.4,64.6,66.7
"2024-12-21",1,-5.5351,-0.110751,72.7959,1.4222,105.617,16.4216,203.642,21.0532,0.229167,9.20531,0.229167,734.509,0.229167,1.55668,0.354167,-0.480621,1.02205,1.07605,0.884645,9.81193,4.41376,0.325327,7.72736,5.94504,0.649629,1.25518,351.61,0.0812531,0.14413,0,9.12532,1.41882,3.85003,1.819,0.795338,17628.2,-1.61396,-0.498308,1.05966,1.11565,0.9172,0.847751,0.381349,0.337299,0.667644,285.362,31.1822,60.2488,8438.65,0.0842432,0.149434,2.28707,0.304222,1.84261,0,0,79.2,79.2,64.6
"2024-12-22",1,2.54626,0.0443424,68.6414,3.04818,94.821,9.84802,195.206,6.53014,0.0625,7.73024,0.0833333,622.332,0.0833333,0.661539,0.125,0.413688,0.989119,1.07523,0.911297,9.94137,5.56293,0.219868,7.4296,5.95606,1.18784,1.22567,447.925,0.0686049,0.0977275,0,8.19254,0.850869,3.69054,0.564204,0.667893,14936,-0.685884,0.428911,1.02552,1.1148,0.944833,0.858934,0.480637,0.227959,0.641918,285.891,57.0161,58.8323,10750.2,0.0711296,0.101324,0.844753,0.542078,1.44804,0,0,93.8,91.7,87.5
"2024-12-23",1,1.53282,0.297686,77.2777,1.75632,57.226,6.73972,124.497,6.07231,0.270833,5.41779,0.333333,434.846,0.333333,0.350166,0.458333,0.703254,0.766034,1.05342,0.949166,8.45576,5.67929,0.271303,5.7289,5.78016,1.03457,1.019,455.941,0.0847653,0.113315,0,4.94433,0.582311,2.35373,0.524648,0.468097,10436.3,-0.363052,0.729134,0.794224,1.09219,0.984095,0.730578,0.49069,0.281287,0.494977,277.448,49.6592,48.9121,10942.6,0.0878847,0.117485,1.12081,0.471518,1.70483,0,0,72.9,66.7,54.2
"2024-12-24",1,-1.88038,0.399838,92.2867,0.411557,20.7641,8.89624,49.4999,6.13256,0.145833,4.10986,0.25,327.716,0.25,0.565651,0.375,0.438184,0.421913,1.00384,0.970773,7.97367,5.58068,0.326977,1.61619,5.17908,0.826448,0.679422,444.968,0.0854889,0.0481968,0,1.79402,0.768635,0.93584,0.529853,0.355092,7865.2,-0.586467,0.454309,0.437439,1.04078,1.0065,0.688925,0.482171,0.33901,0.139638,248.596,39.6695,32.6123,10679.2,0.0886349,0.0499705,1.49216,0.401259,1.15132,0,0,85.4,75,62.5
"2024-12-25",1,0.0711945,0.840551,96.5103,0.230207,17.7619,11.3947,40.023,2.97735,0.104167,5.59763,0.375,447.262,0.375,0.402408,0.375,0.596831,0.380307,0.999239,1.03234,7.86806,5.71812,0.325236,1.49784,5.17251,0.954857,0.632292,456.944,0.0954082,0.0443111,0,1.53463,0.9845,0.756671,0.257243,0.483635,10734.3,-0.417216,0.618794,0.394302,1.03601,1.07033,0.679801,0.494045,0.337205,0.129413,248.28,45.8331,30.35,10966.7,0.0989192,0.0459417,0.531894,0.652787,0.752543,0,0,89.6,62.5,62.5
"2024-12-26",1,3.25058,2.19619,99.7626,0.0166686,12.3947,9.29206,30.1641,-0.0252719,0.166667,0.137638,0.4375,11.056,0.4375,0.955667,0.4375,0.19113,0.332979,1.1468,1.3557,5.48383,3.14802,0.281944,1.033,5.20039,0.961227,0.571836,252.312,0.281924,19.6925,0,1.0709,0.802834,0.570279,-0.00218349,0.0118919,265.345,-0.990836,0.198163,0.345232,1.189,1.40559,0.473802,0.271989,0.29232,0.0892508,249.618,46.1389,27.4481,6055.48,0.292299,20.4172,-0.183611,1.22491,0.0120927,0,0,83.3,56.2,56.2
"2024-12-27",1,5.67869,3.47419,95.7932,0.420868,21.7718,11.9789,52.1396,-0.908219,0.1875,3.39749,0.416667,273.411,0.416667,0.96552,0.458333,0.372103,0.543801,1.33762,1.90076,5.7664,3.25134,0.290809,2.63482,4.98364,1.12173,0.709325,261.335,0.304715,20.169,0,1.88108,1.03498,0.985747,-0.0784701,0.293543,6561.86,-1.00105,0.385797,0.563813,1.38685,1.9707,0.498217,0.280916,0.30151,0.227649,239.215,53.843,34.0476,6272.04,0.315928,20.9112,-0.26732,1.36485,0.207804,0,1,81.2,58.3,54.2
"2024-12-28",1,3.41829,3.21986,86.2958,1.84626,95.9972,24.8159,197.884,7.35406,0.3125,13.4865,0.5,1087.19,0.5,0.634912,0.479167,0.65039,0.945763,1.2853,1.9273,8.94619,6.69415,0.281333,7.80402,4.30252,1.22944,1.19206,539.765,0.467291,2.42388,0,8.29415,2.14409,3.74118,0.635391,1.16524,26092.5,-0.658277,0.674324,0.980567,1.3326,1.99822,0.772951,0.578375,0.291686,0.674267,206.521,59.0132,57.219,12954.4,0.484487,2.51308,0.545289,0.647128,0.839809,0,0,68.8,50,52.1
"2024-12-29",1,3.49963,3.18813,76.8306,2.36173,102.992,27.1057,206.868,17.7255,0.458333,15.8448,0.5,1274.91,0.5,0.579681,0.5625,0.685739,0.851443,1.26542,1.73454,8.59472,7.33624,0.346118,7.79093,3.55644,1.209,1.15142,589.684,0.443119,2.98634,0,8.89848,2.34194,3.91103,1.53148,1.36899,30597.8,-0.601013,0.710975,0.882777,1.31199,1.79837,0.742584,0.633851,0.358855,0.673137,170.709,58.0321,55.2683,14152.4,0.459425,3.09623,1.11869,0.471989,1.23849,0,0,54.2,50,43.8
"2024-12-30",1,2.25808,2.97874,94.0063,-9999,8.66389,-1.14429,23.4931,-4.68274,0.395833,1.61518,0.708333,129.319,0.708333,1.02251,0.75,0.203433,0.103859,1.22594,1.59117,4.49878,6.21945,0.394026,0.988199,3.23996,0.868755,0.448892,497.759,0.113532,0.0189922,14.224,0.74856,-0.0988667,0.444158,-0.404589,0.139551,3103.66,-1.06014,0.21092,0.107681,1.27106,1.64973,0.388695,0.537361,0.408527,0.0853804,155.518,41.7003,21.5468,11946.2,0.11771,0.0196911,-2.89921,-0.526534,2.68076,0,0,60.4,29.2,25
"2024-12-31",1,-0.4705,-9999,78.5211,-9999,15.938,-9999,37.1223,-4.17092,0.25,20.4818,0.25,1635.01,0.25,1.00694,0.25,0.101824,0.18178,1.10877,1.46529,5.85809,7.85846,0.39071,1.26488,3.33511,0.850393,0.523716,627.316,0.0766301,0.026145,-9999,1.37705,-9999,0.701831,-0.360367,1.76963,39240.2,-1.044,0.105572,0.18847,1.14957,1.51921,0.506139,0.678971,0.405088,0.109286,160.085,40.8189,25.1384,15055.6,0.0794501,0.0271072,-0.20364,1.25571,-9999,0,0,75,75,75
