"Intervals","days","Tair_mean","Tsoil_mean","RH_mean","VPD_mean","GR_mean","Rn_mean","PAR_mean","SWC_mean","H_f_mean","H_fqc_mean","LE_f_mean","LE_fqc_mean","ET_f_mean","ET_fqc_mean","NEE_uStar_f_mean","NEE_uStar_fqc_mean","GPP_uStar_f_mean","GPP_DT_uStar_mean","Reco_uStar_mean","Reco_DT_uStar_mean","H_fsd_mean","LE_fsd_mean","NEE_uStar_fsd_mean","Rg_fsd_mean","Tair_fsd_mean","Tsoil_fsd_mean","VPD_fsd_mean","ET_fsd_mean","Reco_DT_uStar_SD_mean","GPP_DT_uStar_SD_mean","P_sum","GR_sum","Rn_sum","PAR_sum","H_f_sum","LE_f_sum","ET_f_sum","NEP_uStar_f_sum","GPP_uStar_f_sum","GPP_DT_uStar_sum","Reco_uStar_sum","Reco_DT_uStar_sum","H_fsd_sum","LE_fsd_sum","NEP_uStar_fsd_sum","Rg_fsd_sum","Tair_fsd_sum","Tsoil_fsd_sum","VPD_fsd_sum","ET_fsd_sum","Reco_DT_uStar_SD_sum","GPP_DT_uStar_SD_sum","bowen_ratio_f","evaporative_fraction","closure_fraction","CUP","GSL","H_orig","LE_orig","NEE_uStar_orig"
"-","-","C","C","%","Pa","W+1m-2","W+1m-2","umol+1m-2s-1","m3 m-3","W+1m-2","-","W+1m-2","-","mm hour-1","-","umol+1s-1m-2","-","umol+1s-1m-2","umol+1s-1m-2","umol+1s-1m-2","umol+1s-1m-2","W+1m-2","W+1m-2","umol+1s-1m-2","-","C","C","hPa","mm hour-1","umol+1s-1m-2","umol+1s-1m-2","mm day-1","MJ m-2 day-1","MJ m-2 day-1","MJ m-2 day-1","MJ m-2 day-1","MJ m-2 day-1","mm day-1","g(C) m-2 day-1","g(C) m-2 day-1","g(C) m-2 day-1","g(C) m-2 day-1","g(C) m-2 day-1","MJ m-2 day-1","MJ m-2 day-1","g(C) m-2 day-1","MJ m-2 day-1","C day-1","C day-1","hPa day-1","mm day-1","g(C) m-2 day-1","g(C) m-2 day-1","-","-","-","days day-1","days day-1","%","%","%"
"2024-01-01",1,-5.00547,-9999,85.0826,-9999,130.49,-9999,230.868,-9999,24.9542,1.5,11.4636,1.5,914.497,1.5,0.883133,1.5,-0.339916,0.0925593,0.543217,0.473724,-9999,-9999,-9999,9.61203,2.89688,-9999,0.356126,-9999,-9999,-9999,0,11.2744,-9999,4.36478,2.15604,0.990451,21947.9,-0.915633,-0.352425,0.0959655,0.563208,0.491157,-9999,-9999,-9999,0.830479,139.05,-9999,17.094,-9999,-9999,-9999,2.17683,0.314779,-9999,0,0,0,0,0
"2024-01-02",1,-1.81031,-9999,90.4448,-9999,97.7845,-9999,176.919,-9999,29.0865,0.645833,11.4083,0.645833,912.077,0.645833,0.708778,0.708333,-0.158599,0.0954566,0.550178,0.477073,17.1355,6.8541,0.292074,8.06643,3.12968,0.164373,0.37397,548.596,0.38119,0.555133,0,8.44858,-9999,3.34482,2.51307,0.985681,21889.8,-0.734861,-0.164436,0.0989694,0.570425,0.49463,1.4805,0.592195,0.302823,0.69694,150.225,7.88993,17.9506,13166.3,0.395218,0.575562,2.54958,0.281724,-9999,0,0,35.4,35.4,29.2
"2024-01-03",1,-3.71917,0.266573,97.6651,0.105169,70.0489,45.1801,123.812,0.371421,21.6175,0.4375,6.50673,0.8125,519.752,0.8125,0.719256,0.791667,-0.188926,0.0915984,0.53033,0.467526,10.2184,5.32296,0.222403,7.61164,3.88688,0.15743,0.324292,425.192,0.299467,0.334401,0,6.05222,3.90356,2.34079,1.86775,0.562182,12474,-0.745724,-0.195878,0.0949692,0.549846,0.484731,0.88287,0.459904,0.230588,0.657645,186.57,7.55663,15.566,10204.6,0.310487,0.346707,3.32233,0.231357,0.622492,0,0,56.2,31.2,33.3
"2024-01-04",1,-1.65199,0.289475,93.0741,0.378196,24.2487,12.1305,55.7524,0.369642,9.05057,0.145833,5.04316,0.125,402.184,0.125,0.635198,0.0625,-0.103174,0.0877021,0.532023,0.46837,5.66503,2.58786,0.135125,1.96547,4.09964,0.105064,0.263236,206.451,0.213731,0.194803,0,2.09509,1.04808,1.05405,0.78197,0.435729,9652.42,-0.658573,-0.106971,0.0909295,0.551602,0.485606,0.489458,0.223591,0.140098,0.169817,196.783,5.04308,12.6353,4954.82,0.221596,0.201972,1.79462,0.35783,1.16184,0,0,85.4,87.5,93.8
"2024-01-05",1,-1.49679,0.394685,94.9702,0.295525,28.53,0.929289,73.0974,0.368637,4.88229,0.333333,3.49203,0.354167,278.725,0.354167,0.660769,0.479167,-0.120606,0.0954061,0.540163,0.472309,6.4136,2.80056,0.162045,2.39538,5.14904,0.108267,0.260139,223.567,0.261673,0.299625,0,2.46499,0.0802906,1.38197,0.421829,0.301712,6689.4,-0.685085,-0.125044,0.098917,0.560041,0.48969,0.554135,0.241969,0.168008,0.206961,247.154,5.19679,12.4867,5365.61,0.271303,0.310651,1.39812,0.416993,9.01153,0,0,66.7,64.6,52.1
"2024-01-06",1,-1.26718,0.418674,88.8953,0.641572,25.0482,9.5768,59.2416,0.367763,3.99642,0.145833,7.55065,0.333333,602.866,0.333333,0.77126,0.5,-0.194821,0.0912946,0.57644,0.473208,5.44944,2.6222,0.143923,3.00832,6.60888,0.106294,0.249578,209.309,0.238142,0.234995,0,2.16416,0.827435,1.12002,0.345291,0.652376,14468.8,-0.799643,-0.20199,0.0946542,0.597653,0.490622,0.470832,0.226558,0.149219,0.259919,317.226,5.10212,11.9797,5023.43,0.246906,0.243643,0.529282,0.653902,1.20573,0,0,85.4,66.7,50
"2024-01-07",1,-1.59532,0.511585,77.7951,1.21644,78.2093,24.4267,155.37,0.367169,17.0883,0,8.10284,0.0208333,646.55,0.0208333,0.663452,0.0833333,0.00141348,0.0901994,0.664866,0.476705,11.6862,3.29099,0.168313,7.10732,8.90309,0.131668,0.289392,262.659,0.213985,0.196311,0,6.75728,2.11047,2.93742,1.47643,0.700086,15517.2,-0.687867,0.00146549,0.0935187,0.689333,0.494248,1.00969,0.284342,0.174507,0.614073,427.348,6.32004,13.8908,6303.83,0.221859,0.203535,2.10893,0.321654,1.0313,0,0,100,97.9,91.7
"2024-01-08",1,0.200125,0.52553,94.3086,-9999,21.6865,6.76325,59.9345,0.367089,1.69385,0.729167,4.54392,0.833333,363.13,0.833333,0.762764,0.791667,-0.0162727,0.0877828,0.746491,0.477226,6.02761,4.85323,0.182669,1.87678,9.76084,0.098747,0.234404,387.679,0.391979,0,14.224,1.87372,0.584345,1.13312,0.146349,0.392595,8715.12,-0.790833,-0.0168716,0.0910132,0.773962,0.494787,0.520785,0.419319,0.189392,0.162154,468.52,4.73986,11.2514,9304.29,0.406404,0,0.372773,0.728453,0.922303,0,0,27.1,16.7,20.8
"2024-01-09",1,-7.01777,0.590593,88.0862,-9999,77.2569,-8.52289,174.425,0.375151,-2.24946,0.8125,6.72559,0.895833,533.871,0.895833,1.09633,0.895833,-0.269693,0.0928195,0.826636,0.479682,11.8629,16.4191,0.26797,7.22027,10.3459,0.136798,0.252557,1303.48,0.544474,0.802223,1.524,6.675,-0.736378,3.29767,-0.194353,0.581091,12812.9,-1.13667,-0.279618,0.0962353,0.857056,0.497334,1.02495,1.41861,0.277831,0.623832,496.602,6.56633,12.1227,31283.6,0.56451,0.831745,-0.334463,1.50255,-0.525189,0,0,18.8,12.5,10.4
"2024-01-10",1,-6.03873,0.493293,85.4194,0.610076,93.8642,-10.9955,196.757,0.375,-7.06378,0.3125,2.67928,0.375,213.968,0.375,1.06714,0.479167,-0.181446,0.0983451,0.88569,0.476015,14.1432,5.2285,0.188511,8.37353,10.3396,0.233942,0.255011,415.082,0.260033,0.281374,1.27,8.10987,-0.950007,3.71987,-0.61031,0.23149,5135.22,-1.10641,-0.188124,0.101964,0.918283,0.493533,1.22197,0.451742,0.195448,0.723473,496.302,11.2292,12.2405,9961.98,0.269602,0.291729,-2.63644,-0.611081,0.398755,0,0,68.8,62.5,52.1
"2024-01-11",1,-11.4296,0.393458,79.8661,-9999,81.0092,-2.65384,179.448,0.37312,5.25537,0.125,8.10677,0.25,640.215,0.25,1.07677,0.354167,-0.13467,0.0964899,0.942104,0.472267,6.83937,4.19608,0.149893,7.76602,10.0826,0.666833,0.255382,331.52,0.261696,0.303132,0.762,6.9992,-0.229291,3.39262,0.454064,0.700425,15365.1,-1.1164,-0.139626,0.100041,0.976773,0.489646,0.590922,0.362542,0.155409,0.670984,483.964,32.008,12.2583,7956.49,0.271327,0.314287,0.648269,0.606697,-5.03503,0,0,87.5,75,64.6
"2024-01-12",1,-15.6931,-9999,80.3402,-9999,68.4086,-9999,171.614,-9999,-7.95218,0.895833,2.60502,1.1875,205.396,1.1875,1.19745,1.1875,-0.28214,0.0912309,0.915306,0.446914,14.4077,-9999,-9999,5.0946,9.72598,0.684572,0.242582,-9999,-9999,-9999,5.08,5.9105,-9999,3.24452,-0.687068,0.225074,4929.51,-1.24151,-0.292523,0.0945882,0.94899,0.46336,1.24483,-9999,-9999,0.440174,466.847,32.8595,11.644,-9999,-9999,-9999,-3.05263,-0.487179,-9999,0,0,22.9,0,0
"2024-01-13",1,-21.9556,-9999,70.0976,-9999,110.428,-9999,218.299,-9999,-3.35391,1,2.7088,1,212.086,1,0.989556,1,-0.13954,0.0942582,0.850017,0.418099,-9999,-9999,-9999,9.10009,9.62032,-9999,0.236631,-9999,-9999,-9999,0.254,9.54102,-9999,4.12714,-0.289778,0.23404,5090.06,-1.02597,-0.144675,0.0977269,0.881297,0.433485,-9999,-9999,-9999,0.786247,461.775,-9999,11.3583,-9999,-9999,-9999,-1.23815,-4.19896,-9999,0,0,0,0,0
"2024-01-14",1,-25.6772,-9999,63.8166,-9999,104.083,-9999,202.959,-9999,-0.488307,1,2.93718,1,229.548,1,1.05682,1,-0.203606,0.0943791,0.85321,0.412746,-9999,-9999,-9999,9.06437,9.27669,-9999,0.220288,-9999,-9999,-9999,0,8.99273,-9999,3.83712,-0.0421897,0.253773,5509.15,-1.09571,-0.211099,0.0978522,0.884608,0.427935,-9999,-9999,-9999,0.783162,445.281,-9999,10.5738,-9999,-9999,-9999,-0.16625,1.1994,-9999,0,0,0,0,0
"2024-01-15",1,-20.2926,-9999,65.6823,-9999,82.0505,-9999,179.295,-9999,-13.8658,1,1.14,1,89.6978,1,1.1217,1,-0.240501,0.098053,0.881198,0.414609,-9999,-9999,-9999,6.11339,9.05259,-9999,0.209829,-9999,-9999,-9999,0,7.08916,-9999,3.38974,-1.19801,0.098496,2152.75,-1.16298,-0.249352,0.101661,0.913626,0.429867,-9999,-9999,-9999,0.528197,434.524,-9999,10.0718,-9999,-9999,-9999,-12.163,-0.0895815,-9999,0,0,0,0,0
"2024-01-16",1,-18.0697,-9999,58.1196,-9999,142.486,-9999,257.916,-9999,-11.1226,0.770833,2.95399,0.645833,232.939,0.645833,1.17399,0.645833,-0.273631,0.100031,0.900363,0.413862,9.54177,2.19219,0.116198,9.21424,8.97198,0.759566,0.231739,172.953,0.301063,0.242382,0,12.3108,-9999,4.87613,-0.960992,0.255225,5590.55,-1.2172,-0.283701,0.103712,0.933496,0.429092,0.824409,0.189405,0.120474,0.79611,430.655,36.4592,11.1235,4150.88,0.312142,0.251302,-3.76528,-0.361627,-9999,0,0,22.9,35.4,35.4
"2024-01-17",1,-9.58825,-1.08829,70.7802,0.913112,105.218,0.694578,224.813,0.357347,-1.3659,0.145833,3.23738,0.104167,257.185,0.104167,0.912978,0.666667,0.0276345,0.100091,0.940612,0.418253,6.78253,3.01795,0.211769,8.74519,9.97487,0.60487,0.23119,239.195,0.252171,0.33695,0,9.09081,0.0600115,4.2503,-0.118014,0.279709,6172.44,-0.946575,0.0286514,0.103775,0.975226,0.433645,0.586011,0.260751,0.219562,0.755585,478.794,29.0338,11.0971,5740.69,0.261451,0.34935,-0.421915,1.72985,2.69441,0,0,85.4,89.6,33.3
"2024-01-18",1,-10.8894,-0.914845,82.1872,-9999,58.8174,-16.0267,153.653,0.353236,-3.40996,0.333333,2.5715,0.770833,203.733,0.770833,1.08342,1.02083,-0.0967011,0.096707,0.986716,0.424392,5.80911,4.05601,0.201107,4.99995,10.8645,0.56251,0.21048,321.317,0.3083,0.299697,1.524,5.08183,-1.38471,2.90495,-0.29462,0.222177,4889.6,-1.12329,-0.10026,0.100266,1.02303,0.44001,0.501907,0.350439,0.208508,0.431996,521.498,27.0005,10.103,7711.6,0.319646,0.310726,-1.32606,-3.06693,0.0523165,0,0,66.7,31.2,12.5
"2024-01-19",1,-18.6887,-1.23757,70.6908,0.430112,133.683,-30.064,263.69,0.348786,-13.6139,0.0208333,2.99722,0.0208333,236.273,0.0208333,1.1866,0.291667,-0.283981,0.09557,0.902618,0.412956,4.00184,1.55828,0.0686559,9.22139,10.8916,0.265951,0.246408,122.649,0.214273,0.270074,0,11.5502,-2.59753,4.98529,-1.17624,0.258959,5670.55,-1.23027,-0.294432,0.099087,0.935835,0.428152,0.345759,0.134635,0.0711825,0.796728,522.798,12.7657,11.8276,2943.58,0.222158,0.280013,-4.54219,-0.282311,0.353138,0,0,97.9,97.9,70.8
"2024-01-20",1,-20.2207,-1.75089,73.9882,0.350587,144.487,-4.27055,263.774,0.34375,-4.14616,0.1875,0.716556,0.166667,56.5254,0.166667,1.0178,0.416667,-0.24298,0.0958371,0.774822,0.395062,3.87824,1.75607,0.0967191,10.0394,11.0036,0.245306,0.251875,137.978,0.218428,0.28566,0,12.4837,-0.368975,4.98689,-0.358228,0.0619104,1356.61,-1.05526,-0.251922,0.0993639,0.803335,0.4096,0.33508,0.151724,0.100278,0.867405,528.174,11.7747,12.09,3311.47,0.226466,0.296172,-5.78624,-0.208932,0.803083,0,0,81.2,83.3,58.3
"2024-01-21",1,-8.17273,-1.4668,69.8129,1.07798,119.397,-5.36396,247.185,0.33774,-19.6105,0.0208333,10.391,0.104167,826.974,0.104167,1.01257,0.0416667,-0.266887,0.0956483,0.745681,0.404957,6.05049,2.93888,0.111758,9.1012,10.8722,0.372411,0.315013,233.978,0.181428,0.194114,0,10.3159,-0.463446,4.67325,-1.69435,0.897779,19847.4,-1.04983,-0.276708,0.0991682,0.773122,0.419859,0.522762,0.25392,0.115871,0.786344,521.865,17.8757,15.1206,5615.47,0.188104,0.201258,-1.88726,-1.12706,1.71879,0,0,97.9,89.6,95.8
"2024-01-22",1,-0.623479,-0.828848,88.6945,0.637795,57.8483,-1.01958,151.587,0.336155,-7.42868,0.0625,2.24755,0.0625,179.693,0.0625,0.89668,0.229167,-0.158177,0.0961414,0.738503,0.427473,4.3734,2.70197,0.137075,4.18382,9.82537,0.353323,0.296942,215.525,0.20849,0.247447,0,4.99809,-0.0880915,2.86589,-0.641838,0.194189,4312.62,-0.929678,-0.163998,0.0996794,0.76568,0.443204,0.377861,0.23345,0.142119,0.361482,471.618,16.9595,14.2532,5172.6,0.216162,0.256553,-3.30523,-0.433796,5.08164,0,0,93.8,93.8,77.1
"2024-01-23",1,0.475979,-0.43578,97.77,0.148146,58.3281,14.7931,152.508,0.340035,1.22076,0.3125,1.11524,0.4375,89.176,0.4375,0.732164,0.645833,-0.038879,0.0962736,0.693285,0.441642,4.78393,2.89236,0.204777,5.17612,9.24681,0.283085,0.345256,231.286,0.299595,0.460457,0,5.03954,1.27812,2.8833,0.105473,0.096357,2140.22,-0.759108,-0.0403097,0.0998165,0.718798,0.457894,0.413332,0.2499,0.212313,0.447217,443.847,13.5881,16.5723,5550.87,0.31062,0.477402,1.09461,0.477416,0.157911,0,0,68.8,56.2,35.4
"2024-01-24",1,0.93175,-0.235154,99.1922,0.0552639,69.5103,28.9881,170.77,0.346926,-0.697013,0.1875,1.46922,0.291667,117.531,0.291667,0.923148,0.645833,-0.300384,0.0962365,0.622763,0.448967,5.05371,3.18283,0.182844,6.44693,8.99952,0.266493,0.384412,254.661,0.262631,0.298109,0,6.00569,2.50457,3.22856,-0.0602219,0.12694,2820.74,-0.95712,-0.311438,0.099778,0.64568,0.465489,0.436641,0.274996,0.189573,0.557015,431.977,12.7917,18.4518,6111.86,0.272296,0.30908,-0.474412,1.90263,0.0266386,0,0,81.2,70.8,35.4
"2024-01-25",1,0.75334,-0.0479992,98.4744,0.1001,31.4205,13.5467,88.0968,0.355006,-0.365599,0.0833333,1.34027,0.25,107.199,0.25,0.935011,0.541667,-0.332301,0.0964513,0.60271,0.45584,4.09251,2.01296,0.139903,2.44467,8.86166,0.25506,0.388657,160.96,0.237216,0.283868,0,2.71473,1.17044,1.66555,-0.0315877,0.115799,2572.76,-0.96942,-0.34453,0.100001,0.62489,0.472615,0.353593,0.17392,0.145051,0.211219,425.36,12.2429,18.6555,3863.03,0.245945,0.294315,-0.27278,1.3751,0.071949,0,0,91.7,75,45.8
"2024-01-26",1,0.434722,0.00121106,95.1427,0.318308,45.1146,20.0398,115.761,0.363774,2.72895,0.0833333,4.9177,0.3125,393.339,0.3125,0.821965,0.395833,-0.225184,0.0939787,0.596781,0.457657,4.26522,2.58924,0.137619,3.50309,8.33043,0.283879,0.436137,207.028,0.22648,0.239488,0,3.8979,1.73144,2.18857,0.235781,0.42489,9440.14,-0.852213,-0.233471,0.0974371,0.618742,0.474499,0.368515,0.22371,0.142683,0.302667,399.861,13.6262,20.9346,4968.68,0.234814,0.248301,0.554923,0.643119,0.381573,0,0,91.7,68.8,60.4
"2024-01-27",1,-0.532472,0.0818839,92.3512,0.517725,98.8468,22.9502,217.843,0.388888,11.2067,0.125,5.69974,0.3125,456.369,0.3125,0.676456,0.520833,-0.0829224,0.095095,0.593533,0.460659,6.052,4.45341,0.167695,8.89628,6.50332,0.332402,0.541145,356.18,0.265538,0.340196,0,8.54037,1.9829,4.11851,0.968259,0.492458,10952.9,-0.70135,-0.085974,0.0985945,0.615375,0.477612,0.522893,0.384774,0.173867,0.768639,312.159,15.9553,25.975,8548.33,0.27531,0.352715,1.96618,0.337134,0.736658,0,0,87.5,68.8,47.9
"2024-01-28",1,0.419521,0.152057,80.1004,1.57847,147.53,41.8486,292.057,0.432887,12.8635,0.229167,11.8346,0.3125,950.865,0.3125,0.798554,0.625,-0.199119,0.0971532,0.599434,0.463277,8.08986,4.9402,0.272241,9.44451,4.24055,0.411801,0.550818,396.181,0.334157,0.505052,0,12.7466,3.61572,5.52161,1.11141,1.02251,22820.8,-0.82794,-0.206447,0.100728,0.621494,0.480326,0.698964,0.426834,0.28226,0.816006,203.546,19.7665,26.4393,9508.35,0.346454,0.523638,1.08694,0.47917,0.590177,0,0,77.1,68.8,37.5
"2024-01-29",1,2.3504,0.166221,82.3958,-9999,131.182,59.5046,269.483,0.488712,3.51064,0.604167,6.678,0.666667,538.454,0.666667,0.868492,0.6875,-0.248752,0.0997405,0.619741,0.463802,18.9261,8.71002,0.235646,9.95466,3.44777,0.495288,0.55435,700.77,0.346802,0.502288,0,11.3342,5.1412,5.09482,0.30332,0.576979,12922.9,-0.900452,-0.257906,0.103411,0.642547,0.48087,1.63521,0.752546,0.244318,0.860082,165.493,23.7738,26.6088,16818.5,0.359564,0.520772,0.525703,0.655436,0.171224,0,0,39.6,33.3,31.2
"2024-01-30",1,2.08083,0.218958,86.2844,-9999,143.353,45.9163,286.504,0.49395,9.72927,0.541667,10.2122,0.5625,821.599,0.5625,0.978286,0.625,-0.334062,0.100146,0.644224,0.465771,10.9495,6.68455,0.212863,9.4344,3.57546,0.552183,0.62577,535.595,0.298302,0.260355,0,12.3857,3.96716,5.41663,0.840609,0.882333,19718.4,-1.01429,-0.346355,0.103832,0.667932,0.482911,0.946039,0.577545,0.220696,0.815132,171.622,26.5048,30.037,12854.3,0.30928,0.269936,0.952711,0.512108,0.434301,0,0,45.8,43.8,37.5
"2024-01-31",1,4.02345,0.192284,87.0636,1.60403,142.394,75.529,289.189,0.485738,17.4185,0.458333,12.8916,0.583333,1040.48,0.583333,0.963242,0.6875,-0.301887,0.105238,0.661354,0.464773,19.3505,7.73843,0.295601,9.05859,3.95698,0.690083,0.774263,622.815,0.354383,0.534088,0,12.3029,6.5257,5.46739,1.50496,1.11383,24971.6,-0.998689,-0.312997,0.109111,0.685692,0.481877,1.67188,0.668601,0.30648,0.782662,189.935,33.124,37.1646,14947.6,0.367425,0.553743,1.35115,0.425324,0.401304,0,0,54.2,41.7,31.2
"2024-02-01",1,4.95535,0.15056,90.5839,1.03752,79.9043,38.2692,170.008,0.483509,5.0542,0.5,5.27967,0.520833,425.658,0.520833,0.758243,0.708333,-0.0815299,0.10728,0.676712,0.463205,16.0212,9.4174,0.323034,7.47431,4.73188,1.11058,1.0406,759.067,0.329124,0.460652,0,6.90373,3.30645,3.21416,0.436683,0.456164,10215.8,-0.786146,-0.0845302,0.111228,0.701616,0.480251,1.38423,0.813663,0.334922,0.64578,227.13,53.3078,49.9489,18217.6,0.341235,0.477604,0.957295,0.510909,0.270031,0,0,50,47.9,29.2
"2024-02-02",1,6.62821,0.516828,87.0323,1.46434,135.866,63.9289,281.959,0.485134,12.031,0.0208333,7.45741,0.0833333,603.664,0.0833333,1.00038,0.208333,-0.265658,0.103792,0.734723,0.476985,11.8783,6.92407,0.176303,9.50148,4.61068,1.37548,1.00957,557.45,0.223464,0.228024,0,11.7388,5.52345,5.3307,1.03948,0.64432,14487.9,-1.0372,-0.275434,0.107612,0.761761,0.494538,1.02628,0.59824,0.182791,0.820927,221.313,66.0229,48.4596,13378.8,0.231687,0.236415,1.6133,0.382659,0.304845,0,1,97.9,91.7,79.2
"2024-02-03",1,4.94447,0.866411,95.4199,-9999,17.0244,11.9892,44.3628,0.488463,-13.6171,0.416667,3.17026,0.5,254.618,0.5,0.966062,0.479167,-0.1896,0.112321,0.776462,0.490195,6.56001,3.30459,0.125566,1.67089,4.72505,1.23611,1.04124,265.232,0.260452,0.0393726,1.778,1.47091,1.03587,0.838718,-1.17651,0.273911,6110.83,-1.00161,-0.196577,0.116454,0.805036,0.508234,0.566785,0.285517,0.130187,0.144365,226.802,59.3333,49.9794,6365.57,0.270037,0.0408215,-4.29524,-0.303468,-0.871351,0,0,58.3,50,52.1
"2024-02-04",1,2.44094,1.61189,95.7526,0.33136,54.2012,15.3695,117.764,0.488918,5.76548,0.0208333,8.79707,0.0416667,705.503,0.0416667,1.05657,0.0625,-0.211965,0.0976774,0.844609,0.519037,8.63229,4.62503,0.109109,4.38655,4.63458,1.31145,1.07606,370.617,0.236258,0.20963,0,4.68298,1.32792,2.22644,0.498138,0.760067,16932.1,-1.09546,-0.219765,0.101272,0.875691,0.538137,0.74583,0.399602,0.113124,0.378998,222.46,62.9496,51.6507,8894.8,0.244952,0.217345,0.655387,0.604088,0.9475,0,0,97.9,95.8,93.8
"2024-02-05",1,1.71428,1.74005,86.1951,1.39068,147.525,52.495,290.756,0.485782,32.1395,0.229167,14.4238,0.229167,1159.27,0.229167,1.03134,0.479167,-0.186205,0.100616,0.845137,0.52442,15.8562,7.17022,0.175074,10.7713,4.43739,1.25528,1.00503,575.515,0.287891,0.316292,0,12.7462,4.53557,5.49701,2.77685,1.24622,27822.4,-1.06929,-0.193057,0.104319,0.876238,0.543718,1.36998,0.619507,0.181517,0.930636,212.995,60.2533,48.2416,13812.4,0.298485,0.327932,2.22822,0.309768,0.887004,0,0,77.1,77.1,54.2
"2024-02-06",1,3.66801,1.66245,84.4793,1.7344,107.26,48.4786,229.986,0.482594,18.2203,0.208333,10.4659,0.458333,843,0.458333,0.991587,0.479167,-0.171185,0.10225,0.820402,0.521451,12.5267,9.06705,0.218698,9.04661,4.57891,1.35357,1.05594,730.432,0.332731,0.303191,0,9.26731,4.18855,4.3481,1.57423,0.904254,20232,-1.02808,-0.177484,0.106013,0.850593,0.540641,1.0823,0.783393,0.226746,0.781627,219.788,64.9711,50.6849,17530.4,0.344976,0.314348,1.74092,0.364842,0.591728,0,0,79.2,54.2,52.1
"2024-02-07",1,9.96609,3.55578,63.239,4.65925,35.0837,0.206831,81.4573,0.484758,-28.8123,0.0416667,13.7592,0.166667,1110.72,0.166667,1.40097,0.145833,-0.370797,0.0949968,1.03017,0.59779,7.2046,4.56457,0.110116,3.46824,4.78551,1.09839,1.14494,368.05,0.270377,0.190976,0,3.03124,0.0178702,1.54002,-2.48938,1.18879,26657.3,-1.45252,-0.384442,0.0984927,1.06808,0.619788,0.622478,0.394379,0.114168,0.299656,229.704,52.7226,54.9572,8833.2,0.280327,0.198004,-2.09404,-0.91404,-72.78,0,1,95.8,83.3,85.4
"2024-02-08",1,8.49388,4.82845,68.2222,-9999,97.5039,22.991,197.521,0.487243,8.22473,0.479167,19.9928,0.270833,1611.83,0.270833,1.29457,0.375,-0.114877,0.101973,1.17969,0.651414,14.0411,10.4714,0.178225,10.4104,5.02869,1.42965,1.32999,843.947,0.342938,0.269795,0,8.42434,1.98642,3.73431,0.710617,1.72738,38684,-1.34221,-0.119104,0.105726,1.2231,0.675386,1.21315,0.904733,0.184784,0.899458,241.377,68.623,63.8397,20254.7,0.355559,0.279724,0.411385,0.708524,1.22733,0,1,52.1,72.9,62.5
"2024-02-09",1,2.06423,3.40598,74.9649,1.95175,152.85,58.811,311.15,0.483784,45.3831,0.104167,11.7982,0.125,947.139,0.125,1.009,0.375,-0.0270081,0.103201,0.981996,0.591561,9.83193,6.38955,0.175023,10.224,5.2284,1.03409,1.32423,512.807,0.311919,0.266101,0,13.2062,5.08127,5.88257,3.9211,1.01937,22731.3,-1.04614,-0.028002,0.106999,1.01813,0.613331,0.849479,0.552057,0.181464,0.88335,250.963,49.6365,63.5631,12307.4,0.323397,0.275894,3.8466,0.20633,0.97229,0,0,89.6,87.5,62.5
"2024-02-10",1,1.03779,3.30934,70.6495,1.96017,80.0589,41.5757,168.171,0.481987,33.2944,0,9.53914,0,763.379,0,1.01239,0.0208333,-0.0430933,0.0996459,0.969295,0.587327,10.0733,5.13454,0.123724,7.48832,6.35083,0.972671,1.30941,411.038,0.263989,0.202054,0,6.91709,3.59214,3.17943,2.87664,0.824182,18321.1,-1.04964,-0.0446791,0.103313,1.00496,0.60894,0.870334,0.443625,0.128277,0.646991,304.84,46.6882,62.8519,9864.92,0.273704,0.209489,3.49029,0.222703,1.03025,0,0,100,100,97.9
"2024-02-11",1,-0.309639,2.60917,74.4597,1.71964,88.6259,22.6344,201.293,0.478926,28.4145,0.145833,7.53082,0.145833,603.412,0.145833,0.881916,0.541667,0.00673848,0.101517,0.888654,0.558949,11.4361,4.89138,0.189848,7.35539,6.52467,1.01372,1.31304,391.697,0.346126,0.395084,0,7.65728,1.95561,3.80563,2.45501,0.650663,14481.9,-0.91437,0.00698646,0.105253,0.921357,0.579518,0.98808,0.422615,0.196834,0.635505,313.184,48.6585,63.026,9400.74,0.358863,0.409623,3.77309,0.209508,1.58809,0,0,85.4,85.4,45.8
"2024-02-12",1,2.34042,2.08451,68.2297,-9999,162.738,67.3445,320.727,0.475106,45.7438,0.270833,11.3305,0.270833,911.008,0.270833,1.0869,0.5625,-0.255368,0.10992,0.831529,0.538077,11.8269,7.77398,0.276263,10.0352,6.40009,1.08739,1.30049,625.538,0.35226,0.444305,0,14.0606,5.81857,6.06363,3.95226,0.978953,21864.2,-1.12689,-0.264766,0.113965,0.862129,0.557878,1.02184,0.671672,0.28643,0.867038,307.204,52.1948,62.4235,15012.9,0.365223,0.460656,4.03723,0.198522,0.847496,0,0,72.9,72.9,43.8
"2024-02-13",1,4.77227,3.30495,65.0906,3.59206,157.538,71.9475,319.911,0.475517,49.6153,0.270833,9.0805,0.25,731.73,0.25,0.803472,0.604167,0.178953,0.117623,0.982425,0.588192,8.17361,5.63119,0.303105,10.7148,6.6773,1.17548,1.56994,453.935,0.430469,0.48222,0,13.6113,6.21626,6.04821,4.28676,0.784555,17561.5,-0.83304,0.185539,0.121951,1.01858,0.609838,0.7062,0.486535,0.314259,0.925762,320.511,56.4231,75.3569,10894.4,0.44631,0.499966,5.46394,0.154704,0.815815,0,0,72.9,75,39.6
"2024-02-14",1,5.10855,2.95778,68.7728,4.21152,149.664,69.8267,289.478,0.474212,44.7442,0.354167,14.1026,0.375,1138.66,0.375,1.03919,0.5625,-0.0995148,0.0732604,0.93967,0.573776,11.1832,5.20295,0.294785,9.82726,6.94437,1.13777,1.92035,419.54,0.374412,0.335744,0,12.931,6.03302,5.47285,3.8659,1.21847,27327.9,-1.07743,-0.103177,0.0759564,0.97425,0.594891,0.966232,0.449535,0.305633,0.849075,333.33,54.613,92.1768,10069,0.388191,0.348099,3.17276,0.23965,0.842755,0,1,64.6,62.5,43.8
"2024-02-15",1,-0.557611,2.94842,60.8785,2.54579,160.621,66.012,323.21,0.473939,44.8873,0.0208333,9.75155,0.0416667,779.86,0.0416667,0.787184,0.0625,0.146817,0.103766,0.934002,0.572711,10.9558,7.2406,0.125959,10.2147,6.72422,1.00585,1.99909,578.71,0.263244,0.216692,0,13.8777,5.70344,6.11057,3.87826,0.842534,18716.6,-0.816153,0.15222,0.107584,0.968373,0.593787,0.946582,0.625588,0.130595,0.88255,322.762,48.2806,95.9563,13889,0.272931,0.224666,4.60309,0.178473,0.82771,0,0,97.9,95.8,93.8
"2024-02-16",1,-5.65981,1.90462,77.0079,0.926406,102.925,33.9427,223.723,0.471335,25.091,0.0416667,24.9632,0.25,1988.28,0.25,1.29029,0.229167,-0.505903,0.102145,0.784384,0.530578,9.79458,10.8108,0.134196,8.72859,6.89126,0.647754,1.98796,862.06,0.258395,0.258732,1.27,8.89269,2.93265,4.22969,2.16786,2.15682,47718.7,-1.33777,-0.52452,0.105903,0.813249,0.550103,0.846252,0.934051,0.139134,0.75415,330.781,31.0922,95.4223,20689.4,0.267904,0.268253,1.00512,0.498723,1.47467,0,0,95.8,75,77.1
"2024-02-17",1,-5.24996,0.557959,55.6336,-9999,180.386,57.3108,352.069,0.466107,52.859,0.125,16.3943,0.125,1307.1,0.125,1.01966,0.125,-0.412001,0.105065,0.60766,0.478464,9.76438,4.66722,0.123438,10.797,7.00002,0.984395,2.15084,371.878,0.22423,0.237252,0,15.5854,4.95166,6.65618,4.56701,1.41647,31370.3,-1.05718,-0.427162,0.108932,0.630022,0.496072,0.843642,0.403248,0.127981,0.932857,336.001,47.2509,103.24,8925.06,0.232481,0.245983,3.22422,0.23673,1.20838,0,0,87.5,87.5,87.5
"2024-02-18",1,0.402264,0.599416,54.0737,-9999,182.14,61.0711,357.161,0.463239,47.8378,0.291667,9.71213,0.3125,778.935,0.3125,0.945725,0.354167,-0.367606,0.107234,0.578119,0.480096,12.6701,5.0296,0.208349,10.8204,7.16469,1.03359,2.23954,403.663,0.260642,0.308227,0,15.7369,5.27655,6.75245,4.13319,0.839128,18694.5,-0.980527,-0.381134,0.11118,0.599394,0.497763,1.09469,0.434558,0.216017,0.934879,343.905,49.6125,107.498,9687.91,0.270233,0.31957,4.92558,0.16876,0.942343,0,0,70.8,68.8,64.6
"2024-02-19",1,3.328,0.860089,55.7273,-9999,177.714,73.6131,354.383,0.462361,56.6558,0.4375,12.321,0.4375,993.433,0.4375,0.850635,0.604167,-0.283778,0.0774134,0.566857,0.490237,15.4159,5.84593,0.388204,10.5089,7.50375,1.18188,2.65892,471.207,0.338667,0.389725,0,15.3545,6.36017,6.69994,4.89506,1.06453,23842.4,-0.881938,-0.294221,0.0802622,0.587717,0.508278,1.33193,0.505088,0.40249,0.907972,360.18,56.73,127.628,11309,0.351129,0.404067,4.59832,0.178625,0.937017,0,0,56.2,56.2,39.6
"2024-02-20",1,7.10814,1.76128,50.5965,-9999,173.667,65.6051,359.41,0.462841,44.3806,0.75,17.0398,0.75,1381.31,0.75,0.940386,0.875,-0.332946,0.0327376,0.60744,0.525985,19.9437,7.95546,0.588863,11.3226,8.06804,1.19141,3.10314,640.707,0.493366,0.574972,0,15.0048,5.66828,6.79498,3.83448,1.47224,33151.5,-0.974993,-0.345199,0.0339424,0.629794,0.545341,1.72314,0.687352,0.610533,0.978274,387.266,57.1879,148.951,15377,0.511522,0.596131,2.60452,0.27743,0.936214,0,1,27.1,27.1,14.6
"2024-02-21",1,8.64082,3.48198,57.7917,6.25208,149.612,66.5003,304.871,0.466086,37.1912,0.25,9.82607,0.229167,795.505,0.229167,0.879498,0.479167,-0.165248,0.0629104,0.714249,0.596007,12.0868,4.7776,0.290256,11.941,8.68919,1.1243,3.07949,386.99,0.353452,0.210995,0,12.9265,5.74563,5.76386,3.21332,0.848973,19092.1,-0.911863,-0.17133,0.0652256,0.740534,0.61794,1.0443,0.412785,0.300937,1.0317,417.081,53.9665,147.815,9287.76,0.366459,0.21876,3.78495,0.208989,0.707024,0,1,75,77.1,52.1
"2024-02-22",1,8.05769,4.63821,58.7398,5.31431,151.505,60.662,305.833,0.469484,42.3227,0.104167,12.2099,0.125,989.114,0.125,0.999516,0.333333,-0.233952,0.065166,0.765564,0.643867,12.3582,4.25169,0.244431,12.3261,8.75659,1.33313,3.08662,343.902,0.327735,0.18807,0,13.0901,5.24119,5.78205,3.65668,1.05493,23738.7,-1.0363,-0.242562,0.0675641,0.793736,0.667562,1.06775,0.367346,0.253426,1.06497,420.316,63.9905,148.158,8253.64,0.339796,0.194991,3.46627,0.2239,0.898959,0,1,89.6,87.5,68.8
"2024-02-23",1,5.84973,4.15432,58.6356,5.24831,179.335,62.9305,361.879,0.469245,44.2958,0.125,18.4337,0.166667,1490.96,0.166667,1.06113,0.395833,-0.309665,0.0510704,0.751467,0.623293,11.6627,4.15421,0.248189,10.6915,8.77135,1.27386,3.2895,335.228,0.336876,0.208798,0,15.4946,5.4372,6.84165,3.82716,1.59267,35783.1,-1.10018,-0.321061,0.0529498,0.77912,0.64623,1.00766,0.358924,0.257322,0.923746,421.025,61.1454,157.896,8045.47,0.349273,0.216482,2.40298,0.29386,0.996805,0,1,87.5,83.3,60.4
"2024-02-24",1,4.14132,3.44081,56.6407,5.80122,190.044,82.8394,377.83,0.467231,56.1633,0.291667,18.9346,0.270833,1531.6,0.270833,0.861128,0.541667,-0.117326,0.0639774,0.743803,0.593734,13.1823,5.19744,0.298531,10.8603,8.13729,1.12302,3.19779,420.543,0.368365,0.297322,0,16.4198,7.15733,7.14323,4.85251,1.63595,36758.5,-0.892818,-0.121644,0.0663318,0.771175,0.615583,1.13895,0.449059,0.309517,0.938328,390.59,53.9048,153.494,10093,0.381921,0.308263,2.96617,0.252133,0.906548,0,0,70.8,72.9,45.8
"2024-02-25",1,7.07446,3.86003,45.2982,7.01278,187.114,78.0424,376.463,0.466241,48.1204,0.291667,14.4929,0.291667,1173.77,0.291667,0.754078,0.604167,0.0908663,0.0393611,0.844943,0.611696,14.4984,6.08346,0.400227,10.7525,8.2239,1.28792,3.24454,492.968,0.456099,0.234904,0,16.1667,6.74286,7.11737,4.1576,1.25218,28170.4,-0.781828,0.0942102,0.0408096,0.876037,0.634206,1.25267,0.525611,0.414955,0.929013,394.747,61.8199,155.738,11831.2,0.472883,0.243548,3.32028,0.231466,0.802298,0,1,70.8,70.8,39.6
"2024-02-26",1,12.7189,4.70663,36.2436,13.0328,189.983,70.5479,374.154,0.467003,30.8472,0.1875,28.2734,0.1875,2305.62,0.1875,1.06684,0.4375,-0.065632,0.0268387,1.00121,0.647696,13.6815,5.17477,0.356535,11.0746,8.26988,1.15555,3.32018,420.727,0.344527,0.142634,0,16.4145,6.09534,7.07372,2.6652,2.44282,55334.9,-1.1061,-0.0680472,0.0278263,1.03805,0.671531,1.18208,0.4471,0.369655,0.956845,396.954,55.4663,159.369,10097.4,0.357205,0.147883,1.09103,0.478233,0.838021,0,1,81.2,81.2,58.3
"2024-02-27",1,-0.834443,3.74783,57.6244,-9999,164.898,86.1398,328.721,0.466332,54.3807,0.833333,16.4039,0.854167,1310.36,0.854167,0.926657,0.9375,0.00472125,0.11314,0.931378,0.605909,14.879,4.54418,0.230757,11.5647,8.286,0.915461,3.25861,362.912,0.32482,0.227555,0,14.2472,7.44248,6.21477,4.6985,1.4173,31448.7,-0.960758,0.004895,0.117303,0.965653,0.628206,1.28554,0.392617,0.239248,0.999189,397.728,43.9421,156.413,8709.89,0.336773,0.235929,3.3151,0.231744,0.821742,0,0,33.3,31.2,22.9
"2024-02-28",1,-6.19283,1.52457,51.2597,2.28563,205.606,71.0564,403.412,0.45954,68.4257,0,11.7714,0,936.83,0,0.659724,0.0416667,0.0542843,0.10982,0.714008,0.515792,10.2536,3.91438,0.170907,11.541,8.26025,0.928274,3.28517,312.313,0.231545,0.21709,0,17.7644,6.13927,7.62688,5.91198,1.01705,22483.9,-0.684002,0.056282,0.113861,0.740284,0.534773,0.885907,0.338202,0.177197,0.997142,396.492,44.5571,157.688,7495.51,0.240066,0.225079,5.81285,0.146781,1.12864,0,0,100,100,95.8
"2024-02-29",1,5.77397,2.60998,34.5269,7.51656,204.402,67.9037,401.723,0.460474,42.3637,0.104167,20.6986,0.125,1672.27,0.125,0.815053,0.104167,0.0345166,0.0361809,0.849569,0.559974,12.2741,3.47341,0.200342,11.5489,8.28199,0.952242,3.30209,280.1,0.250899,0.124652,0,17.6603,5.86688,7.59494,3.66022,1.78836,40134.5,-0.845047,0.0357868,0.0375124,0.880834,0.580581,1.06048,0.300103,0.207715,0.997828,397.535,45.7076,158.5,6722.39,0.260132,0.129239,2.04669,0.328225,0.928703,0,1,89.6,87.5,89.6
"2024-03-01",1,5.21966,3.90783,70.2814,3.10015,184.289,72.5557,379.617,0.462297,54.7301,0.0625,11.1891,0.104167,903.134,0.104167,0.594981,0.0833333,0.411516,0.109713,1.0065,0.612842,12.2557,4.13903,0.202989,11.7161,8.24209,0.898239,3.25454,332.776,0.284548,0.228332,0,15.9226,6.26881,7.17701,4.72868,0.966741,21675.2,-0.616876,0.42666,0.113751,1.04354,0.635394,1.0589,0.357612,0.210459,1.01227,395.62,43.1155,156.218,7986.62,0.29502,0.236734,4.89137,0.16974,0.908533,0,1,93.8,89.6,91.7
"2024-03-02",1,10.4619,5.03387,69.0471,-9999,185.208,81.6396,378.997,0.463434,41.3822,0.208333,17.6227,0.270833,1430.97,0.270833,0.91822,0.25,0.222353,0.0554431,1.14057,0.662321,13.1271,4.86823,0.208187,12.5088,8.29863,0.879762,3.20196,394.396,0.357522,0.116951,0,16.002,7.05366,7.16528,3.57542,1.52261,34343.2,-0.952011,0.230536,0.0574834,1.18255,0.686695,1.13418,0.420615,0.215848,1.08076,398.334,42.2286,153.694,9465.5,0.370679,0.121255,2.34822,0.298666,0.722749,0,1,79.2,72.9,77.1
"2024-03-03",1,13.4445,6.67794,33.5147,11,203.645,71.1658,410.754,0.465853,32.1681,0.0833333,28.1901,0.166667,2290.39,0.166667,0.931745,0.208333,0.408706,0.0694766,1.34045,0.767289,12.2903,5.61011,0.229861,11.1946,8.37597,0.831867,3.29249,455.529,0.477236,0.105882,0,17.595,6.14872,7.76567,2.77933,2.43562,54969.3,-0.966033,0.423747,0.0720334,1.38978,0.795525,1.06188,0.484714,0.23832,0.967211,402.047,39.9296,158.04,10932.7,0.494799,0.109778,1.14112,0.467046,0.848135,0,1,91.7,83.3,79.2
"2024-03-04",1,6.71665,5.6306,51.2293,-9999,100.504,39.2072,211.031,0.463376,22.9864,0.479167,14.709,0.479167,1185.16,0.479167,0.772097,0.479167,0.390446,0.176379,1.16254,0.745636,17.2409,4.45307,0.154949,9.06559,8.27804,0.960934,2.83383,357.862,0.439852,0.286328,0,8.68356,3.3875,3.98973,1.98602,1.27086,28443.7,-0.80051,0.404815,0.18287,1.20532,0.773075,1.48961,0.384745,0.160652,0.783267,397.346,46.1248,136.024,8588.68,0.456039,0.296865,1.56274,0.390207,0.96144,0,1,52.1,52.1,52.1
"2024-03-05",1,2.60457,4.54088,49.6909,5.01848,175.518,69.919,356.904,0.459256,49.8023,0.1875,17.8333,0.166667,1437.44,0.166667,0.372122,0.458333,0.649284,0.2541,1.02141,0.706569,12.231,5.86452,0.292395,10.4163,8.35899,0.972406,2.77796,471.053,0.399957,0.319744,0,15.1647,6.041,6.7476,4.30292,1.5408,34498.5,-0.385816,0.673178,0.263451,1.05899,0.732571,1.05675,0.506694,0.303156,0.899965,401.231,46.6755,133.342,11305.3,0.414675,0.33151,2.79265,0.263668,0.967342,0,0,81.2,83.3,54.2
"2024-03-06",1,5.28176,4.08264,50.2821,5.59944,123.773,53.4623,263.048,0.455726,31.3064,0.25,16.9712,0.25,1370.77,0.25,0.405598,0.520833,0.561005,0.261399,0.966602,0.697864,13.2369,4.1642,0.362496,10.3666,7.37702,0.923235,2.57208,336.439,0.41067,0.322266,0,10.694,4.61914,4.97316,2.70487,1.46631,32898.5,-0.420524,0.58165,0.271018,1.00217,0.723545,1.14367,0.359787,0.375836,0.895672,354.097,44.3153,123.46,8074.54,0.425782,0.334125,1.84468,0.351534,0.903021,0,1,75,75,47.9
"2024-03-07",1,7.04096,4.81621,58.0148,4.5019,103.733,44.5378,223.914,0.455168,20.1914,0.270833,10.5584,0.25,850.897,0.25,0.753532,0.416667,0.296518,0.294166,1.05005,0.77745,13.0487,5.6513,0.26178,7.20161,7.17979,1.03009,2.67409,455.203,0.364852,0.316208,0,8.96256,3.84807,4.2333,1.74453,0.912245,20421.5,-0.781262,0.30743,0.304991,1.08869,0.80606,1.12741,0.488272,0.271413,0.622219,344.63,49.4441,128.356,10924.9,0.378278,0.327844,1.91235,0.343365,0.690419,0,1,72.9,75,58.3
"2024-03-08",1,0.991166,4.32723,60.9686,2.88105,108.401,54.4109,223.223,0.454016,35.8244,0.125,22.8418,0.479167,1831.02,0.479167,0.771139,0.5625,0.215252,0.323164,0.986392,0.751902,11.9299,10.4159,0.192003,11.5798,7.26113,0.904327,2.58215,835.363,0.372401,0.317487,0.254,9.36583,4.7011,4.22024,3.09523,1.97353,43944.6,-0.799517,0.223173,0.335057,1.02269,0.779572,1.03074,0.899935,0.199069,1.00049,348.534,43.4077,123.943,20048.7,0.386105,0.329171,1.56837,0.389352,1.07821,0,0,87.5,56.2,52.1
"2024-03-09",1,1.30454,3.43224,46.1901,4.89142,225.916,97.0491,449.805,0.44996,73.8711,0.1875,18.2169,0.1875,1467.48,0.1875,0.637692,0.541667,0.251249,0.607288,0.888942,0.694161,12.6188,9.74663,0.256283,11.9875,6.91568,1.18007,2.72352,785.443,0.431897,0.357019,0,19.5191,8.38504,8.50396,6.38246,1.57394,35219.5,-0.661159,0.260495,0.629637,0.921655,0.719707,1.09026,0.842109,0.265714,1.03572,331.953,56.6432,130.729,18850.6,0.44779,0.370158,4.05508,0.197821,0.948881,0,0,81.2,81.2,50
"2024-03-10",1,6.68508,3.77154,42.3522,7.96681,224.691,95.8974,452.417,0.447065,61.8928,0.1875,26.4966,0.208333,2149.92,0.208333,0.234507,0.333333,0.735168,0.68018,0.969676,0.759644,11.2503,6.87072,0.256045,11.9112,6.88596,1.14021,2.66626,555.425,0.485434,0.181515,0,19.4133,8.28554,8.55335,5.34754,2.28931,51598.2,-0.243137,0.762223,0.705211,1.00536,0.787599,0.972025,0.59363,0.265467,1.02913,330.526,54.7302,127.98,13330.2,0.503298,0.188195,2.33588,0.299771,0.921708,0,1,81.2,79.2,66.7
"2024-03-11",1,14.2391,6.04989,41.2539,11.4598,221.453,83.6196,449.073,0.448567,30.4918,0.0625,37.2462,0,3033.99,0,0.356111,0.0416667,0.996506,0.845003,1.35262,1.24535,11.5684,6.45945,0.245834,11.8682,7.54116,1.089,2.67796,523.993,0.116037,0.0339009,0,19.1336,7.22473,8.49013,2.63449,3.21807,72815.7,-0.369216,1.03318,0.876099,1.40239,1.29118,0.999506,0.558096,0.254881,1.02541,361.976,52.2722,128.542,12575.8,0.120307,0.0351484,0.818654,0.549857,0.810073,0,1,95.8,100,95.8
"2024-03-12",1,11.5648,7.07722,56.2163,6.98209,172.624,70.3466,365.375,0.448978,27.2294,0.25,20.8528,0.25,1692.01,0.25,0.375736,0.458333,1.23541,1.18633,1.61115,1.86589,10.4334,7.17231,0.366713,10.7536,7.5515,1.16534,2.64545,579.856,0.0805194,0.0576742,0,14.9147,6.07795,6.90775,2.35262,1.80168,40608.3,-0.389563,1.28088,1.22998,1.67044,1.93455,0.901448,0.619688,0.380208,0.929113,362.472,55.9363,126.981,13916.5,0.0834825,0.0597967,1.30579,0.433691,0.683503,0,1,75,75,54.2
"2024-03-13",1,11.16,6.92594,62.0258,6.69706,133.961,61.879,285.51,0.445739,15.0758,0.125,18.9869,0.1875,1541.59,0.1875,0.507099,0.479167,1.18657,1.06818,1.69367,2.10581,9.78554,6.69993,0.361186,9.65267,7.65264,0.979646,2.66527,541.546,0.101545,0.106226,2.032,11.5742,5.34635,5.39782,1.30255,1.64047,36998.1,-0.52576,1.23023,1.10749,1.75599,2.18331,0.845471,0.578874,0.374477,0.83399,367.326,47.023,127.933,12997.1,0.105282,0.110135,0.794012,0.55741,0.550472,0,1,87.5,81.2,52.1
"2024-03-14",1,8.98131,7.75165,84.8063,1.74392,45.1953,23.3207,106.704,0.448369,-15.3444,0.145833,33.6326,0.375,2711.12,0.375,1.96406,0.4375,-0.0785769,0.498603,1.88548,2.48313,9.19407,11.4614,0.372059,7.16332,7.35659,1.13685,2.21865,923.908,0.0746382,0.0335638,8.636,3.90487,2.01491,2.01733,-1.32575,2.90585,65066.8,-2.03634,-0.0814685,0.516952,1.95487,2.57451,0.794368,0.990268,0.38575,0.618911,353.116,54.5689,106.495,22173.8,0.0773849,0.034799,-0.456236,1.83903,0.784203,0,1,85.4,62.5,56.2
"2024-03-15",1,7.09301,7.33809,68.282,3.75435,234.474,101.859,479.263,0.45057,54.1573,0.0416667,37.3079,0.125,3010.74,0.125,0.837906,0.104167,1.00269,1.56015,1.84059,2.54819,11.7462,8.86814,0.315421,12.1151,7.523,1.34088,2.71463,715.648,0.0661047,0.102335,0,20.2586,8.80059,9.06091,4.67919,3.2234,72257.8,-0.868741,1.03959,1.61756,1.90833,2.64196,1.01487,0.766208,0.327028,1.04674,361.104,64.3622,130.302,17175.6,0.0685373,0.106101,1.45163,0.407892,0.897961,0,1,95.8,87.5,89.6
"2024-03-16",1,7.46394,7.06788,50.8294,5.74281,239.677,100.187,489.723,0.449013,55.2836,0,48.0932,0,3885.27,0,0.421942,0.0833333,1.38746,1.55436,1.8094,2.61316,9.92083,8.5549,0.31435,12.3245,7.43211,1.40982,2.68642,690.503,0.0760724,0.118541,0,20.7081,8.6562,9.25866,4.7765,4.15525,93246.4,-0.437469,1.43852,1.61156,1.87598,2.70933,0.857159,0.739144,0.325918,1.06484,356.741,67.6712,128.948,16572.1,0.0788719,0.122903,1.14951,0.465222,1.03183,0,1,100,100,91.7
"2024-03-17",1,-1.14801,5.00784,54.2762,2.70936,230.838,96.8418,453.869,0.444542,88.5608,0.0208333,28.8225,0.0625,2305.04,0.0625,0.115235,0.166667,1.32021,1.45005,1.43545,1.90282,14.0223,5.35401,0.309765,12.4271,7.42171,0.819276,2.73297,427.908,0.0794677,0.0540713,0,19.9444,8.36713,8.58081,7.65165,2.49027,55321,-0.119476,1.3688,1.50341,1.48827,1.97285,1.21153,0.462587,0.321164,1.0737,356.242,39.3252,131.183,10269.8,0.0823921,0.0560611,3.07262,0.245542,1.21211,0,0,97.9,93.8,83.3
"2024-03-18",1,-1.65651,3.7364,47.5477,3.29559,250.583,114.32,501.089,0.439411,94.5393,0.0208333,24.8054,0,1984.81,0,0.262605,0.166667,0.94903,1.34346,1.21164,1.38425,11.944,6.16597,0.295618,12.9554,6.96525,0.854358,2.40468,493.506,0.0721898,0.0532827,0,21.6503,9.87723,9.47353,8.16819,2.14319,47635.4,-0.272269,0.983955,1.39289,1.25622,1.43519,1.03196,0.53274,0.306496,1.11935,334.332,41.0092,115.424,11844.1,0.0748464,0.0552435,3.81123,0.207847,1.04395,0,0,97.9,100,83.3
"2024-03-19",1,9.25564,5.10846,38.6642,8.57061,245.07,112.259,498.464,0.438727,67.5583,0.166667,37.2195,0.125,3018.32,0.125,0.277926,0.333333,1.13643,1.2672,1.41436,1.53461,9.52593,7.35866,0.238557,12.3963,6.57519,1.11004,2.08288,594.905,0.0705789,0.0664441,0,21.174,9.69915,9.42391,5.83703,3.21576,72439.7,-0.288154,1.17825,1.31384,1.46641,1.59108,0.823041,0.635788,0.247336,1.07104,315.609,53.2821,99.9783,14277.7,0.0731762,0.0688893,1.81513,0.355223,0.93336,0,1,83.3,87.5,68.8
"2024-03-20",1,3.27567,5.11486,38.2924,4.93233,243.749,117.319,497.984,0.437948,68.7818,0.0625,24.6307,0.0625,1976.52,0.0625,0.0970886,0.1875,1.27561,1.30535,1.3727,1.43767,13.7394,5.4104,0.302137,12.6759,6.49556,1.00931,1.94321,433.807,0.0633533,0.0578745,0,21.0599,10.1364,9.41483,5.94275,2.12809,47436.5,-0.100661,1.32255,1.35339,1.42321,1.49058,1.18709,0.467458,0.313256,1.0952,311.787,48.4468,93.2739,10411.4,0.0656847,0.0600043,2.79253,0.263677,0.796225,0,0,93.8,93.8,81.2
"2024-03-21",1,5.08822,4.90467,33.7687,6.31475,218.509,106.766,446.954,0.435158,61.6149,0.0833333,36.6412,0.0208333,2952.09,0.0208333,-0.515717,0.0833333,1.83833,1.53599,1.32261,1.61565,11.0447,7.20201,0.342753,13.1985,6.12249,1.29414,1.9173,579.133,0.0448199,0.0456982,0,18.8791,9.22455,8.45008,5.32352,3.1658,70850.1,0.534695,1.90598,1.59252,1.37128,1.6751,0.954264,0.622253,0.355366,1.14035,293.879,62.1188,92.0305,13899.2,0.0464693,0.0473799,1.68157,0.372916,0.920297,1,1,93.8,97.9,91.7
"2024-03-22",1,1.27534,4.69598,73.7683,1.81537,67.977,33.8857,150.187,0.434102,15.4483,0.0625,29.9928,0.125,2399.74,0.125,0.732133,0.1875,0.580462,0.811899,1.31259,1.96026,9.86542,8.57774,0.290415,6.05041,6.12011,1.01872,1.72668,686.29,0.0574382,0.0385141,0.762,5.87322,2.92773,2.83941,1.33473,2.59138,57593.7,-0.759075,0.601823,0.841777,1.3609,2.03239,0.852372,0.741117,0.301103,0.522756,293.765,48.8986,82.8809,16471,0.0595519,0.0399315,0.515066,0.660037,1.34101,0,0,93.8,87.5,81.2
"2024-03-23",1,-0.851084,3.30389,69.118,1.83215,75.4244,33.7728,164.3,0.430832,25.8396,0.0833333,13.8589,0.104167,1107.33,0.104167,0.336914,0.208333,0.80527,0.918864,1.14218,1.76117,10.6921,7.48293,0.316303,9.3262,6.23292,0.995991,1.76784,597.951,0.0608108,0.0587001,0,6.51667,2.91797,3.10624,2.23254,1.19741,26575.9,-0.349313,0.834904,0.952678,1.18422,1.82598,0.923798,0.646525,0.327943,0.805784,299.18,47.8076,84.8565,14350.8,0.0630486,0.0608603,1.86447,0.349104,1.17546,0,0,91.7,89.6,79.2
"2024-03-24",1,5.49942,4.03482,88.9963,-9999,18.7764,9.59959,48.8159,0.456703,-21.6852,0.291667,25.8127,0.395833,2075.86,0.395833,1.70707,0.5,-0.410672,0.298368,1.2964,2.01092,8.37609,11.3756,0.253773,1.60122,5.83308,1.05189,1.33278,914.966,0.0732199,0.0177852,13.208,1.62228,0.829405,0.922908,-1.8736,2.23022,49820.7,-1.76989,-0.425785,0.309348,1.34411,2.08492,0.723694,0.982856,0.263111,0.138345,279.988,50.4906,63.9733,21959.2,0.0759144,0.0184397,-0.840098,6.25384,0.429966,0,1,70.8,60.4,50
"2024-03-25",1,3.49372,5.03301,91.4708,0.638138,53.4058,35.0149,114.549,0.482217,12.9646,0.125,30.1645,0.3125,2415.91,0.3125,0.934995,0.354167,0.516411,0.733498,1.45141,2.389,9.06601,11.525,0.309551,4.16909,6.07956,0.992566,1.66507,924.757,0.0975958,0.128927,2.54,4.61426,3.02529,2.16565,1.12014,2.60622,57981.8,-0.969402,0.535415,0.760491,1.50482,2.47691,0.783304,0.995757,0.320942,0.360209,291.819,47.6432,79.9232,22194.2,0.101187,0.133672,0.429796,0.699401,1.23174,0,0,87.5,68.8,64.6
"2024-03-26",1,-3.06317,3.02188,76.6788,1.15731,135.66,68.9776,281.721,0.47451,54.8042,0.1875,28.1832,0.291667,2247.29,0.291667,0.26748,0.354167,0.832463,1.5301,1.09994,1.99254,10.2493,5.92913,0.267536,8.63525,7.02485,0.637452,2.19518,472.711,0.0939349,0.143577,0,11.721,5.95966,5.32619,4.73508,2.43502,53934.8,-0.277323,0.863098,1.58641,1.14042,2.06587,0.885537,0.512277,0.277381,0.746086,337.193,30.5977,105.368,11345.1,0.0973918,0.148861,1.94457,0.339608,1.20311,0,0,81.2,70.8,64.6
"2024-03-27",1,-1.73944,2.10719,63.5223,2.31897,154.659,63.7715,320.075,0.467881,51.5479,0.145833,22.9512,0.166667,1836.85,0.166667,-0.186269,0.375,1.13584,1.58541,0.949572,1.64336,9.61288,7.89004,0.400048,13.731,6.07385,0.982979,1.75705,632.127,0.0982728,0,0,13.3625,5.50986,6.05132,4.45374,1.98298,44084.4,0.193124,1.17764,1.64375,0.984516,1.70384,0.830553,0.681699,0.41477,1.18636,291.545,47.183,84.3384,15171,0.101889,0,2.24598,0.308073,1.16822,1,0,85.4,83.3,62.5
"2024-03-28",1,8.69947,3.90119,55.5963,6.7596,255.156,127.168,524.592,0.46673,67.0943,0.25,44.7904,0.208333,3630.03,0.208333,-0.444167,0.354167,1.63046,2.16215,1.18629,1.46444,11.482,10.9726,0.492797,12.5872,5.97196,1.22614,1.82713,887.561,0.0804204,0,0,22.0455,10.9873,9.91788,5.79695,3.86989,87120.7,0.460513,1.69046,2.24172,1.22994,1.51833,0.992042,0.948037,0.510932,1.08754,286.654,58.8548,87.7021,21301.5,0.0833799,0,1.49796,0.400326,0.879818,1,1,77.1,79.2,64.6
"2024-03-29",1,11.9803,6.75277,61.5371,6.34818,214.922,103.695,454.21,0.470328,40.8668,0.125,49.7366,0.104167,4038.98,0.104167,-0.878188,0.145833,2.46802,2.12648,1.58984,1.98744,9.74445,7.44494,0.373112,12.3145,6.31199,1.12306,2.00562,603.121,0.152472,0.146931,0,18.5693,8.95921,8.58724,3.53089,4.29724,96935.4,0.910506,2.55885,2.20473,1.64834,2.06058,0.841921,0.643242,0.386843,1.06398,302.976,53.9067,96.2698,14474.9,0.158083,0.152338,0.821665,0.548948,0.873753,1,1,87.5,89.6,85.4
"2024-03-30",1,6.39853,6.8784,62.4981,4.09461,245.59,118.576,509.707,0.470068,66.454,0.0625,33.9645,0.0416667,2737.99,0.0416667,-0.10925,0.125,1.71258,2.74271,1.60333,2.65875,12.5915,10.3928,0.357738,13.25,6.05755,1.2877,1.99964,836.693,0.162936,0.191454,0,21.219,10.245,9.63648,5.74163,2.93453,65711.7,0.11327,1.7756,2.84364,1.66233,2.75659,1.08791,0.897934,0.370902,1.1448,290.762,61.8095,95.9825,20080.6,0.168932,0.1985,1.95657,0.338229,0.846872,1,1,93.8,95.8,87.5
"2024-03-31",1,8.65517,6.55077,65.1328,4.23935,83.8642,51.7767,177.611,0.467882,14.1551,0.0833333,14.2663,0.0625,1151.04,0.0625,0.730174,0.125,0.835373,1.24632,1.56555,2.53842,11.8418,9.52578,0.432662,7.6911,6.52984,1.14451,1.97162,768.879,0.119269,0.0939227,0,7.24586,4.47351,3.3579,1.223,1.23261,27625,-0.757044,0.866114,1.29218,1.62316,2.63184,1.02313,0.823027,0.448584,0.664511,313.432,54.9365,94.6376,18453.1,0.123659,0.0973791,0.992201,0.501957,0.548923,0,1,91.7,93.8,87.5
"2024-04-01",1,7.25316,7.10407,94.8955,-9999,39.8793,27.9863,97.1562,0.468598,-0.170704,0.416667,13.7853,0.729167,1109.26,0.729167,1.71778,0.729167,-0.0318361,0.558032,1.68594,2.46917,13.1375,5.93356,0.707424,2.68202,6.38974,0.973568,1.74607,477.794,0.161648,0.0336073,0,3.44557,2.41801,1.83683,-0.0147488,1.19105,26622.3,-1.78099,-0.0330077,0.578568,1.74799,2.56004,1.13508,0.51266,0.733457,0.231727,306.707,46.7313,83.8112,11467.1,0.167596,0.0348441,-0.012383,1.01254,0.486474,0,1,58.3,27.1,27.1
"2024-04-02",1,6.96331,6.89223,67.4392,-9999,235.752,135.798,485.836,0.467731,75.505,0.145833,57.2971,0.333333,4620.42,0.333333,0.296253,0.333333,1.48812,1.96427,1.78437,2.25489,13.5194,16.0806,0.583967,15.1795,5.87059,1.082,1.94375,1298.37,0.126615,0.126084,0,20.369,11.733,9.18518,6.52363,4.95047,110890,-0.307155,1.54288,2.03655,1.85004,2.33787,1.16808,1.38936,0.605457,1.31151,281.788,51.936,93.3,31161,0.131274,0.130724,1.31778,0.431447,0.977938,0,1,85.4,66.7,66.7
"2024-04-03",1,6.22213,6.67442,54.3358,4.80059,275.642,138.669,556.843,0.465152,84.838,0.166667,48.3115,0.166667,3894.12,0.166667,-0.32605,0.1875,2.33973,2.37299,2.01368,2.11454,12.3594,10.5703,0.491487,13.3917,5.1688,1.08422,2.1965,851.939,0.112298,0.0664581,0,23.8155,11.981,10.5276,7.33,4.17412,93458.8,0.338049,2.42583,2.46031,2.08778,2.19235,1.06785,0.913273,0.509573,1.15704,248.102,52.0426,105.432,20446.5,0.116431,0.0689037,1.75606,0.362837,0.960199,1,1,83.3,83.3,81.2
"2024-04-04",1,6.4574,6.50523,42.8556,7.15328,291.463,137.73,581.174,0.461337,80.7406,0.145833,54.5121,0.166667,4409.32,0.166667,-0.664291,0.291667,2.92227,2.70595,2.25798,2.21282,13.8243,11.5095,0.590837,13.4764,4.79288,1.26913,2.31163,930.523,0.127922,0.230836,0,25.1824,11.8999,10.9876,6.97598,4.70984,105824,0.688737,3.0298,2.80553,2.34107,2.29426,1.19442,0.994423,0.612579,1.16436,230.058,60.9181,110.958,22332.6,0.13263,0.239331,1.48115,0.403039,0.982013,1,1,85.4,83.3,70.8
"2024-04-05",1,8.21548,6.3575,49.9779,6.73451,243.92,121.213,510.602,0.45632,57.3714,0.1875,51.5782,0.166667,4176.45,0.166667,-0.857311,0.291667,3.3509,2.85668,2.49359,2.61916,16.7901,14.5361,0.808824,13.2064,4.76009,0.886907,2.33116,1176.7,0.165978,0.224346,0,21.0747,10.4728,9.65339,4.95689,4.45635,100235,0.88886,3.47422,2.9618,2.58536,2.71554,1.45066,1.25592,0.838588,1.14103,228.485,42.5715,111.896,28240.7,0.172086,0.232602,1.11232,0.473413,0.898827,1,1,81.2,83.3,70.8
"2024-04-06",1,11.4953,7.84002,60.6547,-9999,247.334,133.378,506.34,0.456612,54.7152,0.354167,65.2596,0.416667,5293.66,0.416667,-0.440266,0.395833,3.41914,3.28185,2.97887,3.27081,17.8978,13.932,0.736792,14.8305,4.94663,0.888744,2.50457,1127.51,0.281246,0.358723,7.112,21.3697,11.5238,9.57281,4.72739,5.63843,127048,0.456468,3.54496,3.40262,3.0885,3.39118,1.54637,1.20372,0.763906,1.28136,237.438,42.6597,120.219,27060.3,0.291596,0.371924,0.838424,0.543944,0.899512,1,1,64.6,58.3,60.4
"2024-04-07",1,10.7958,8.46294,63.6451,5.10863,154.743,77.3992,331.073,0.471469,7.19887,0.0416667,72.6244,0.0833333,5876.2,0.0833333,0.843598,0.104167,2.26927,2.74961,3.11286,3.62092,15.1971,12.8361,0.681192,17.5407,6.05131,0.87806,3.2788,1038.41,0.207489,0.261088,0,13.3698,6.68729,6.25923,0.621983,6.27475,141029,-0.874642,2.35278,2.8508,3.22742,3.75417,1.31303,1.10904,0.70626,1.51551,290.463,42.1469,157.382,24921.7,0.215125,0.270696,0.0991248,0.909815,1.03132,0,1,95.8,91.7,89.6
"2024-04-08",1,9.74473,8.52612,64.487,5.56763,238.423,110.012,487.895,0.467386,46.4087,0.0208333,66.7948,0.0208333,5416.27,0.0208333,-1.42253,0.25,4.50495,4.31388,3.08242,3.65036,14.8616,12.1241,0.8662,19.1456,6.77978,0.85049,4.07955,981.968,0.210554,0.259931,0,20.5998,9.50506,9.22411,4.00971,5.77107,129990,1.47488,4.67074,4.47263,3.19586,3.78469,1.28404,1.04752,0.898076,1.65418,325.429,40.8235,195.819,23567.2,0.218303,0.269497,0.694795,0.590042,1.02901,1,1,97.9,97.9,75
"2024-04-09",1,10.1723,8.36954,57.0604,7.36086,284.607,152.162,590.879,0.46235,70.8299,0.104167,76.4136,0.0833333,6206.26,0.0833333,-1.84511,0.458333,4.83959,4.98815,2.99449,3.24418,17.0496,13.0452,0.982262,12.9921,7.36322,0.987203,4.17917,1058.55,0.244389,0.392275,0,24.5901,13.1468,11.1711,6.1197,6.60213,148950,1.91301,5.01769,5.17171,3.10469,3.36357,1.47308,1.12711,1.01841,1.12252,353.434,47.3857,200.6,25405.3,0.253382,0.406711,0.926928,0.518961,0.967677,1,1,89.6,91.7,54.2
"2024-04-10",1,13.4769,8.80637,47.9816,10.3315,238.924,119.532,523.541,0.456872,21.7289,0.125,93.4856,0.125,7612.16,0.125,-2.25403,0.3125,5.42618,4.91793,3.17215,3.4911,14.0658,19.168,0.946488,13.6628,7.27845,1.19472,4.04935,1561.84,0.160761,0.23496,0,20.643,10.3275,9.89801,1.87737,8.07716,182692,2.33697,5.62586,5.09891,3.28889,3.61957,1.21529,1.65611,0.981319,1.18047,349.366,57.3466,194.369,37484.3,0.166677,0.243607,0.23243,0.811405,0.963882,1,1,87.5,87.5,68.8
"2024-04-11",1,9.75445,8.89667,43.7161,7.81655,295.67,143.956,598.883,0.449652,56.6103,0.3125,81.0811,0.3125,6566.44,0.3125,-2.15643,0.4375,5.40492,6.14132,3.24849,3.82736,12.6258,8.12933,0.547449,13.6514,6.8713,1.22368,4.00961,657.126,0.171761,0.150081,0,25.5459,12.4378,11.3224,4.89113,7.00541,157595,2.23579,5.60382,6.36732,3.36803,3.96821,1.09087,0.702374,0.567595,1.17948,329.822,58.7364,192.462,15771,0.178082,0.155604,0.698193,0.588861,0.956482,1,1,68.8,68.8,56.2
"2024-04-12",1,10.8215,8.88901,42.0344,9.37286,293.136,146.75,605.253,0.436593,48.9402,0.104167,85.5737,0.0833333,6949,0.0833333,-2.64012,0.333333,5.98927,6.6371,3.34915,4.08495,15.7102,17.5567,1.15464,13.1609,6.88747,1.55957,4.12772,1423.86,0.291885,0.237595,0,25.3269,12.6792,11.4429,4.22843,7.39357,166776,2.73728,6.20968,6.88135,3.4724,4.23528,1.35736,1.5169,1.19713,1.1371,330.599,74.8595,198.131,34172.6,0.302626,0.246339,0.571907,0.63617,0.916617,1,1,89.6,91.7,66.7
"2024-04-13",1,18.7707,10.0979,41.6517,15.5501,261.727,142.97,541.124,0.424561,28.3796,0.145833,102.922,0.125,8425.5,0.125,-2.70374,0.625,6.57276,6.44344,3.86902,4.61464,13.2385,16.144,0.928971,13.0028,7.34237,1.20526,4.16399,1319.16,0.304861,0.32827,0,22.6132,12.3527,10.2304,2.452,8.89246,202212,2.80324,6.81463,6.68056,4.0114,4.78445,1.14381,1.39485,0.963157,1.12344,352.434,57.8527,199.871,31659.9,0.31608,0.34035,0.275739,0.783859,0.918382,1,1,85.4,87.5,50
"2024-04-14",1,20.1279,11.3586,41.6221,17.8108,286.506,157.119,589.798,0.411188,7.59199,0.208333,100.707,0.208333,8263.14,0.208333,-1.77206,0.479167,6.22153,6.3676,4.44948,5.02983,14.404,15.0952,0.843851,12.7429,7.67492,1.33002,4.26823,1235.55,0.507273,0.494255,0,24.7542,13.575,11.1507,0.655948,8.70112,198315,1.83727,6.45049,6.60193,4.61322,5.21493,1.2445,1.30422,0.874905,1.10099,368.396,63.841,204.875,29653.2,0.525941,0.512444,0.0753866,0.929898,0.689284,1,1,79.2,79.2,52.1
"2024-04-15",1,20.8728,11.8826,43.4915,15.404,277.802,159.525,579.243,0.396961,12.7554,0.1875,128.266,0.25,10500.6,0.25,-1.41831,0.416667,6.15237,6.67954,4.73406,5.01857,11.3752,13.1888,0.752024,13.1943,7.78511,1.19432,4.22843,1076.76,0.46462,0.394953,5.08,24.0021,13.783,10.9511,1.10206,11.0822,252014,1.4705,6.37877,6.92534,4.90827,5.20326,0.982813,1.13951,0.779699,1.13999,373.685,57.3271,202.965,25842.2,0.481718,0.409487,0.0994444,0.90955,0.884011,1,1,81.2,75,58.3
"2024-04-16",1,17.1331,13.9146,74.6915,5.38804,167.538,99.4383,356.273,0.394522,-21.6834,0.229167,111.668,0.354167,9087.88,0.354167,1.70157,0.354167,3.97852,5.53035,5.68009,5.84776,13.4009,23.5246,1.0176,20.4451,7.77893,1.82459,3.8049,1915.38,0.306863,0.278412,10.414,14.4753,8.59147,6.73567,-1.87344,9.64812,218109,-1.76419,4.12493,5.73387,5.88911,6.06296,1.15784,2.03253,1.05505,1.76646,373.389,87.5802,182.635,45969.2,0.318155,0.288658,-0.194177,1.24097,0.90493,0,1,79.2,64.6,64.6
"2024-04-17",1,14.3128,12.9815,58.9049,7.49451,272.46,159.128,571.015,0.391342,33.5072,0.0625,118.827,0.104167,9649.11,0.104167,-3.95741,0.125,9.23784,8.54991,5.28043,5.9315,13.0219,17.1794,0.918724,15.1509,7.68421,1.71626,4.07306,1394.59,0.319835,0.305665,0.254,23.5406,13.7486,10.7956,2.89502,10.2667,231579,4.10305,9.57779,8.86455,5.47475,6.14978,1.12509,1.4843,0.952533,1.30904,368.842,82.3803,195.507,33470.2,0.331605,0.316914,0.281983,0.780041,0.957308,1,1,93.8,89.6,87.5
"2024-04-18",1,8.00712,11.5495,65.5643,4.12781,214.179,123.641,458.779,0.388124,30.7233,0.1875,101.795,0.354167,8217.8,0.354167,-2.95224,0.395833,7.4816,6.80137,4.52936,5.0437,10.8334,23.2535,0.905069,16.982,7.66703,1.51381,3.8464,1877.17,0.471874,0.447565,1.27,18.5051,10.6826,8.67363,2.6545,8.79509,197227,3.06088,7.75693,7.05166,4.69604,5.22931,0.936006,2.0091,0.938375,1.46725,368.017,72.6628,184.627,45052,0.489239,0.464036,0.301816,0.768158,1.07179,1,1,81.2,64.6,60.4
"2024-04-19",1,6.3358,9.44721,51.2479,5.88849,242.357,129.016,500.604,0.381144,47.3762,0.0833333,82.4982,0.0833333,6665.46,0.0833333,-4.33197,0.4375,7.93933,6.65633,3.60736,2.94478,8.71661,16.2508,0.900765,13.1266,7.57896,1.47335,4.22133,1312.28,0.566948,0.497066,0,20.9396,11.1469,9.46437,4.0933,7.12785,159971,4.49138,8.2315,6.90128,3.74011,3.05315,0.753115,1.40407,0.933913,1.13414,363.79,70.7209,202.624,31494.7,0.587812,0.515358,0.574269,0.635216,1.00666,1,1,91.7,91.7,60.4
"2024-04-20",1,4.07539,8.8294,52.8764,4.49362,274.881,140.642,565.564,0.375804,73.0251,0.0416667,67.1423,0.0416667,5408.02,0.0416667,-3.62047,0.458333,6.9178,6.59294,3.29734,2.35101,10.8799,17.4847,0.866547,15.5971,7.45612,1.30527,4.13957,1408.53,0.489169,0.502881,0,23.7497,12.1514,10.6925,6.30937,5.80109,129792,3.7537,7.17238,6.83556,3.41868,2.43752,0.94002,1.51068,0.898436,1.34759,357.894,62.653,198.699,33804.8,0.50717,0.521388,1.08762,0.479015,0.996626,1,0,95.8,95.8,60.4
"2024-04-21",1,7.50324,8.66156,43.7707,7.77917,315.923,160.557,643.879,0.371414,73.8592,0.125,82.7766,0.125,6704.59,0.125,-3.21278,0.5,6.38842,7.1519,3.17564,3.11848,9.38993,15.3031,1.12199,13.5928,7.00943,1.35811,3.76468,1237.11,0.532828,0.651383,0,27.2958,13.8721,12.1731,6.38143,7.15189,160910,3.33101,6.62352,7.41509,3.29251,3.23324,0.81129,1.32219,1.16328,1.17442,336.453,65.1894,180.705,29690.6,0.552436,0.675353,0.892272,0.528465,0.975578,1,1,87.5,87.5,52.1
"2024-04-22",1,14.9862,9.56778,45.0636,11.3574,215.323,120.938,450.42,0.3669,16.3242,0.3125,93.8384,0.3125,7650.51,0.3125,-2.60399,0.5,5.97362,5.93523,3.36963,3.6965,14.7024,15.3667,0.73244,12.9635,6.85218,1.34131,3.18459,1250.99,0.302195,0.291146,0,18.6039,10.449,8.5156,1.41041,8.10764,183612,2.69982,6.19345,6.15365,3.49363,3.83254,1.27029,1.32768,0.759394,1.12004,328.905,64.3828,152.86,30023.8,0.313315,0.30186,0.173961,0.851817,0.910904,1,1,75,75,56.2
"2024-04-23",1,14.0657,10.8839,42.0812,10.5426,303.066,170.221,624.195,0.361938,61.5977,0.354167,105.593,0.375,8586.62,0.375,-2.93871,0.583333,6.67597,7.86414,3.73726,4.17581,15.4123,24.297,1.42101,14.7803,6.04802,1.38825,2.75134,1975.05,0.314221,0.365021,0,26.1849,14.7071,11.801,5.32204,9.12328,206079,3.04686,6.92165,8.15354,3.87479,4.32948,1.33163,2.09926,1.4733,1.27702,290.305,66.6361,132.064,47401.3,0.325784,0.378454,0.583347,0.631573,0.9822,1,1,64.6,62.5,41.7
"2024-04-24",1,13.45,10.7435,44.6739,10.2993,263.709,144.94,560.304,0.354679,41.1944,0.145833,85.6707,0.145833,6965.99,0.145833,-4.24211,0.395833,8.16769,8.62544,3.92558,4.71532,14.3705,18.4329,1.13282,14.754,6.20956,1.3736,2.99014,1497.2,0.254342,0.26651,0,22.7845,12.5228,10.5931,3.55919,7.40195,167184,4.39822,8.46826,8.94285,4.07005,4.88884,1.24161,1.5926,1.17451,1.27474,298.059,65.933,143.527,35932.7,0.263702,0.276317,0.480845,0.67529,0.875295,1,1,87.5,87.5,62.5
"2024-04-25",1,13.5401,11.3437,71.3815,-9999,117.915,79.3403,259.725,0.351806,5.67418,0.0625,65.2232,0.166667,5282.91,0.166667,-1.42914,0.166667,5.83293,6.22152,4.40378,6.06415,9.7379,14.8963,0.82817,12.4025,6.03191,1.06788,2.77537,1206.28,0.234189,0.195876,5.842,10.1879,6.85501,4.91033,0.490249,5.63529,126790,1.48174,6.04758,6.45047,4.56584,6.28731,0.841355,1.28704,0.858647,1.07157,289.531,51.2584,133.218,28950.7,0.242807,0.203085,0.0869963,0.919966,0.893586,1,1,93.8,83.3,83.3
"2024-04-26",1,15.1722,11.9603,88.5182,-9999,79.7616,41.9567,169.312,0.391649,-27.7584,0.458333,58.3284,0.604167,4740.51,0.604167,2.69176,0.583333,2.28801,4.99791,4.97977,6.86111,14.8574,18.9562,1.23629,14.3218,5.72689,0.924442,2.78502,1539.68,0.356378,0.279474,21.336,6.8914,3.62506,3.20099,-2.39832,5.03957,113772,-2.79082,2.3722,5.18183,5.16302,7.1136,1.28368,1.63782,1.28179,1.23741,274.891,44.3732,133.681,36952.4,0.369493,0.289759,-0.475899,1.90803,0.728608,0,1,58.3,45.8,47.9
"2024-04-27",1,13.8969,12.668,82.1185,3.07946,170.61,94.2365,376.293,0.453104,9.83346,0.0833333,66.6359,0.166667,5407.17,0.166667,-1.06274,0.208333,6.60183,7.54278,5.53909,7.3117,9.40007,15.3853,0.879057,15.0952,5.25855,1.05836,2.86127,1247.27,0.299126,0.261694,4.572,14.7407,8.14204,7.11416,0.849611,5.75734,129772,1.10185,6.84477,7.82035,5.74293,7.58077,0.812166,1.32929,0.911406,1.30423,252.41,50.8013,137.341,29934.6,0.310134,0.271324,0.14757,0.871407,0.811462,1,1,91.7,83.3,79.2
"2024-04-28",1,14.1196,13.0245,89.8715,1.73681,121.102,65.0973,258.371,0.483842,-5.28267,0.125,70.3441,0.291667,5712.13,0.291667,-0.0466153,0.395833,5.8292,6.17558,5.78258,7.24246,9.69484,16.7571,1.15016,15.2763,4.53681,0.942707,2.98121,1359.15,0.395827,0.339408,12.192,10.4632,5.62441,4.88475,-0.456422,6.07773,137091,0.0483308,6.04371,6.40284,5.99538,7.50899,0.837634,1.44781,1.19249,1.31987,217.767,45.2499,143.098,32619.6,0.410394,0.351898,-0.0750975,1.0812,0.999449,1,1,87.5,70.8,60.4
"2024-04-29",1,12.9179,12.8395,68.0651,5.93988,313.974,174.756,669.635,0.482165,40.6863,0.0833333,134.663,0.125,10938.1,0.125,-5.87321,0.291667,11.6359,11.5858,5.76265,6.04856,13.6407,21.3171,1.09962,13.5494,4.0229,1.02879,2.89316,1733.21,0.416206,0.484308,0,27.1274,15.099,12.6601,3.5153,11.6349,262514,6.08935,12.0641,12.0122,5.97471,6.27115,1.17855,1.8418,1.14009,1.17067,193.099,49.3821,138.872,41597.1,0.431522,0.502131,0.302135,0.767969,1.00339,1,1,91.7,87.5,70.8
"2024-04-30",1,17.7319,13.071,64.9756,9.30726,222.173,128.679,480.603,0.472767,-25.7438,0.3125,142.376,0.354167,11645.2,0.354167,-3.20383,0.520833,9.11231,9.27796,5.90848,5.88731,20.0192,26.0227,1.35486,18.0947,4.20271,0.982204,2.8537,2125.57,0.297989,0.54018,0,19.1958,11.1179,9.08624,-2.22427,12.3013,279485,3.32173,9.44764,9.61938,6.12591,6.10396,1.72966,2.24836,1.40471,1.56338,201.73,47.1458,136.977,51013.7,0.308955,0.560058,-0.180815,1.22073,0.906381,1,1,72.9,68.8,52.1
"2024-05-01",1,13.0649,12.2474,68.8412,5.3396,124.918,69.0038,277.823,0.464317,-17.4104,0.166667,73.2498,0.25,5942.38,0.25,-1.63559,0.395833,7.10993,7.38808,5.47435,6.52251,11.9651,18.874,1.26971,14.7825,4.19841,0.821169,2.965,1530.5,0.278924,0.339719,0.508,10.7929,5.96193,5.2525,-1.50426,6.32878,142617,1.69578,7.37158,7.65996,5.67581,6.76254,1.03379,1.63071,1.31644,1.27721,201.524,39.4161,142.32,36732,0.289189,0.352221,-0.237686,1.31179,0.809222,1,1,83.3,75,60.4
"2024-05-02",1,12.2021,12.112,82.4766,-9999,154.697,91.2995,313.096,0.491781,13.9391,0.375,65.7673,0.395833,5329.89,0.395833,-2.54638,0.520833,7.96646,8.75838,5.42007,6.66699,13.3337,21.2649,1.68827,12.2849,4.24101,0.743257,3.07189,1724.43,0.298205,0.33871,15.748,13.3658,7.88828,5.91937,1.20434,5.68229,127917,2.64009,8.25962,9.08069,5.61953,6.91234,1.15203,1.83729,1.7504,1.06142,203.569,35.6764,147.45,41386.3,0.309179,0.351175,0.211945,0.82512,0.873021,1,1,62.5,60.4,47.9
"2024-05-03",1,14.3504,11.8871,68.312,7.09575,247.65,156.182,490.188,0.480039,-3.63986,0.291667,141.558,0.375,11523.1,0.375,-6.75185,0.416667,12.0935,11.245,5.34169,5.74495,18.6278,29.5806,1.32949,21.611,4.31555,0.86134,3.24904,2408.74,0.288557,0.32646,11.176,21.3969,13.4941,9.26746,-0.314484,12.2306,276554,7.00032,12.5386,11.6589,5.53826,5.95637,1.60944,2.55576,1.37841,1.86719,207.146,41.3443,155.954,57809.8,0.299175,0.338474,-0.0257129,1.02639,0.883058,1,1,70.8,62.5,60.4
"2024-05-04",1,11.5256,12.6485,73.6434,-9999,249.385,156.664,514.301,0.550047,40.5453,0.208333,110.684,0.25,8961.95,0.25,-5.1858,0.375,10.9012,10.6971,5.71544,5.46945,11.7833,16.0976,1.23047,13.6747,4.45594,0.717052,3.37612,1304,0.303295,0.424576,12.192,21.5468,13.5358,9.72333,3.50311,9.56307,215087,5.37664,11.3024,11.0907,5.92577,5.67072,1.01808,1.39083,1.27576,1.18149,213.885,34.4185,162.054,31296.1,0.314456,0.440201,0.366317,0.731895,0.965306,1,1,79.2,75,62.5
"2024-05-05",1,12.2755,11.7711,70.1893,5.56872,265.355,151.031,563.298,0.534634,8.87557,0.25,124.067,0.291667,10075.2,0.291667,-6.54139,0.3125,11.8714,11.2303,5.33003,4.665,13.5213,24.6251,1.42981,11.9638,4.93925,0.842476,3.94007,1999.65,0.297684,0.406087,0,22.9266,13.0491,10.6497,0.766849,10.7194,241805,6.78212,12.3083,11.6436,5.52617,4.83668,1.16824,2.12761,1.48242,1.03368,237.084,40.4389,189.123,47991.6,0.308639,0.421031,0.0715385,0.933238,0.880233,1,1,75,70.8,68.8
"2024-05-06",1,15.3064,12.752,87.7515,-9999,86.5729,56.5321,201.422,0.535667,-13.503,0.125,75.3336,0.229167,6123.42,0.229167,-0.978149,0.270833,6.88613,5.139,5.90798,5.28717,11.7806,31.4742,2.35098,8.03427,4.75658,0.818823,3.40556,2559.87,0.206423,0.189505,17.78,7.4799,4.88437,3.80807,-1.16666,6.50883,146962,1.01414,7.13954,5.32812,6.12539,5.48174,1.01784,2.71937,2.4375,0.694161,228.316,39.3035,163.467,61436.8,0.214019,0.196479,-0.179243,1.21839,1.09373,1,1,87.5,77.1,72.9
"2024-05-07",1,17.0949,13.3819,53.8382,10.7536,303.479,171.542,629.337,0.550724,-16.795,0.125,196.079,0.208333,15985,0.208333,-4.63688,0.270833,11.0093,11.9052,6.37237,6.27127,15.0491,28.3471,1.19649,17.3378,4.56447,0.925257,3.70985,2310.12,0.205718,0.199052,0,26.2206,14.8212,11.8982,-1.45109,16.9412,383641,4.80752,11.4144,12.3433,6.60687,6.50205,1.30024,2.44919,1.24052,1.49798,219.094,44.4123,178.073,55442.8,0.213289,0.206377,-0.0856545,1.09368,1.04513,1,1,87.5,83.3,72.9
"2024-05-08",1,18.6028,14.2177,45.924,13.0754,278.585,160.211,578.114,0.536424,-34.1315,0.125,190.567,0.208333,15560.3,0.208333,-4.17709,0.1875,11.2729,10.9854,7.09583,7.05057,14.8144,34.3324,1.09149,16.0607,4.53167,1.03719,3.60142,2803.49,0.204252,0.155854,1.016,24.0698,13.8423,10.9298,-2.94896,16.465,373448,4.33081,11.6878,11.3897,7.35696,7.31003,1.27997,2.96632,1.13165,1.38765,217.52,49.7851,172.868,67283.8,0.211769,0.161589,-0.179105,1.21818,0.976433,1,1,87.5,81.2,81.2
"2024-05-09",1,14.9021,13.9258,64.1497,7.23773,301.63,169.009,627.822,0.525535,28.2262,0.0833333,132.035,0.0833333,10749,0.0833333,-5.69751,0.3125,12.8537,12.0459,7.1562,6.43023,13.2133,21.0215,1.43032,15.1261,4.65655,1.07921,3.80348,1710.13,0.214996,0.186363,0,26.0608,14.6024,11.8695,2.43874,11.4078,257976,5.90718,13.3267,12.4892,7.41955,6.66686,1.14163,1.81626,1.48295,1.3069,223.515,51.8019,182.567,41043.2,0.222908,0.193221,0.213778,0.823874,0.948237,1,1,91.7,91.7,68.8
"2024-05-10",1,17.0166,13.6781,53.5263,11.6233,294.156,162.484,601.541,0.513293,-1.66976,0.166667,159.336,0.125,13020,0.125,-5.14403,0.4375,12.3979,11.5916,7.25388,6.45262,14.6322,26.6098,1.75479,18.1359,4.67779,1.2463,3.96751,2172.93,0.236156,0.281697,0,25.4151,14.0387,11.3727,-0.144267,13.7666,312479,5.33333,12.8542,12.0182,7.52083,6.69008,1.26422,2.29909,1.81937,1.56694,224.534,59.8223,190.44,52150.2,0.244846,0.292064,-0.0104795,1.01059,0.970347,1,1,83.3,87.5,56.2
"2024-05-11",1,19.054,13.7088,45.1101,15.6913,317.173,183.804,660.095,0.498649,0.466742,0.25,178.559,0.270833,14622.3,0.270833,-4.86841,0.541667,12.4085,12.3468,7.54009,7.18621,15.9894,22.396,1.68164,13.2773,4.66607,1.40192,3.97403,1832.04,0.267384,0.321053,0,27.4037,15.8807,12.4797,0.0403265,15.4275,350936,5.04757,12.8651,12.8011,7.81756,7.45066,1.38149,1.93501,1.74352,1.14716,223.971,67.2921,190.754,43969.1,0.277223,0.332868,0.00261393,0.997393,0.974006,1,1,75,72.9,45.8
"2024-05-12",1,19.6734,14.5659,62.0968,-9999,194.155,122.982,422.005,0.487146,-20.2211,0.229167,123.647,0.3125,10117.4,0.3125,-1.8554,0.5625,10.2015,9.80887,8.34611,8.97184,15.0051,29.2077,2.25613,16.5902,4.40425,1.2926,3.85124,2384.65,0.632978,0.630058,5.842,16.775,10.6256,7.97839,-1.7471,10.6831,242817,1.92368,10.5769,10.1698,8.65325,9.302,1.29644,2.52355,2.33915,1.43339,211.404,62.0447,184.86,57231.6,0.656272,0.653245,-0.163539,1.19551,0.840986,1,1,77.1,68.8,43.8
"2024-05-13",1,15.9177,14.9885,82.5244,3.71,148.151,76.7476,314.515,0.481432,0.243142,0.3125,61.033,0.3125,4966.79,0.3125,0.285676,0.520833,8.38957,10.0225,8.67525,11.0216,12.3823,21.7573,1.80212,14.5382,4.46651,1.0297,3.98669,1769.26,0.649986,0.708942,0.508,12.8003,6.63099,5.94619,0.0210075,5.27326,119203,-0.296189,8.69831,10.3913,8.9945,11.4272,1.06983,1.87983,1.86843,1.2561,214.393,49.4256,191.361,42462.3,0.673905,0.735031,0.00398378,0.996032,0.798412,0,1,68.8,68.8,47.9
"2024-05-14",1,17.2614,14.985,56.5384,11.0045,329.123,180.119,673.103,0.47403,14.6929,0.145833,128.629,0.125,10502.9,0.125,-3.63047,0.3125,12.1859,14.2551,8.55546,11.1988,13.8625,27.7896,1.34258,13.4332,4.30622,1.22002,3.90669,2268.8,0.461776,0.199691,0,28.4362,15.5622,12.7256,1.26947,11.1135,252070,3.76407,12.6344,14.7797,8.8703,11.6109,1.19772,2.40102,1.39199,1.16063,206.698,58.5612,187.521,54451.2,0.47877,0.207039,0.114227,0.897483,0.795706,1,1,85.4,87.5,68.8
"2024-05-15",1,18.1959,15.4248,79.239,5.05994,180.396,100.819,392.859,0.466315,1.20054,0.125,86.1078,0.1875,7026.21,0.1875,-1.47857,0.291667,10.1387,9.71559,8.66012,9.57767,11.4142,17.2225,1.37255,16.3257,4.5328,1.08249,4.08406,1403.57,0.351642,0.182918,9.652,15.5862,8.71079,7.42735,0.103726,7.43971,168629,1.53298,10.5118,10.0731,8.97882,9.93013,0.986186,1.48803,1.42306,1.41054,217.574,51.9597,196.035,33685.8,0.364583,0.18965,0.0139422,0.986249,0.865988,1,1,87.5,81.2,70.8
"2024-05-16",1,18.7233,16.3918,61.6286,10.7002,333.182,187.36,696.654,0.461923,18.707,0.0416667,163.558,0.125,13367.1,0.125,-2.52479,0.333333,11.7293,11.7525,9.20451,8.96746,13.8754,20.5529,1.33546,13.8512,4.26246,1.33217,3.88416,1678.46,0.275966,0.194186,0,28.787,16.1879,13.1709,1.61628,14.1314,320811,2.6177,12.1609,12.185,9.54323,9.29746,1.19883,1.77577,1.38461,1.19675,204.598,63.9439,186.44,40283,0.286122,0.201332,0.114375,0.897364,0.972808,1,1,95.8,87.5,66.7
"2024-05-17",1,21.8177,16.4661,53.5032,15.2047,333.503,190.687,698.873,0.452164,-20.7917,0.0833333,203.661,0.0833333,16710.5,0.0833333,-2.27432,0.229167,11.2988,11.4737,9.02448,9.00256,12.9857,19.6805,1.21844,13.2091,4.32769,1.24957,3.98158,1612.21,0.308634,0.260123,0,28.8146,16.4753,13.2128,-1.7964,17.5963,401053,2.35802,11.7146,11.8959,9.35658,9.33385,1.12196,1.7004,1.26328,1.14126,207.729,59.9794,191.116,38693.1,0.319991,0.269695,-0.10209,1.1137,0.959002,1,1,91.7,91.7,77.1
"2024-05-18",1,22.3119,17.4475,49.7783,14.7758,330.962,190.305,698.448,0.440373,-1.32586,0.0416667,173.724,0.0416667,14226.1,0.0416667,-2.64146,0.0208333,12.0448,11.5845,9.40329,9.73149,16.7563,24.7682,1.01161,13.6211,4.25517,1.22812,3.91036,2028.19,0.208518,0.172723,0,28.5951,16.4423,13.2048,-0.114554,15.0098,341426,2.73867,12.488,12.0108,9.74933,10.0896,1.44774,2.13997,1.04884,1.17686,204.248,58.95,187.697,48676.7,0.216192,0.179079,-0.00763199,1.00769,0.905906,1,1,95.8,95.8,97.9
"2024-05-19",1,16.088,15.5185,70.2989,5.58552,83.6714,40.4884,187.14,0.433549,-29.8161,0.354167,59.4545,0.4375,4830.89,0.4375,4.21728,0.604167,3.55721,5.46211,7.77449,9.47628,10.7527,16.5679,1.41357,11.509,4.41956,0.98241,3.56052,1345.55,0.320355,0.272867,6.604,7.22921,3.4982,3.53805,-2.57611,5.13687,115941,-4.37247,3.68811,5.66312,8.06059,9.82501,0.929034,1.43146,1.46559,0.994382,212.139,47.1557,170.905,32293.1,0.332144,0.282909,-0.501494,2.006,0.732023,0,1,64.6,56.2,39.6
"2024-05-20",1,21.6295,17.1122,73.1622,-9999,295.069,195.046,676.254,0.443626,14.7873,0.291667,144.17,0.375,11814.2,0.375,-0.83926,0.416667,9.46544,11.1,8.62618,10.0252,18.8959,30.8809,1.28986,14.4056,4.27561,0.89868,3.72157,2532.53,0.410303,0.357806,27.178,25.4939,16.852,12.7852,1.27762,12.4563,283541,0.870145,9.81377,11.5085,8.94362,10.3941,1.6326,2.66811,1.33733,1.24465,205.229,43.1366,178.635,60780.7,0.425402,0.370973,0.102568,0.906973,0.814975,1,1,70.8,62.5,58.3
"2024-05-21",1,16.7723,16.7769,87.8101,-9999,133.604,80.5923,268.137,0.603209,-19.0105,0.395833,86.3054,0.395833,7012.55,0.395833,2.05777,0.458333,6.20879,6.77345,8.26656,9.27117,9.70869,18.2409,1.23494,18.3474,4.36992,1.01834,3.88224,1481.3,0.422929,0.285832,37.338,11.5434,6.96318,5.06937,-1.64251,7.45678,168301,-2.1335,6.43727,7.02271,8.57077,9.61235,0.838831,1.57602,1.28039,1.58522,209.756,48.8803,186.348,35551.1,0.438493,0.29635,-0.22027,1.2825,0.835003,0,1,60.4,60.4,54.2
"2024-05-22",1,17.2134,16.7935,63.4688,8.4485,299.21,170.226,583.915,0.583255,19.9476,0.229167,145.006,0.25,11819,0.25,-3.28442,0.375,11.5398,11.0902,8.25535,9.10297,13.1168,19.7783,1.0925,16.5062,4.20887,1.00911,3.84493,1611.77,0.409285,0.338914,0,25.8518,14.7075,11.0394,1.72347,12.5285,283655,3.40529,11.9644,11.4983,8.55915,9.43796,1.13329,1.70885,1.1327,1.42614,202.026,48.4372,184.557,38682.5,0.424346,0.351386,0.137564,0.879072,0.969029,1,1,77.1,75,62.5
"2024-05-23",1,20.7358,16.9997,58.2038,12.2488,324.852,194.377,685.503,0.563283,-23.1691,0.125,203.737,0.1875,16671.3,0.1875,-2.2405,0.25,10.5774,11.7924,8.33688,9.52577,14.2824,21.8981,0.991924,14.2907,4.12261,0.867378,3.87119,1791.87,0.347573,0.278653,0,28.0672,16.7942,12.9601,-2.00181,17.6029,400111,2.32295,10.9666,12.2264,8.64367,9.87631,1.234,1.89199,1.02843,1.23472,197.885,41.6341,185.817,43004.8,0.360364,0.288907,-0.11372,1.12831,0.928957,1,1,87.5,81.2,75
"2024-05-24",1,16.8772,17.498,67.6957,-9999,344.352,206.613,734.631,0.589787,33.824,0.291667,174.415,0.3125,14193.5,0.3125,-2.61202,0.375,11.2006,12.1218,8.58861,9.73606,12.6324,21.5999,1.08992,13.9558,4.01937,0.955267,3.83141,1756.09,0.414623,0.392786,17.526,29.752,17.8513,13.8889,2.92239,15.0695,340644,2.70814,11.6128,12.5678,8.90467,10.0943,1.09144,1.86623,1.13003,1.20578,192.93,45.8528,183.908,42146.2,0.429882,0.40724,0.193928,0.837571,1.00787,1,1,70.8,68.8,62.5
"2024-05-25",1,19.448,16.6365,54.3649,-9999,303.352,179.135,636.899,0.566776,-31.0723,0.1875,205.317,0.25,16790.7,0.25,-2.71804,0.333333,10.7493,11.0739,8.03124,8.74029,16.1802,27.9774,1.08745,14.0439,3.88124,0.757283,3.86173,2288.79,0.412837,0.362239,0,26.2096,15.4772,12.0412,-2.68465,17.7394,402976,2.81806,11.1449,11.4814,8.32679,9.06193,1.39797,2.41725,1.12747,1.21339,186.3,36.3496,185.363,54931,0.428029,0.375569,-0.151338,1.17833,0.972703,1,1,81.2,75,66.7
"2024-05-26",1,21.0942,18.1314,61.0131,-9999,310.381,184.812,686.034,0.555396,2.70598,0.145833,157.999,0.125,12925.2,0.125,-2.07603,0.1875,11.0679,11.017,8.99188,9.06171,15.2357,23.2902,0.877773,15.1648,3.88618,1.0497,3.76777,1904.24,0.46052,0.387447,0,26.8169,15.9677,12.9701,0.233796,13.6511,310204,2.15242,11.4752,11.4224,9.32278,9.39518,1.31636,2.01227,0.910075,1.31024,186.537,50.3856,180.853,45701.7,0.477467,0.401705,0.0171265,0.983162,0.869561,1,1,85.4,87.5,81.2
"2024-05-27",1,20.1103,17.924,50.4828,13.7379,332.596,191.349,718.573,0.543099,-2.67924,0.0625,191.455,0.0416667,15665,0.0416667,-2.37923,0.229167,11.206,10.9295,8.82678,8.49908,13.4084,19.5586,0.99976,14.2819,3.85629,0.88167,3.72328,1598.15,0.46612,0.41102,0,28.7363,16.5326,13.5853,-0.231486,16.5418,375961,2.46678,11.6184,11.3317,9.1516,8.81185,1.15848,1.68987,1.03655,1.23396,185.102,42.3202,178.717,38355.7,0.483273,0.426145,-0.013994,1.01419,0.986553,1,1,93.8,95.8,77.1
"2024-05-28",1,20.048,17.4224,49.7948,14.2409,327.429,189.789,714.616,0.524479,4.19017,0.166667,173.911,0.145833,14238.1,0.145833,-2.63869,0.4375,11.1612,11.1141,8.5225,8.58206,14.4115,24.2749,1.26848,15.1496,3.90366,0.982272,3.67961,1986.32,0.400309,0.354981,0,28.2899,16.3978,13.5105,0.362031,15.0259,341713,2.7358,11.5719,11.5231,8.83612,8.89787,1.24515,2.09735,1.31516,1.30893,187.376,47.1491,176.621,47671.6,0.41504,0.368045,0.0240938,0.976473,0.938414,1,1,83.3,85.4,56.2
"2024-05-29",1,20.1032,17.5997,51.7806,13.067,335.959,193.542,723.213,0.501604,7.83519,0.0833333,171.142,0.0833333,13997.5,0.0833333,-2.55844,0.208333,11.4668,11.9763,8.90833,9.70827,13.9104,22.4622,0.989702,13.2686,3.88044,1.04708,3.60982,1837.2,0.360044,0.268979,0,29.0269,16.7221,13.673,0.67696,14.7867,335940,2.65259,11.8887,12.417,9.23615,10.0655,1.20185,1.94073,1.02612,1.14641,186.261,50.2599,173.272,44092.7,0.373294,0.278878,0.0457817,0.956223,0.924746,1,1,91.7,91.7,79.2
"2024-05-30",1,19.0495,17.6203,74.1981,-9999,129.348,62.1254,284.477,0.512751,-25.0038,0.1875,77.0923,0.229167,6286.51,0.229167,1.20966,0.208333,8.00025,8.71232,9.20991,11.3038,11.2449,16.2613,1.23018,11.8338,4.07146,1.11838,3.79228,1325.23,0.295944,0.194801,27.686,11.1757,5.36763,5.3783,-2.16033,6.66078,150876,-1.25417,8.29466,9.03294,9.54883,11.7197,0.971562,1.40497,1.27545,1.02244,195.43,53.6823,182.029,31805.4,0.306835,0.201969,-0.324336,1.48002,0.838442,0,1,81.2,77.1,79.2
"2024-05-31",1,18.2069,17.6431,89.6526,2.49617,109.456,66.7962,259.939,0.557956,-6.34494,0.208333,65.9157,0.229167,5372.1,0.229167,3.17085,0.458333,6.39144,8.90598,9.56228,13.3023,9.08767,16.5214,1.64743,10.6215,3.90317,0.944897,3.80676,1345.54,0.344345,0.280236,5.08,9.45697,5.77119,4.91437,-0.548203,5.69512,128930,-3.28753,6.62664,9.23372,9.91418,13.7919,0.785175,1.42745,1.70805,0.917695,187.352,45.3551,182.725,32293.1,0.357017,0.290549,-0.0962584,1.10651,0.891829,0,1,79.2,77.1,54.2
"2024-06-01",1,19.8444,18.7691,78.2027,-9999,290.631,185.948,625.584,0.570991,28.5236,0.395833,118.447,0.395833,9671.76,0.395833,-0.274747,0.5,11.1112,14.0976,10.8365,14.5492,11.5055,22.4356,1.20021,15.403,3.5994,1.08154,4.1007,1831.69,0.919163,0.680794,0,25.1105,16.0659,11.8272,2.46444,10.2338,232122,0.284857,11.5201,14.6164,11.2353,15.0846,0.994074,1.93844,1.24438,1.33082,172.771,51.9141,196.833,43960.5,0.952988,0.705847,0.240812,0.805924,0.790386,1,1,60.4,60.4,50
"2024-06-02",1,21.8243,19.0867,79.8917,-9999,197.536,120.764,431.113,0.589743,-14.4454,0.145833,114.987,0.25,9406.28,0.25,1.23146,0.291667,10.2436,11.0683,11.4751,13.6256,10.3418,16.7561,1.1498,16.5118,3.67375,0.957333,4.0421,1370.49,0.740147,0.466767,16.764,17.0671,10.434,8.15058,-1.24809,9.93491,225751,-1.27677,10.6206,11.4756,11.8974,14.127,0.893528,1.44773,1.19211,1.42662,176.34,45.952,194.021,32891.7,0.767384,0.483944,-0.125626,1.14368,0.832546,0,1,85.4,75,70.8
"2024-06-03",1,22.8875,20.6435,73.2125,-9999,314.65,197.262,672.472,0.590917,7.45965,0.229167,168.485,0.229167,13815.6,0.229167,1.60899,0.270833,11.7121,12.9016,13.3211,13.3339,13.0853,26.2823,1.36238,13.2377,3.56775,1.08288,4.10065,2155.89,1.23402,0.839725,1.524,27.1858,17.0434,12.7137,0.644514,14.5571,331573,-1.6682,12.1431,13.3764,13.8114,13.8246,1.13057,2.27079,1.41252,1.14374,171.252,51.9781,196.831,51741.4,1.27943,0.870627,0.0442748,0.957602,0.891934,0,1,77.1,77.1,72.9
"2024-06-04",1,21.1874,20.4543,73.7513,7.44944,196.472,108.567,421.031,0.584887,-4.78546,0.208333,115.416,0.25,9443.73,0.25,0.824085,0.3125,12.7032,10.322,13.5273,11.8853,11.2484,17.6405,1.33357,13.7753,3.81401,1.05876,4.38797,1442.01,1.13853,0.807756,0,16.9752,9.38017,7.95997,-0.413464,9.97194,226650,-0.854411,13.1707,10.7018,14.0251,12.3227,0.971864,1.52414,1.38264,1.19019,183.072,50.8207,210.622,34608.1,1.18043,0.837482,-0.0414627,1.04326,1.01901,0,1,79.2,75,68.8
"2024-06-05",1,21.4111,19.3244,55.7716,-9999,347.048,209.786,734.388,0.574532,6.05689,0.291667,218.946,0.25,17965,0.25,-1.29934,0.604167,13.556,11.1881,12.2567,10.1829,14.0715,29.3338,1.24265,13.6884,3.77103,0.935485,4.54252,2408.18,0.968332,0.896422,0,29.9849,18.1255,13.8843,0.523315,18.917,431159,1.34716,14.0549,11.5998,12.7077,10.5577,1.21577,2.53444,1.28838,1.18268,181.009,44.9033,218.041,57796.2,1.00397,0.92941,0.0276638,0.973081,1.07254,1,1,72.9,75,56.2
"2024-06-06",1,21.628,19.2428,39.8358,18.0888,359.009,207.459,750.335,0.562976,-1.19842,0.125,205.774,0.145833,16861.1,0.145833,0.478094,0.416667,11.1436,10.4778,11.6217,9.27032,11.4953,25.0982,1.24583,13.6087,4.07223,0.821727,4.55802,2056.12,0.963123,0.861781,0,31.0184,17.9245,14.1858,-0.103544,17.7789,404666,-0.495687,11.5537,10.8633,12.0494,9.61146,0.993191,2.16848,1.29168,1.17579,195.467,39.4429,218.785,49346.9,0.998566,0.893495,-0.00582397,1.00586,0.986101,0,1,87.5,85.4,58.3
"2024-06-07",1,22.9944,19.4206,59.277,14.3108,266.345,169.856,558.756,0.548159,-1.62321,0.291667,142.829,0.333333,11737.4,0.333333,1.39954,0.416667,9.83724,8.50866,11.2368,8.73978,16.8808,34.7667,1.29261,17.0615,4.34815,0.985932,4.80749,2857.61,0.473004,0.362565,3.048,23.0122,14.6755,10.5638,-0.140245,12.3404,281698,-1.45104,10.1993,8.82178,11.6503,9.06141,1.4585,3.00385,1.34018,1.47411,208.711,47.3247,230.76,68582.5,0.490411,0.375907,-0.0113647,1.0115,0.831328,0,1,70.8,66.7,58.3
"2024-06-08",1,20.4075,19.8373,77.6021,6.00741,180.324,111.145,404.108,0.53751,-4.30193,0.25,98.0674,0.291667,8013.33,0.291667,3.58065,0.5625,7.39764,6.85529,10.9783,8.47453,11.407,19.9554,1.51714,15.6739,4.52891,0.862854,4.74239,1628.97,0.499967,0.445286,0,15.58,9.60293,7.64003,-0.371687,8.47303,192320,-3.71242,7.66987,7.10757,11.3823,8.78639,0.985567,1.72415,1.57297,1.35422,217.388,41.417,227.635,39095.3,0.518366,0.461673,-0.043867,1.04588,0.843632,0,1,75,70.8,45.8
"2024-06-09",1,21.8096,20.0962,50.5762,15.5973,346.553,209.862,735.109,0.524971,17.2709,0.0625,168.212,0.0833333,13788.3,0.0833333,0.28327,0.291667,10.3466,9.60242,10.6299,8.26799,11.2532,27.0806,1.34072,13.5804,4.18969,0.885666,4.60386,2220.38,0.444043,0.412117,0,29.9421,18.1321,13.8979,1.4922,14.5335,330919,-0.293694,10.7273,9.95579,11.021,8.57225,0.972273,2.33976,1.39006,1.17334,201.105,42.5119,220.985,53289.1,0.460384,0.427282,0.102674,0.906887,0.88383,0,1,93.8,91.7,70.8
"2024-06-10",1,21.1237,19.7249,50.1764,14.682,345.926,208.116,732.615,0.502825,29.7754,0.166667,148.152,0.145833,12133.8,0.145833,-0.45854,0.5625,10.2933,9.59967,9.83472,7.99257,11.7825,26.3387,1.26208,13.1021,4.3907,0.880149,4.67517,2157.12,0.516903,0.548712,0,29.888,17.9812,13.8508,2.5726,12.8004,291211,0.475414,10.6721,9.95294,10.1966,8.28669,1.01801,2.27566,1.30853,1.13202,210.754,42.2472,224.408,51770.9,0.535925,0.568905,0.200979,0.832654,0.854944,1,1,83.3,85.4,47.9
"2024-06-11",1,25.0504,20.7685,46.9621,19.5031,328.647,207.421,694.519,0.485363,17.3963,0.0416667,163.546,0.0416667,13441.7,0.0416667,-0.211901,0.291667,10.2965,8.43106,10.0846,8.58859,14.7826,23.0138,1.38667,14.1269,4.59635,0.962283,4.47625,1890.28,0.428704,0.351748,0,28.3951,17.9212,13.1305,1.50304,14.1304,322601,0.219699,10.6754,8.74132,10.4558,8.90465,1.27722,1.9884,1.4377,1.22056,220.625,46.1896,214.86,45366.7,0.44448,0.364692,0.10637,0.903857,0.872343,1,1,95.8,95.8,70.8
"2024-06-12",1,27.5908,21.29,52.6346,19.4501,311.266,193.652,659.772,0.468732,14.9475,0.145833,166.58,0.145833,13711.9,0.145833,0.344742,0.375,9.57451,9.15311,9.91925,9.22436,14.5021,22.8419,1.10437,15.2301,4.483,0.966498,4.60562,1879.11,0.458329,0.333409,0,26.8934,16.7316,12.4736,1.29146,14.3925,329087,-0.357428,9.92685,9.48995,10.2843,9.56382,1.25298,1.97354,1.14501,1.31588,215.184,46.3919,221.07,45098.7,0.475195,0.345678,0.0897315,0.917657,0.93739,0,1,85.4,85.4,64.6
"2024-06-13",1,26.9219,22.1748,52.4396,17.9429,288.291,178.184,609.888,0.452263,3.93921,0.0625,112.118,0.0833333,9215.58,0.0833333,-0.0189901,0.1875,9.98956,10.1495,9.97056,10.7062,11.6515,24.7703,0.891943,13.9348,4.43355,1.22164,5.00324,2036.78,0.483755,0.390534,0,24.9084,15.3951,11.5305,0.340348,9.68701,221174,0.019689,10.3572,10.523,10.3375,11.1002,1.00669,2.14015,0.924766,1.20397,212.81,58.6386,240.155,48882.8,0.501557,0.404905,0.0351345,0.966058,0.651336,1,1,93.8,91.7,81.2
"2024-06-14",1,25.2457,21.8676,43.59,20.7047,332.791,196.085,700.121,0.437801,29.0149,0.125,147.067,0.125,12089.9,0.125,0.551467,0.3125,8.8269,10.6563,9.37836,12.5583,14.7831,21.153,1.09885,13.422,4.20022,1.06755,4.60152,1738.19,0.528484,0.462781,0,28.7532,16.9417,13.2364,2.50689,12.7066,290159,-0.571761,9.15173,11.0484,9.72349,13.0204,1.27726,1.82762,1.13929,1.15966,201.611,51.2425,220.873,41716.4,0.547933,0.479811,0.197291,0.835219,0.897988,0,1,87.5,87.5,68.8
"2024-06-15",1,22.4125,21.6059,80.4814,-9999,166.58,107.532,367.079,0.485319,3.41092,0.1875,96.4549,0.291667,7886.43,0.291667,4.43506,0.291667,4.74728,7.96599,9.18234,13.0997,10.5031,13.7291,1.01662,16.3092,4.4801,1.17364,4.43074,1122.04,0.49652,0.384689,17.272,14.3925,9.29072,6.93997,0.294704,8.3337,189274,-4.59827,4.92198,8.25914,9.52025,13.5818,0.907469,1.18619,1.05403,1.40911,215.045,56.3346,212.675,26928.9,0.514792,0.398845,0.0353628,0.965845,0.928712,0,1,81.2,70.8,70.8
"2024-06-16",1,27.186,22.9226,69.6679,11.8917,304.701,193.617,656.839,0.478704,16.3778,0.0625,154.535,0.0625,12705.4,0.0625,2.07158,0.104167,8.00528,10.534,10.0769,13.2179,12.5494,18.3711,0.903154,13.5998,4.14721,1.20778,4.54522,1510.56,0.47865,0.369016,0,26.3261,16.7285,12.4181,1.41504,13.3518,304929,-2.14782,8.29987,10.9216,10.4477,13.7043,1.08427,1.58726,0.93639,1.17502,199.066,57.9734,218.171,36253.5,0.496265,0.382595,0.105981,0.904174,0.882735,0,1,93.8,93.8,89.6
"2024-06-17",1,26.2791,23.3577,71.3209,-9999,209.933,134.767,471.57,0.462278,-17.0896,0.145833,128.963,0.166667,10582.3,0.166667,3.70327,0.1875,6.63383,8.4757,10.3371,12.9993,9.76813,13.0442,0.831219,15.827,4.08283,0.960637,4.48377,1069.65,0.279835,0.214424,3.048,18.1382,11.6439,8.91546,-1.47654,11.1424,253974,-3.83955,6.87796,8.7876,10.7175,13.4777,0.843967,1.12701,0.861808,1.36745,195.976,46.1106,215.221,25671.6,0.290133,0.222315,-0.132515,1.15276,0.830124,0,1,85.4,83.3,81.2
"2024-06-18",1,24.6603,22.9858,76.147,8.34033,128.061,77.6873,273.355,0.465163,-22.7455,0.354167,90.8754,0.333333,7453.1,0.333333,4.43938,0.354167,5.43866,6.66856,9.87804,12.4199,10.0341,13.3156,0.83313,15.2641,4.53192,1.10892,4.88966,1090.78,0.287568,0.20163,9.906,11.0645,6.71219,5.16802,-1.96521,7.85163,178874,-4.60274,5.6388,6.91396,10.2416,12.877,0.866947,1.15046,0.863789,1.31882,217.532,53.2279,234.704,26178.7,0.29815,0.20905,-0.250293,1.33385,0.876976,0,1,64.6,66.7,64.6
"2024-06-19",1,19.9956,21.8131,71.93,6.94557,201.679,136.802,443.839,0.48794,13.1311,0.0833333,96.128,0.0833333,7839.5,0.0833333,1.61486,0.145833,7.28391,8.35604,8.89876,11.0005,14.725,16.9924,1.19069,16.3421,4.50138,1.19561,5.03726,1386.29,0.299596,0.180375,0.254,17.4251,11.8197,8.39119,1.13453,8.30546,188148,-1.67429,7.55195,8.66354,9.22624,11.4053,1.27224,1.46814,1.23451,1.41196,216.066,57.3894,241.789,33270.9,0.310621,0.187013,0.1366,0.879817,0.798666,0,1,91.7,91.7,85.4
"2024-06-20",1,23.4689,22.4563,84.7418,5.23586,201.389,137.031,441.589,0.47684,29.2553,0.0416667,92.2032,0.0833333,7555.67,0.0833333,1.9457,0.0625,7.09748,8.0784,9.04319,9.76262,10.1487,15.7985,1.08162,13.9252,4.41385,1.10588,4.9998,1294.2,0.23238,0.166062,0,17.4,11.8395,8.34863,2.52766,7.96636,181336,-2.01731,7.35867,8.37568,9.37598,10.1219,0.876849,1.36499,1.12143,1.20314,211.865,53.0822,239.99,31060.8,0.240931,0.172173,0.317291,0.759133,0.886354,0,1,95.8,91.7,93.8
"2024-06-21",1,27.6489,24.1364,69.7456,12.4878,290.345,192.834,620.448,0.463926,18.4809,0.0416667,148.39,0.0625,12208.5,0.0625,3.64795,0.0833333,6.03536,7.41352,9.6833,9.41059,17.0437,23.6763,0.989227,15.3121,4.30004,1.24368,5.03667,1948.31,0.322177,0.305006,1.016,25.0858,16.6609,11.7301,1.59675,12.8209,293003,-3.7822,6.25746,7.68634,10.0396,9.7569,1.47258,2.04563,1.02563,1.32297,206.402,59.6965,241.76,46759.3,0.334033,0.31623,0.124543,0.88925,0.865361,0,1,95.8,93.8,91.7
"2024-06-22",1,25.2507,24.4319,75.9946,8.78054,254.965,162.98,544.216,0.450005,29.2055,0.125,116.526,0.0833333,9567.41,0.0833333,1.33387,0.166667,7.86795,7.43365,9.20181,8.88412,15.5874,21.477,1.09192,14.5028,4.36572,1.27862,4.64912,1763.54,0.33714,0.33501,0.762,22.029,14.0815,10.2889,2.52336,10.0678,229618,-1.38295,8.15749,7.70721,9.54044,9.21105,1.34675,1.85562,1.13211,1.25304,209.555,61.3739,223.158,42325,0.349546,0.347338,0.250636,0.799593,0.894164,0,1,87.5,91.7,83.3
"2024-06-23",1,25.4612,24.008,68.5312,13.3415,339.429,213.237,734.955,0.433698,73.0045,0.1875,126.557,0.229167,10404.2,0.229167,3.18797,0.354167,5.13496,5.86044,8.32293,7.93158,18.1182,24.1557,1.25267,12.9062,4.8525,1.31742,4.82725,1985.04,0.936017,0.796073,0,29.3266,18.4237,13.895,6.30759,10.9345,249700,-3.30528,5.32393,6.07611,8.62921,8.22346,1.56541,2.08705,1.29877,1.11509,232.92,63.2364,231.708,47641.1,0.970463,0.825369,0.576851,0.634175,0.935865,0,1,81.2,77.1,64.6
"2024-06-24",1,31.0368,25.3019,56.9067,23.6003,333.91,204.75,724.028,0.418156,61.7602,0,119.077,0.0208333,9845.15,0.0208333,3.19732,0,5.10661,4.06244,8.30393,7.43415,12.9481,17.5025,0.934443,12.9832,5.01372,1.15467,4.93987,1443.77,0.804457,0.608892,0,28.8498,17.6904,13.6884,5.33608,10.2882,236283,-3.31498,5.29453,4.21194,8.60952,7.70773,1.11871,1.51222,0.96883,1.12175,240.658,55.4243,237.114,34650.5,0.834061,0.631299,0.51866,0.658475,0.88321,0,1,100,97.9,100
"2024-06-25",1,29.2479,26.2348,60.9596,17.4612,292.453,187.873,656.666,0.404704,48.5797,0.104167,98.3791,0.145833,8111.2,0.145833,2.56105,0.229167,5.5507,4.43615,8.11175,7.66998,15.0808,24.2328,0.912398,15.0752,4.8802,1.27947,4.87527,1997.2,0.492187,0.328155,8.128,25.2679,16.2323,12.4149,4.19729,8.49996,194669,-2.6553,5.75496,4.5994,8.41026,7.95223,1.30298,2.09372,0.945974,1.3025,234.25,61.4145,234.013,47932.8,0.510299,0.340231,0.493801,0.669433,0.782222,0,1,89.6,85.4,77.1
"2024-06-26",1,24.6085,25.7074,69.2991,-9999,342.404,208.245,736.267,0.408787,61.9465,0.208333,101.068,0.25,8294,0.25,3.77526,0.291667,3.67092,5.84762,7.44618,8.48331,19.0111,27.5659,1.31853,13.3921,4.86486,1.21499,4.95662,2263.5,0.472327,0.4051,1.27,29.5837,17.9924,13.9198,5.35218,8.73232,199056,-3.91419,3.80601,6.06281,7.7202,8.79549,1.64255,2.38169,1.36705,1.15708,233.513,58.3195,237.918,54323.9,0.489709,0.420008,0.612917,0.619995,0.782802,0,1,79.2,75,70.8
"2024-06-27",1,23.1338,23.5544,77.0828,6.77475,106.511,56.4535,234.9,0.394316,-0.00614192,0.145833,59.6364,0.166667,4876.03,0.166667,3.02843,0.291667,3.11711,4.67519,6.14554,7.8847,9.21451,12.9125,1.05613,9.70435,4.5612,1.01049,4.27268,1055.77,1.02671,0.761529,0.254,9.20253,4.87758,4.44101,-0.000530662,5.15258,117025,-3.13988,3.23182,4.84724,6.3717,8.17486,0.796134,1.11564,1.095,0.838455,218.937,48.5034,205.089,25338.4,1.06449,0.789554,-0.000102989,1.0001,1.05627,0,1,85.4,83.3,70.8
"2024-06-28",1,26.333,24.3277,73.5323,9.91125,237.165,144.167,526.64,0.386102,54.8592,0.104167,73.1219,0.125,6006.78,0.125,1.28835,0.1875,4.80908,5.33685,6.09743,7.54573,19.0849,23.0253,1.11186,16.7485,4.77313,1.08946,4.84641,1892.73,1.0295,0.735769,0,20.4911,12.456,9.95661,4.73983,6.31774,144163,-1.33576,4.98606,5.53325,6.32182,7.82341,1.64894,1.98938,1.15278,1.44707,229.11,52.2939,232.628,45425.6,1.06739,0.762845,0.750242,0.571349,0.887727,0,1,89.6,87.5,81.2
"2024-06-29",1,22.0055,24.2913,65.6785,9.8906,341.549,198.487,744.552,0.375179,111.854,0.0625,79.1325,0.125,6472.32,0.125,1.38797,0.1875,4.91423,4.35411,6.30221,5.78107,22.0563,25.0402,1.08331,13.4902,4.86342,1.20412,4.94257,2048.26,0.411682,0.29251,0,29.5098,17.1493,14.0764,9.66419,6.83705,155336,-1.43905,5.09508,4.51434,6.53413,5.99382,1.90566,2.16347,1.12318,1.16555,233.444,57.7976,237.243,49158.3,0.426832,0.303274,1.4135,0.414335,0.96221,0,1,93.8,87.5,81.2
"2024-06-30",1,19.7598,23.1551,63.6405,9.86934,330.809,188.438,721.87,0.360549,97.4897,0.270833,70.3387,0.145833,5744.72,0.145833,2.07548,0.458333,4.36061,3.61445,6.43609,4.61191,15.8347,22.5055,1.08139,13.6228,4.8867,0.800367,5.02779,1839.43,0.782618,0.678233,0,28.5819,16.2811,13.6476,8.42311,6.07727,137873,-2.15185,4.52108,3.74746,6.67293,4.78163,1.36812,1.94447,1.12118,1.17701,234.561,38.4176,241.334,44146.2,0.811418,0.703191,1.386,0.419111,0.890628,0,1,72.9,85.4,54.2
"2024-07-01",1,19.6798,-9999,88.0757,-9999,104.766,-9999,222.664,-9999,0.408002,0.791667,44.4398,0.8125,3619.59,0.8125,3.97352,0.875,2.65085,2.17446,6.62437,5.24222,16.3731,13.0904,2.83958,8.91106,4.64443,1.4926,4.08358,1064.09,1.12292,0.0120829,132.842,9.05175,-9999,4.20966,0.0352514,3.8396,86870.1,-4.11975,2.7484,2.25448,6.86814,5.43513,1.41464,1.13101,2.94408,0.769916,222.933,71.6447,196.012,25538.2,1.16425,0.0125276,0.009181,0.990903,-9999,0,1,25,22.9,18.8
"2024-07-02",1,22.5013,-9999,93.1797,-9999,138.788,-9999,292.995,-9999,11.4404,1.02083,53.3413,1.02083,4362.81,1.02083,4.58573,1.02083,2.93599,2.90313,7.52171,6.2769,-9999,-9999,-9999,13.2802,3.87709,-9999,3.25286,-9999,-9999,-9999,19.304,11.9913,-9999,5.53934,0.988453,4.60869,104707,-4.75448,3.04403,3.00997,7.79851,6.50788,-9999,-9999,-9999,1.14741,186.1,-9999,156.137,-9999,-9999,-9999,0.214476,0.8234,-9999,0,1,0,0,0
"2024-07-03",1,21.8189,-9999,79.4816,-9999,245.912,-9999,514.211,-9999,30.3515,0.375,105.266,0.375,8616.79,0.375,3.829,0.479167,4.26183,4.17113,8.09084,7.02667,20.7784,28.095,1.56529,15.4401,3.66364,1.25412,3.05206,2301.26,0.826383,0.673507,0,21.2468,-9999,9.72162,2.62237,9.09495,206803,-3.96991,4.41867,4.32463,8.38858,7.28525,1.79525,2.42741,1.6229,1.33403,175.855,60.1976,146.499,55230.2,0.856794,0.698292,0.288333,0.776197,-9999,0,1,62.5,62.5,54.2
"2024-07-04",1,22.0356,23.4441,75.0542,-9999,287.111,172.88,600.237,0.607072,41.3887,0.208333,123.027,0.270833,10066.9,0.270833,3.20166,0.4375,6.40689,5.01394,9.60855,8.22405,19.7341,24.899,1.29359,16.0276,3.482,1.01497,2.73408,2036.93,0.464737,0.400409,5.08,24.8064,14.9369,11.348,3.57599,10.6295,241607,-3.31948,6.64266,5.19846,9.96214,8.5267,1.70502,2.15127,1.3412,1.38479,167.136,48.7186,131.236,48886.4,0.48184,0.415144,0.336421,0.748267,0.951037,0,1,79.2,72.9,56.2
"2024-07-05",1,21.2229,23.1109,68.6394,-9999,336.921,196.007,719.226,0.597048,59.9076,0.145833,128.252,0.104167,10491,0.104167,3.28494,0.270833,7.24291,5.32306,10.5278,8.56098,23.2059,25.3501,1.10939,14.0178,3.21229,0.800618,2.582,2074.53,0.541017,0.390454,0,29.11,16.935,13.5976,5.17602,11.081,251785,-3.40582,7.50945,5.51895,10.9153,8.87603,2.00499,2.19025,1.15021,1.21114,154.19,38.4297,123.936,49788.8,0.560926,0.404822,0.467107,0.681613,0.959965,0,1,87.5,89.6,75
"2024-07-06",1,20.9442,-9999,78.0535,-9999,213.598,-9999,450.022,-9999,26.0389,0.5,82.3418,0.5625,6747.61,0.5625,4.34363,0.6875,5.99282,3.71275,10.3364,8.38099,18.7991,25.6721,1.57356,17.2105,3.45725,0.919824,2.43196,2103.7,1.06634,111.895,3.302,18.4548,-9999,8.50808,2.24976,7.11433,161943,-4.50348,6.21335,3.84938,10.7168,8.68941,1.62424,2.21807,1.63146,1.48698,165.948,44.1515,116.734,50488.8,1.10558,116.012,0.316229,0.759746,-9999,0,1,50,43.8,33.3
"2024-07-07",1,20.3983,-9999,81.8308,-9999,293.915,-9999,605.113,-9999,46.4717,1.0625,110.905,1.0625,9072.39,1.0625,2.81129,1.125,7.22364,5.80891,10.0349,9.18533,-9999,-9999,-9999,16.0396,3.61761,-9999,2.61268,-9999,-9999,-9999,0.254,25.3942,-9999,11.4402,4.01515,9.58222,217737,-2.91474,7.48947,6.02268,10.4042,9.52335,-9999,-9999,-9999,1.38583,173.645,-9999,125.409,-9999,-9999,-9999,0.419021,0.704711,-9999,0,1,0,0,0
"2024-07-08",1,21.0142,-9999,75.6201,-9999,355.662,-9999,716.387,-9999,52.3421,0.645833,145.499,0.625,11906.1,0.625,2.87751,0.708333,7.63576,7.68936,10.5133,10.7275,18.2099,22.0621,1.52422,14.2518,3.71608,1.06878,2.64252,1808.45,1.30688,172.991,0,30.7292,-9999,13.544,4.52236,12.5711,285747,-2.9834,7.91675,7.97232,10.9002,11.1222,1.57333,1.90617,1.58032,1.23135,178.372,51.3014,126.841,43402.8,1.35497,179.357,0.359742,0.735433,-9999,0,1,43.8,43.8,29.2
"2024-07-09",1,23.0754,23.6287,72.3702,9.9997,310.902,191.786,675.161,0.574467,40.5055,0.291667,120.189,0.395833,9860.52,0.395833,3.56601,0.541667,6.65437,8.17492,10.2204,11.6042,10.598,19.8238,1.13983,13.8216,3.9284,0.872909,2.69189,1625.91,1.4132,147.988,0,26.8619,16.5703,12.7645,3.49967,10.3843,236653,-3.69724,6.89925,8.47576,10.5965,12.0312,0.915671,1.71278,1.18177,1.19419,188.563,41.8996,129.211,39021.9,1.46521,153.433,0.337015,0.747935,0.837886,0,1,70.8,60.4,47.9
"2024-07-10",1,23.5778,23.8557,75.1143,9.15459,291.051,179.219,611.197,0.565108,32.1496,0.354167,126.57,0.333333,10393.3,0.333333,2.62727,0.583333,7.50046,7.24633,10.1277,10.4836,10.138,17.9552,1.57229,13.4957,3.96669,1.02786,2.65334,1473.59,1.41436,1.34327,0,25.1468,15.4845,11.5552,2.77773,10.9357,249440,-2.72395,7.77648,7.513,10.5004,10.8694,0.875925,1.55133,1.63015,1.16603,190.401,49.3373,127.36,35366.2,1.46641,1.39271,0.254006,0.797444,0.885619,0,1,64.6,66.7,41.7
"2024-07-11",1,22.8533,23.8388,75.2462,8.7448,328.1,201.584,692.832,0.550024,47.6009,0.291667,124.801,0.3125,10237.4,0.3125,3.52117,0.520833,6.35988,6.56934,9.88105,9.13827,11.6961,18.7033,1.29726,13.0185,3.96804,0.897919,2.52778,1533.09,0.664227,0.574831,0,28.3479,17.4168,13.0986,4.11272,10.7828,245698,-3.65075,6.59393,6.81109,10.2447,9.47455,1.01054,1.61596,1.345,1.1248,190.466,43.1001,121.333,36794.2,0.688671,0.595984,0.381413,0.723896,0.85524,0,1,70.8,68.8,50
"2024-07-12",1,25.0531,24.4873,80.584,7.31165,318.722,202.318,676.219,0.533734,59.0713,0.0625,128.435,0.104167,10549.2,0.104167,3.25664,0.1875,6.79089,6.46195,10.0475,8.98204,9.67793,13.0971,1.15299,12.8155,3.93081,0.981843,2.49388,1074.39,0.516646,0.334956,0,27.5376,17.4803,12.7845,5.10376,11.0968,253180,-3.37649,7.0408,6.69975,10.4173,9.31258,0.836174,1.13159,1.19542,1.10726,188.679,47.1285,119.706,25785.4,0.535659,0.347282,0.459931,0.684964,0.926792,0,1,93.8,89.6,83.3
"2024-07-13",1,27.529,25.6905,77.2474,9.7365,282.41,177.686,606.047,0.524735,31.6017,0.0416667,127.025,0.0625,10458.1,0.0625,4.2067,0.0625,6.40956,6.35112,10.6163,9.67583,8.39865,12.7548,0.910622,13.9415,4.00542,0.844664,2.51374,1049.44,1.01784,3.89858,0,24.4002,15.3521,11.4579,2.73038,10.9749,250994,-4.3615,6.64544,6.58484,11.0069,10.0319,0.725644,1.10201,0.944133,1.20454,192.26,40.5439,120.659,25186.6,1.0553,4.04205,0.248783,0.800779,0.892733,0,1,95.8,93.8,93.8
"2024-07-14",1,26.9157,25.9451,74.6113,10.8386,308.503,190.724,653.549,0.512154,36.8241,0.145833,131.797,0.229167,10850.1,0.229167,2.77491,0.333333,7.93798,7.61692,10.7129,10.6579,9.70991,16.8075,1.00956,12.9899,3.85221,0.883606,2.42858,1383,1.11649,4.48067,0,26.6546,16.4786,12.3559,3.1816,11.3873,260403,-2.87703,8.23009,7.89723,11.1071,11.0502,0.838936,1.45217,1.04672,1.12232,184.906,42.4131,116.572,33192,1.15758,4.64556,0.279399,0.781617,0.884112,0,1,85.4,77.1,66.7
"2024-07-15",1,27.886,26.2901,78.2389,9.74568,285.494,182.861,616.816,0.49991,30.2509,0.145833,117.757,0.208333,9702.26,0.208333,3.36508,0.270833,7.52179,7.99838,10.8869,11.0518,8.96735,14.0965,1.1121,15.5174,3.7155,0.873461,2.47408,1160.13,0.664126,0.534584,0,24.6667,15.7992,11.6615,2.61368,10.1742,232854,-3.48891,7.79859,8.29272,11.2875,11.4585,0.774779,1.21794,1.15303,1.34071,178.344,41.9261,118.756,27843.2,0.688566,0.554257,0.256891,0.795614,0.809404,0,1,85.4,79.2,72.9
"2024-07-16",1,23.0783,25.1955,74.005,8.00733,214.554,121.747,480.482,0.489529,19.9484,0.229167,82.7108,0.25,6771.29,0.25,2.86431,0.333333,7.27589,7.17942,10.1402,9.92933,10.375,15.1061,1.13645,13.5842,3.78716,1.02177,2.66042,1236.54,0.667979,0.593174,0,18.5374,10.519,9.08394,1.72354,7.14622,162511,-2.96972,7.54365,7.44362,10.5134,10.2947,0.896403,1.30516,1.17827,1.17367,181.784,49.0451,127.7,29677,0.69256,0.615003,0.241182,0.805684,0.843214,0,1,77.1,75,66.7
"2024-07-17",1,21.7623,24.5936,71.7479,8.92124,315.723,186.847,687.095,0.477579,47.6663,0.145833,114.454,0.125,9372.33,0.125,1.52671,0.270833,8.23485,8.11756,9.76156,9.80758,10.5683,14.3799,1.22948,13.6711,3.64843,0.851375,2.34889,1176.75,0.602282,0.432118,0,27.2785,16.1436,12.9902,4.11837,9.88882,224936,-1.58289,8.53789,8.41629,10.1208,10.1685,0.913101,1.24242,1.27473,1.18119,175.124,40.866,112.747,28242,0.624446,0.44802,0.416467,0.705982,0.867661,0,1,85.4,87.5,72.9
"2024-07-18",1,20.9612,23.9158,72.5354,8.39273,291.909,173.36,610.949,0.467362,51.9667,0.229167,109.48,0.229167,8960.06,0.229167,1.373,0.3125,7.93334,8.25456,9.30635,10.3055,11.3426,15.2351,1.19433,14.1478,3.68662,0.878689,2.42936,1246.6,0.660336,0.462173,0,25.2209,14.9783,11.5505,4.48993,9.45903,215041,-1.42353,8.22529,8.55833,9.64882,10.6848,0.979998,1.31631,1.23829,1.22237,176.958,42.1771,116.61,29918.3,0.684636,0.479181,0.474671,0.678118,0.93128,0,1,77.1,77.1,68.8
"2024-07-19",1,20.6351,23.3008,79.2331,5.7125,182.361,110.711,369.844,0.465808,28.534,0.125,85.4198,0.166667,6982.74,0.166667,2.91307,0.208333,5.76932,6.34034,8.68239,10.972,8.6128,13.8019,1.17009,17.5313,3.90113,0.93101,2.35812,1126.37,0.417328,0.246141,3.048,15.756,9.56545,6.99223,2.46534,7.38027,167586,-3.02027,5.98163,6.57367,9.0019,11.3758,0.744146,1.19249,1.21315,1.51471,187.254,44.6885,113.19,27033,0.432686,0.255199,0.334044,0.7496,1.02929,0,1,87.5,83.3,79.2
"2024-07-20",1,19.8928,22.5993,90.0369,2.42484,101.696,61.8502,230.043,0.495951,11.7521,0.145833,49.2046,0.375,4010.41,0.375,6.3479,0.395833,1.65837,5.7785,8.00626,11.6615,7.19752,11.7405,1.51534,8.13032,4.05753,0.931802,2.66633,955.993,0.570466,0.300932,2.032,8.78649,5.34386,4.34917,1.01538,4.25128,96249.8,-6.5815,1.71939,5.99115,8.30089,12.0906,0.621866,1.01438,1.5711,0.70246,194.762,44.7265,127.984,22943.8,0.591459,0.312006,0.238842,0.807205,0.985554,0,1,85.4,62.5,60.4
"2024-07-21",1,20.9715,23.1921,83.718,5.15409,264.715,172.04,549.127,0.483029,50.1497,0.3125,103.914,0.395833,8499.86,0.395833,2.72943,0.583333,5.32945,8.65026,8.05888,12.0202,12.2027,20.4231,1.56621,14.9788,3.66895,0.901131,2.5015,1667.12,1.80784,29.1046,0,22.8714,14.8643,10.3817,4.33293,8.97814,203997,-2.82987,5.52557,8.96859,8.35544,12.4625,1.05431,1.76456,1.62385,1.29416,176.109,43.2543,120.072,40010.9,1.87437,30.1756,0.482609,0.674487,0.895509,0,1,68.8,60.4,41.7
"2024-07-22",1,21.9482,23.3706,82.4961,5.95217,246.877,154.081,500.608,0.466347,42.1618,0.541667,94.967,0.604167,7776.82,0.604167,2.48507,0.729167,5.35666,8.62102,7.84173,11.6051,13.8295,18.3852,1.80264,17.3654,3.59336,0.883386,2.53885,1506.34,2.21277,35.9251,0,21.3302,13.3126,9.46445,3.64278,8.20515,186644,-2.57652,5.55378,8.93827,8.13031,12.0321,1.19487,1.58848,1.86897,1.50037,172.481,42.4025,121.865,36152.1,2.2942,37.2472,0.443963,0.692539,0.889979,0,1,45.8,39.6,27.1
"2024-07-23",1,22.6198,23.665,82.2088,6.40873,281.697,176.727,585.306,0.452268,51.1923,0.375,118.23,0.395833,9693.78,0.395833,1.04715,0.541667,6.6464,8.46525,7.69355,10.8768,17.4721,19.9631,1.17628,12.157,3.42459,0.859961,2.3025,1636.9,2.129,46.3073,0,24.3387,15.2692,11.0657,4.42302,10.2151,232651,-1.08569,6.89098,8.77677,7.97667,11.2771,1.50959,1.72481,1.21957,1.05036,164.38,41.2781,110.52,39285.6,2.20735,48.0114,0.432989,0.697842,0.958668,0,1,62.5,60.4,45.8
"2024-07-24",1,24.4945,24.1952,80.1197,8.16288,279.205,172.352,575.265,0.442936,43.638,0.3125,116.256,0.375,9554.13,0.375,1.55468,0.583333,5.99931,7.60787,7.55399,9.68573,14.5048,18.6543,1.048,11.5612,3.55495,0.878751,2.26641,1533.15,2.19318,47.6679,0,24.1233,14.8912,10.8759,3.77032,10.0445,229299,-1.61189,6.22009,7.88784,7.83197,10.0422,1.25321,1.61173,1.08657,0.998885,170.638,42.18,108.787,36795.7,2.27389,49.4221,0.375362,0.727082,0.927718,0,1,68.8,62.5,41.7
"2024-07-25",1,25.4091,24.853,84.004,6.7669,277.46,175.961,582.207,0.435333,44.869,0.229167,103.72,0.25,8530.81,0.25,1.69113,0.479167,5.6685,7.19264,7.35963,9.07561,14.1825,17.8071,0.978212,11.897,3.49269,0.903589,2.36437,1463.99,0.708609,0.417024,0,23.9726,15.203,11.0071,3.87669,8.96139,204740,-1.75336,5.87711,7.45733,7.63046,9.4096,1.22536,1.53853,1.01421,1.0279,167.649,43.3723,113.49,35135.7,0.734686,0.432371,0.432599,0.698032,0.844444,0,1,77.1,75,52.1
"2024-07-26",1,26.0682,25.4613,77.9149,9.11193,285.549,170.708,610.889,0.428477,48.3896,0.0625,117.763,0.104167,9685.57,0.104167,1.4433,0.208333,5.66778,7.0733,7.11108,9.35277,13.1796,14.8403,0.930052,11.7193,3.39446,0.924242,2.37403,1219.87,0.448535,0.275993,0,24.6714,14.7492,11.5494,4.18086,10.1747,232454,-1.49641,5.87635,7.3336,7.37277,9.69696,1.13872,1.28221,0.964278,1.01255,162.934,44.3636,113.953,29276.8,0.465041,0.28615,0.410907,0.708764,0.973312,0,1,93.8,89.6,79.2
"2024-07-27",1,25.5207,25.503,74.6423,9.43289,282.217,164.859,621.73,0.422025,55.3366,0.0416667,113.022,0.0625,9284.76,0.0625,1.10349,0.0833333,5.49711,7.22374,6.6006,9.58151,12.9207,15.2454,0.984272,12.3381,3.45544,0.926231,2.55947,1251.85,0.362958,0.26555,0,24.3836,14.2438,11.7544,4.78108,9.7651,222834,-1.1441,5.6994,7.48958,6.8435,9.93411,1.11634,1.3172,1.02049,1.06601,165.861,44.4591,122.855,30044.3,0.376315,0.275322,0.489609,0.671317,1.02123,0,1,95.8,93.8,91.7
"2024-07-28",1,24.7649,25.2628,80.231,7.1072,246.024,144.864,523.854,0.414868,54.9754,0.0416667,93.5171,0.0833333,7675.71,0.0833333,0.957979,0.0833333,5.154,7.25942,6.11198,9.89873,12.5821,13.5111,0.95061,16.4583,3.51138,0.945618,2.79985,1108.26,0.344202,0.267738,0,21.2565,12.5162,9.90394,4.74987,8.07988,184217,-0.993232,5.34367,7.52656,6.3369,10.263,1.08709,1.16736,0.985593,1.42199,168.546,45.3897,134.393,26598.2,0.356869,0.27759,0.587864,0.629777,1.02505,0,1,95.8,91.7,93.8
"2024-07-29",1,26.7208,26.1876,84.7449,6.73428,281.309,173.005,628.702,0.410486,64.4595,0.125,78.5818,0.145833,6466.82,0.145833,2.09246,0.270833,4.59074,7.19971,6.68321,10.5812,13.6595,17.8186,0.758971,13.2558,3.31428,0.759897,2.69634,1466.31,1.53397,1.51243,0,24.3051,14.9476,11.8862,5.5693,6.78947,155204,-2.16947,4.75968,7.46466,6.92915,10.9706,1.18018,1.53953,0.786901,1.1453,159.086,36.4751,129.424,35191.4,1.59042,1.56808,0.820285,0.549365,0.826805,0,1,87.5,85.4,72.9
"2024-07-30",1,26.165,26.1191,75.7368,8.57954,279.151,174.562,602.805,0.406693,70.5277,0.0208333,96.7699,0.125,7943.81,0.125,1.2149,0.145833,5.70728,6.88194,6.92218,10.6188,14.8808,15.8348,0.844905,15.458,3.38566,0.81401,2.76717,1300.54,1.47633,1.38735,0,24.1186,15.0822,11.3966,6.09359,8.36092,190652,-1.2596,5.91731,7.13519,7.17691,11.0096,1.2857,1.36813,0.875997,1.33557,162.512,39.0725,132.824,31213,1.53066,1.4384,0.728818,0.57843,0.958384,0,1,97.9,87.5,89.6
"2024-07-31",1,25.1205,-9999,82.6586,-9999,226.208,-9999,484.168,-9999,49.4703,0.5,70.2787,0.5,5784.43,0.5,3.52115,0.520833,3.54626,5.10496,7.06741,10.2686,20.114,24.957,1.044,16.2482,3.62753,1.07143,2.56111,2055.25,1.11155,1.10716,48.006,19.5443,-9999,9.15364,4.27423,6.07208,138826,-3.65073,3.67677,5.29282,7.32749,10.6465,1.73785,2.15629,1.08242,1.40385,174.121,51.4286,122.933,49326.1,1.15246,1.1479,0.703915,0.586884,-9999,0,1,52.1,52.1,50
"2024-08-01",1,22.9724,-9999,83.8402,-9999,313.101,-9999,664.141,-9999,43.6777,0.333333,129.473,0.375,10619.7,0.375,3.1684,0.541667,3.83525,6.10856,7.00365,9.50447,24.3797,21.4375,1.0294,12.7504,3.84171,0.902238,2.67562,1759.6,1.12337,1.25036,0,27.0519,-9999,12.5562,3.77375,11.1865,254873,-3.285,3.97639,6.33336,7.26138,9.85423,2.10641,1.8522,1.06728,1.10163,184.402,43.3074,128.43,42230.4,1.16471,1.29637,0.33735,0.747747,-9999,0,1,66.7,62.5,45.8
"2024-08-02",1,24.9581,25.5418,79.6363,8.60823,310.667,179.766,665.66,0.587182,40.8025,0.229167,117.242,0.229167,9640.31,0.229167,3.45948,0.4375,4.09789,6.32744,7.55736,10.092,16.0821,23.0499,1.02181,12.7035,4.49721,0.733102,2.67712,1894.71,1.69106,120.704,0,26.8416,15.5318,12.5849,3.52533,10.1297,231367,-3.58679,4.24869,6.56029,7.83547,10.4634,1.3895,1.99151,1.05941,1.09758,215.866,35.1889,128.502,45473.1,1.75329,125.146,0.348019,0.741829,0.879166,0,1,77.1,77.1,56.2
"2024-08-03",1,25.4593,25.7747,75.5341,9.9015,312.863,189.496,660.908,0.577015,45.5859,0.3125,157.35,0.333333,12941.1,0.333333,2.53674,0.479167,5.40886,7.52194,7.9456,11.5319,17.4307,27.0896,0.996314,13.3251,4.91518,0.78727,2.65511,2228.95,1.80922,128.091,0,27.0313,16.3724,12.4951,3.93862,13.595,310587,-2.63009,5.60791,7.79874,8.23799,11.9562,1.50602,2.34054,1.03298,1.15129,235.928,37.789,127.445,53494.8,1.8758,132.805,0.289711,0.775368,1.07093,0,1,68.8,66.7,54.2
"2024-08-04",1,26.6311,26.0081,72.288,10.8908,294.82,172.254,635.381,0.565443,41.6073,0.104167,135.937,0.125,11186.5,0.125,2.5644,0.270833,5.78233,7.82564,8.34673,11.8265,14.1309,21.605,0.918944,12.2509,5.07186,0.813677,2.66826,1778.7,1.03278,27.1819,0,25.4725,14.8827,12.0125,3.59487,11.7449,268477,-2.65877,5.99512,8.11362,8.65389,12.2618,1.22091,1.86667,0.952762,1.05848,243.449,39.0565,128.077,42688.8,1.07078,28.1822,0.306078,0.765651,1.03071,0,1,89.6,87.5,72.9
"2024-08-05",1,27.0667,26.2127,67.2567,13.0764,282.572,165.841,612.911,0.548954,37.8756,0.104167,145.652,0.145833,11992.1,0.145833,1.62325,0.229167,6.96445,7.11601,8.58769,10.3882,11.2038,18.0244,0.940249,12.756,5.11282,0.926366,2.72933,1482.93,0.938436,28.0862,0,24.4142,14.3286,11.5876,3.27246,12.5843,287810,-1.68298,7.22074,7.37788,8.90372,10.7705,0.96801,1.55731,0.974851,1.10212,245.415,44.4656,131.008,35590.4,0.972971,29.1198,0.260042,0.793624,1.10665,0,1,89.6,85.4,77.1
"2024-08-06",1,19.1048,24.4543,81.9706,4.24957,170.025,96.8972,371.184,0.526605,42.2634,0.125,63.1592,0.0833333,5147.09,0.0833333,1.99315,0.1875,5.71786,5.79963,7.71101,9.05594,7.99151,10.7161,1.16178,11.9931,4.94227,1.31413,2.62712,872.521,2.86209,23.2798,0,14.6901,8.37192,7.01757,3.65156,5.45696,123530,-2.0665,5.92828,6.01305,7.99478,9.3892,0.690466,0.925871,1.20454,1.03621,237.229,63.0781,126.102,20940.5,2.96741,24.1365,0.669157,0.599105,1.08798,0,1,87.5,91.7,81.2
"2024-08-07",1,20.6626,23.7247,80.3128,5.92355,266.373,163.858,588.977,0.507428,70.6278,0.333333,89.8136,0.375,7345.58,0.375,2.7379,0.458333,4.6805,6.78417,7.4184,9.31029,14.8391,17.5333,0.928474,13.1105,4.62649,1.19877,2.74496,1434.54,3.5716,27.7835,1.778,23.0146,14.1573,11.1351,6.10224,7.75989,176294,-2.83866,4.85274,7.03383,7.69139,9.65291,1.2821,1.51487,0.962642,1.13275,222.072,57.5408,131.758,34429,3.70304,28.8059,0.786382,0.559791,0.979148,0,1,66.7,62.5,54.2
"2024-08-08",1,18.8289,23.4976,74.8848,5.84245,247.991,142.724,531.058,0.506003,51.3893,0.125,113.365,0.1875,9238.94,0.1875,2.66191,0.208333,5.03171,6.57212,7.69362,9.16499,8.23619,13.3062,1.09108,14.032,4.67028,1.28439,2.70258,1083.61,0.465078,0.339739,2.286,21.4265,12.3314,10.0401,4.44003,9.79469,221735,-2.75987,5.21688,6.81398,7.97675,9.50226,0.711607,1.14966,1.13124,1.21236,224.173,61.6507,129.724,26006.7,0.482193,0.352241,0.45331,0.688084,1.15435,0,1,87.5,81.2,79.2
"2024-08-09",1,15.661,21.6051,74.8105,5.61656,255.371,131.918,550.711,0.490009,60.0618,0.145833,89.1128,0.229167,7258.49,0.229167,2.56914,0.395833,4.71805,6.16414,7.28718,7.85818,7.70879,12.4506,0.922764,12.6124,4.63741,0.998909,2.70012,1013.73,0.539889,0.386522,0,22.064,11.3977,10.4117,5.18934,7.69934,174204,-2.66368,4.89167,6.39098,7.55535,8.14736,0.666039,1.07573,0.956722,1.08971,222.596,47.9476,129.606,24329.5,0.559757,0.400746,0.673998,0.597372,1.13082,0,1,85.4,77.1,60.4
"2024-08-10",1,17.7036,21.1988,79.0854,5.12151,189.608,109.953,403.349,0.476573,48.9671,0.25,73.5749,0.208333,6000.97,0.208333,2.85251,0.5625,4.69989,5.41066,7.5524,7.59236,9.94573,11.9695,1.24496,13.345,4.48274,1.15054,2.34528,975.495,0.795739,1.25878,0,16.3821,9.4999,7.62567,4.23076,6.35688,144023,-2.95748,4.87284,5.60977,7.83032,7.87175,0.859311,1.03417,1.29078,1.15301,215.172,55.2259,112.574,23411.9,0.825022,1.30511,0.665541,0.600406,1.1145,0,1,75,79.2,45.8
"2024-08-11",1,18.2504,21.0687,84.8615,3.44425,95.1847,55.2765,215.741,0.469089,16.0594,0.3125,43.5551,0.291667,3547.6,0.291667,4.5584,0.479167,3.35988,3.68208,7.91828,7.68655,8.04321,12.3187,1.53037,11.2707,4.25991,1.16069,1.9359,1002.21,0.721482,0.994064,10.16,8.22395,4.77589,4.07878,1.38753,3.76316,85142.4,-4.72614,3.48352,3.81758,8.20967,7.96942,0.694933,1.06434,1.58668,0.973785,204.476,55.713,92.923,24053.1,0.748032,1.03065,0.368715,0.730613,1.07848,0,1,68.8,70.8,52.1
"2024-08-12",1,18.8928,21.4115,92.8606,-9999,114.391,70.9365,228.866,0.488175,20.3638,0.520833,40.6467,0.520833,3310.4,0.520833,5.23795,0.5625,3.34833,4.54279,8.58628,8.68444,10.2263,14.3496,1.56257,9.74126,3.96674,1.10173,1.86951,1168.44,1.24683,34.9123,1.778,9.88338,6.12891,4.32692,1.75943,3.51187,79449.6,-5.4307,3.47155,4.70996,8.90225,9.00403,0.883548,1.23981,1.62008,0.841645,190.404,52.8833,89.7367,28042.6,1.29271,36.1971,0.500996,0.666224,0.860072,0,1,47.9,47.9,43.8
"2024-08-13",1,21.1712,22.2255,88.1617,3.35885,171.859,116.433,359.449,0.482524,35.0535,0.0416667,70.7965,0.0625,5783.95,0.0625,4.32476,0.0833333,5.28489,5.82694,9.60965,11.2986,8.85189,12.9847,1.40418,14.4154,3.5533,1.15011,1.61754,1059.08,1.00785,19.9557,0,14.8486,10.0598,6.79571,3.02862,6.11682,138815,-4.48391,5.47938,6.04138,9.96329,11.7144,0.764803,1.12188,1.45585,1.24549,170.558,55.2052,77.6418,25418,1.04494,20.6901,0.49513,0.668838,0.90911,0,1,95.8,93.8,91.7
"2024-08-14",1,23.3159,23.3202,88.1292,-9999,217.687,150.371,468.169,0.56946,34.1788,0.25,107.985,0.270833,8842.3,0.270833,5.03243,0.291667,5.88833,7.15484,10.9208,13.7089,11.8593,16.9137,1.28501,16.9354,3.4735,1.01935,1.58654,1384.34,0.609396,0.478233,61.468,18.8082,12.9921,8.85116,2.95305,9.3299,212215,-5.21762,6.10502,7.41814,11.3226,14.2134,1.02465,1.46134,1.3323,1.46322,166.728,48.9287,76.1537,33224.3,0.631822,0.495832,0.316515,0.759581,0.945419,0,1,75,72.9,70.8
"2024-08-15",1,23.3841,24.3533,87.6488,4.36796,228.413,140.426,503.977,0.625884,30.6179,0.166667,95.5203,0.145833,7833.42,0.145833,5.5606,0.3125,6.73051,8.27372,12.2911,15.5502,9.94027,15.2781,1.17242,15.2434,3.34625,1.03409,1.56548,1250.73,0.665929,0.552205,0,19.7349,12.1328,9.52813,2.64539,8.25295,188002,-5.76523,6.97819,8.5782,12.7434,16.1225,0.858839,1.32003,1.21557,1.31703,160.62,49.6362,75.1431,30017.4,0.690435,0.572526,0.320539,0.757267,0.898255,0,1,83.3,85.4,68.8
"2024-08-16",1,23.3691,24.3439,81.1138,6.63978,263.719,149.396,550.435,0.619223,25.4894,0.25,118.324,0.25,9705.93,0.25,4.65174,0.395833,7.6536,8.93204,12.3053,15.4262,8.73724,15.5929,1.15413,13.4963,2.95597,0.904343,1.61553,1277.04,1.3577,74.9625,0,22.7853,12.9078,10.4065,2.20228,10.2232,232942,-4.82292,7.93526,9.26074,12.7582,15.9938,0.754897,1.34723,1.19661,1.16608,141.887,43.4084,77.5453,30649,1.40767,77.7211,0.21542,0.822761,0.962634,0,1,77.1,77.1,62.5
"2024-08-17",1,22.1847,24.3324,81.4022,5.71554,256.346,147.839,551.914,0.612518,38.0001,0.229167,100.066,0.229167,8189.54,0.229167,4.44426,0.333333,7.47423,8.3154,11.9185,14.1514,9.58287,15.5421,1.21912,14.9499,2.63283,1.03921,1.59515,1270.25,1.49059,76.4886,0.254,22.1483,12.7733,10.4344,3.28321,8.6457,196549,-4.6078,7.74928,8.62141,12.3571,14.6722,0.82796,1.34284,1.26398,1.29167,126.376,49.8822,76.567,30485.9,1.54544,79.3033,0.379751,0.724768,0.933896,0,1,77.1,77.1,66.7
"2024-08-18",1,19.0872,22.4973,95.6078,1.03168,42.8371,6.69986,97.8061,0.605432,-4.73966,0.479167,28.5092,0.479167,2322.08,0.479167,7.88335,0.791667,2.36715,3.1666,10.2505,12.3462,6.97866,11.6827,1.66516,6.29858,2.81183,0.908998,1.30498,950.661,1.90607,95.4814,4.826,3.70112,0.578868,1.84911,-0.409507,2.46319,55729.8,-8.17346,2.45426,3.28313,10.6277,12.8005,0.602957,1.00938,1.72643,0.544197,134.968,43.6319,62.6389,22815.9,1.97621,98.9952,-0.16625,1.1994,3.54777,0,1,52.1,52.1,20.8
"2024-08-19",1,21.4033,23.0276,83.039,5.50713,242.783,149.91,519.602,0.603511,30.1177,0.3125,97.2288,0.291667,7963.62,0.291667,4.339,0.5,5.96789,7.30142,10.3069,11.8237,9.5453,17.1188,1.2602,13.7803,3.34432,0.964607,1.97039,1400.18,1.76198,96.4734,0,20.9764,12.9522,9.82355,2.60217,8.40056,191127,-4.49868,6.18751,7.57011,10.6862,12.2588,0.824714,1.47907,1.30658,1.19062,160.528,46.3011,94.5788,33604.3,1.82682,100.024,0.309761,0.763498,0.849488,0,1,68.8,70.8,50
"2024-08-20",1,19.3401,22.3161,87.1397,3.09735,128.351,83.4326,266.148,0.599835,13.1974,0.145833,80.384,0.208333,6552.66,0.208333,5.00676,0.3125,4.47629,5.05172,9.48306,10.7278,6.94989,13.4418,1.26455,11.8599,3.5162,0.863143,1.92192,1095.47,1.06832,63.1846,3.048,11.0895,7.20858,5.03177,1.14025,6.94517,157264,-5.19101,4.64102,5.23762,9.83204,11.1226,0.60047,1.16137,1.31109,1.0247,168.778,41.4308,92.2522,26291.2,1.10764,65.5098,0.164179,0.858974,1.12164,0,1,85.4,79.2,68.8
"2024-08-21",1,20.6628,22.2097,79.1011,5.36484,189.462,116.279,391.052,0.59637,17.8508,0,106.927,0,8730.28,0,2.34299,0.0208333,6.77029,7.02649,9.11327,10.646,7.68225,14.1809,1.25193,17.6131,3.57347,0.970838,2.03885,1156.57,0.221041,0.181798,0,16.3695,10.0465,7.3932,1.54231,9.2385,209527,-2.42921,7.01943,7.28506,9.44864,11.0378,0.663747,1.22523,1.298,1.52177,171.527,46.6002,97.865,27757.7,0.229175,0.188488,0.166944,0.856939,1.07309,0,1,100,100,97.9
"2024-08-22",1,19.7296,21.9382,79.2685,5.08954,206.828,121.441,442.626,0.591472,25.9677,0.0208333,105.743,0.0208333,8627.66,0.0208333,1.41964,0.0416667,7.27153,7.61211,8.69117,10.1211,7.30522,13.4677,1.22301,15.2968,3.75176,0.887624,2.239,1097.58,0.261354,0.233517,0,17.87,10.4925,8.36824,2.24361,9.13619,207064,-1.47188,7.53912,7.89223,9.011,10.4936,0.631171,1.16361,1.26802,1.32164,180.085,42.606,107.472,26341.8,0.270972,0.24211,0.245574,0.802843,1.08456,0,1,97.9,97.9,95.8
"2024-08-23",1,20.7996,22.1034,79.077,5.5303,179.112,110.856,374.381,0.586856,17.4863,0.0625,93.6767,0.0416667,7655.25,0.0416667,2.29617,0.0833333,6.23224,6.37942,8.52842,9.33586,7.21968,13.5149,1.20097,15.0074,3.72891,1.03264,2.19595,1102.79,0.269298,0.248554,0,15.4753,9.57795,7.07802,1.51082,8.09367,183726,-2.38067,6.46159,6.61419,8.84226,9.67942,0.62378,1.16769,1.24516,1.29664,178.988,49.5668,105.406,26466.9,0.279208,0.257701,0.186667,0.842697,1.00277,0,1,93.8,95.8,91.7
"2024-08-24",1,24.7836,23.605,83.3253,5.74308,263.178,167.642,566.663,0.581168,33.83,0.0208333,112.904,0.0416667,9266.83,0.0416667,2.33604,0.0625,6.87416,7.51242,9.21021,9.29397,7.97092,11.4067,0.941886,12.6708,4.03495,0.9837,2.38032,933.494,0.293628,0.205588,0,22.7386,14.4843,10.7133,2.92291,9.7549,222404,-2.42201,7.12713,7.78888,9.54915,9.63599,0.688687,0.985536,0.976547,1.09476,193.677,47.2176,114.255,22403.9,0.304434,0.213154,0.299635,0.769447,0.875279,0,1,97.9,95.8,93.8
"2024-08-25",1,28.0118,25.3047,80.0836,9.10265,268.49,159.801,575.8,0.573282,29.824,0.0625,120.467,0.104167,9929.79,0.104167,3.28539,0.104167,6.74023,6.48081,10.0256,9.0936,7.46864,13.6908,0.836391,12.0837,4.18982,0.744002,2.38672,1127.56,0.355839,0.281967,0,23.1975,13.8068,10.886,2.57679,10.4083,238315,-3.40629,6.98827,6.7193,10.3946,9.42825,0.645291,1.18289,0.86717,1.04404,201.111,35.7121,114.562,27061.4,0.368934,0.292344,0.247571,0.801558,0.940484,0,1,93.8,89.6,89.6
"2024-08-26",1,27.2521,25.4681,77.3386,9.74584,271.653,163.47,576.777,0.56154,20.0934,0.270833,122.512,0.291667,10091.9,0.291667,2.89336,0.458333,7.01738,6.46679,9.91074,9.19826,10.1442,16.8264,0.891716,12.1258,4.62914,0.881596,2.35238,1385.58,0.543551,0.426975,0,23.4708,14.1238,10.9045,1.73607,10.585,242204,-2.99984,7.27562,6.70477,10.2755,9.53675,0.876456,1.4538,0.924531,1.04767,222.199,42.3166,112.914,33253.8,0.563554,0.442687,0.164012,0.859098,0.872362,0,1,72.9,70.8,54.2
"2024-08-27",1,23.8669,24.9801,82.7679,-9999,192.038,110.469,392.313,0.550079,19.0785,0.354167,78.3243,0.416667,6417.04,0.416667,2.95889,0.4375,6.43231,6.8414,9.3912,9.98367,9.34941,16.0067,0.976173,15.5757,5.00944,1.02561,2.2988,1310.6,0.503404,0.382526,0.762,16.5921,9.54456,7.41704,1.64839,6.76722,154009,-3.06778,6.66902,7.09317,9.73679,10.3511,0.807789,1.38298,1.0121,1.34574,240.453,49.2295,110.343,31454.5,0.521929,0.396603,0.243584,0.804127,0.881718,0,1,64.6,58.3,56.2
"2024-08-28",1,25.1084,25.0342,81.9896,6.87407,265.867,158.921,563.454,0.540277,34.3964,0.125,106.637,0.1875,8759.66,0.1875,2.25614,0.229167,6.77984,7.16094,9.03597,10.1512,10.74,13.947,0.87805,12.1559,5.03315,1.06985,2.40014,1144.58,0.544477,0.597139,0,22.9709,13.7308,10.6526,2.97185,9.21343,210232,-2.33916,7.02934,7.42447,9.3685,10.5248,0.927939,1.20502,0.910362,1.05027,241.591,51.3529,115.207,27469.9,0.564514,0.619113,0.322556,0.756112,0.887444,0,1,87.5,81.2,77.1
"2024-08-29",1,24.2807,24.8956,80.8571,7.48727,190.723,111.205,396.664,0.528361,18.9205,0.229167,89.2521,0.270833,7336.49,0.270833,3.76463,0.3125,4.73653,5.02253,8.50116,9.51474,14.2584,15.5119,1.05072,13.5931,5.20059,1.12056,2.56286,1274.09,0.540705,0.610889,3.302,16.4785,9.60811,7.49929,1.63473,7.71138,176076,-3.90317,4.91084,5.20736,8.81401,9.86488,1.23193,1.34023,1.08939,1.17445,249.628,53.7868,123.017,30578.1,0.560603,0.63337,0.211989,0.82509,0.972731,0,1,77.1,72.9,68.8
"2024-08-30",1,20.083,23.7378,79.1938,6.00015,254.771,134.069,526.278,0.522033,37.8893,0.1875,103.036,0.270833,8423.62,0.270833,2.97643,0.3125,4.51095,5.45047,7.48738,8.40944,13.9798,19.7512,1.0538,13.5418,5.20669,1.05807,2.39784,1614.43,0.733799,0.692494,0,22.0122,11.5836,9.94976,3.27364,8.90234,202167,-3.08596,4.67695,5.65105,7.76291,8.71891,1.20786,1.7065,1.09258,1.17002,249.921,50.7872,115.096,38746.3,0.760803,0.717977,0.367728,0.73114,1.05114,0,1,81.2,72.9,68.8
"2024-08-31",1,19.3035,22.2883,75.4625,7.69036,279.944,151.796,581.298,0.502765,52.6254,0.479167,100.394,0.5,8218.93,0.5,1.81299,0.645833,4.62805,5.01275,6.44104,7.1389,19.5601,22.946,0.918678,12.7923,5.63674,1.07336,2.45645,1878.6,0.993908,1.0862,0,24.1872,13.1152,10.99,4.54683,8.67405,197254,-1.87971,4.79836,5.19722,6.67807,7.40161,1.69,1.98254,0.952486,1.10525,270.563,51.5211,117.91,45086.4,1.03048,1.12617,0.524188,0.656087,1.00806,0,1,52.1,50,35.4
"2024-09-01",1,18.8608,22.154,71.3149,-9999,272.245,135.864,566.458,0.490407,40.8466,0.166667,69.6826,0.145833,5689.59,0.145833,1.56771,0.25,4.42297,4.37459,5.99068,6.0711,14.3922,17.5416,0.793733,12.5048,5.75603,1.20049,2.42307,1432.71,1.3583,26.3847,0,23.522,11.7387,10.7094,3.52914,6.02058,136550,-1.6254,4.58573,4.53558,6.21113,6.29452,1.24348,1.5156,0.822943,1.08041,276.289,57.6235,116.308,34384.9,1.40829,27.3557,0.58618,0.630445,0.813526,0,1,83.3,85.4,75
"2024-09-02",1,16.1712,21.0133,73.2049,6.59355,271.606,137.168,559.437,0.479213,64.2859,0.229167,86.0191,0.291667,7018.22,0.291667,0.709594,0.4375,4.49958,3.83833,5.20918,4.60568,15.954,18.808,0.847626,13.0148,5.34425,1.14148,2.49663,1535.29,1.60325,32.7362,0,23.4668,11.8513,10.5767,5.5543,7.43205,168437,-0.735707,4.66516,3.97958,5.40087,4.77517,1.37842,1.62501,0.878818,1.12448,256.524,54.7912,119.838,36847.1,1.66225,33.9408,0.747344,0.572297,1.09577,0,1,77.1,70.8,56.2
"2024-09-03",1,18.0483,20.9306,70.4308,8.20389,276.93,132.819,564.916,0.472834,52.9536,0.125,89.4143,0.166667,7308.96,0.166667,0.886864,0.166667,3.96074,3.26134,4.84761,3.82874,15.0313,15.9315,0.706558,12.8192,5.06098,1.23142,2.81178,1302.71,0.473473,0.196512,0,23.9267,11.4756,10.6803,4.57519,7.72539,175415,-0.919501,4.1065,3.38136,5.026,3.96963,1.2987,1.37648,0.73256,1.10758,242.927,59.1083,134.965,31265,0.490897,0.203743,0.592227,0.628051,1.07189,0,1,87.5,83.3,83.3
"2024-09-04",1,21.5225,21.7144,70.5997,-9999,258.887,129.021,533.016,0.466562,55.0382,0.0208333,80.9378,0.0208333,6639.16,0.0208333,0.627209,0.0416667,4.13618,2.93192,4.76339,3.72279,13.9106,15.5257,0.769903,12.1393,5.0046,1.40459,3.2012,1274.11,0.224352,0.165937,0,22.3678,11.1474,10.0772,4.7553,6.99303,159340,-0.65029,4.28839,3.03982,4.93868,3.85979,1.20187,1.34142,0.798235,1.04883,240.221,67.4203,153.658,30578.6,0.232608,0.172044,0.680006,0.595236,1.05391,0,1,97.9,97.9,95.8
"2024-09-05",1,20.1535,21.8242,80.8874,5.14033,186.009,90.1562,398.593,0.462087,36.8233,0.166667,51.5618,0.145833,4214.19,0.145833,1.30028,0.3125,3.18132,3.10578,4.4816,3.4976,12.825,11.5808,0.836967,15.2382,4.88626,1.38819,3.61683,946.083,0.148923,0.163927,0,16.0712,7.7895,7.53576,3.18153,4.45494,101140,-1.34814,3.29839,3.22007,4.64652,3.62631,1.10808,1.00058,0.867767,1.31658,234.541,66.6332,173.608,22706,0.154404,0.169959,0.714158,0.583377,0.980355,0,1,83.3,85.4,70.8
"2024-09-06",1,15.3261,20.4533,73.9812,5.55207,190.209,83.1366,414.405,0.456024,38.6766,0.229167,52.546,0.229167,4278.49,0.229167,0.657097,0.395833,3.21302,3.05478,3.87011,3.03311,11.1297,9.80831,0.753802,10.6269,4.7255,1.29968,3.62936,798.15,0.167602,0.206088,0,16.4341,7.18301,7.8347,3.34166,4.53998,102684,-0.681279,3.33126,3.1672,4.01253,3.14473,0.961607,0.847438,0.781542,0.918166,226.824,62.3845,174.209,19155.6,0.17377,0.213672,0.736051,0.57602,1.09726,0,1,77.1,77.1,60.4
"2024-09-07",1,14.4703,19.4725,71.5729,6.51173,260.67,126.352,532.419,0.448934,68.4575,0.3125,61.7026,0.354167,5023.19,0.354167,0.841819,0.583333,2.57988,2.86814,3.4217,2.93831,14.1395,15.1201,0.969125,12.6905,4.44922,1.14655,3.27025,1231.64,0.344177,0.301123,0,22.5219,10.9168,10.0659,5.91472,5.3311,120556,-0.872798,2.67482,2.97368,3.54762,3.04644,1.22165,1.30638,1.00479,1.09646,213.563,55.0345,156.972,29559.4,0.356842,0.312205,1.10947,0.474052,1.03014,0,1,68.8,64.6,41.7
"2024-09-08",1,16.5421,19.5215,69.0368,7.89131,241.111,115.376,498.814,0.44355,62.1228,0.1875,63.1699,0.208333,5157.03,0.208333,1.05957,0.3125,2.17585,2.71149,3.23542,3.30655,13.9495,13.1606,0.664269,12.8909,4.50635,1.08734,3.38861,1074.39,0.305179,0.214615,0,20.832,9.96852,9.43053,5.36741,5.45788,123769,-1.09856,2.25592,2.81127,3.35448,3.42823,1.20523,1.13708,0.688714,1.11377,216.305,52.1925,162.653,25785.4,0.31641,0.222513,0.983424,0.504179,1.08595,0,1,81.2,79.2,68.8
"2024-09-09",1,20.9192,20.3076,59.8666,12.9054,239.424,115.88,496.856,0.439839,49.9096,0.104167,67.4676,0.0625,5530.84,0.0625,1.381,0.1875,1.82988,2.37952,3.21088,3.52877,9.52603,9.27507,0.463088,13.443,4.60837,0.916783,3.39236,759.776,0.298821,0.230017,0,20.6862,10.012,9.3935,4.31219,5.8292,132740,-1.43182,1.89722,2.46708,3.32904,3.65863,0.823049,0.801366,0.48013,1.16148,221.202,44.0056,162.833,18234.6,0.309817,0.238482,0.739756,0.574793,1.01292,0,1,89.6,93.8,81.2
"2024-09-10",1,21.8688,20.8994,53.9701,13.3334,162.713,70.007,353.294,0.436701,10.2115,0.0625,61.0156,0.0833333,4993.95,0.0833333,1.04819,0.0833333,2.10557,2.04206,3.15376,3.23827,9.43647,8.78313,0.388965,14.404,4.95014,0.929824,3.63524,718.997,0.284388,0.206167,0,14.0584,6.0486,6.67935,0.882272,5.27174,119855,-1.08676,2.18305,2.11721,3.26981,3.35744,0.815311,0.758862,0.403279,1.24451,237.607,44.6315,174.492,17255.9,0.294853,0.213754,0.167359,0.856635,1.01743,0,1,93.8,91.7,91.7
"2024-09-11",1,20.4491,20.9184,56.7882,12.9556,237.437,104.941,475.973,0.432852,51.3777,0.0833333,62.9296,0.104167,5157.59,0.104167,0.96177,0.229167,2.06874,1.96808,3.03051,3.06991,10.6973,9.05967,0.465382,11.6998,4.81277,0.893003,3.40754,742.217,0.246719,0.178098,0,20.5145,9.06689,8.9987,4.43903,5.43712,123782,-0.997163,2.14487,2.04051,3.14204,3.18288,0.924244,0.782755,0.482508,1.01086,231.013,42.8641,163.562,17813.2,0.255798,0.184652,0.816431,0.55053,1.08925,0,1,91.7,89.6,77.1
"2024-09-12",1,21.2337,20.9755,67.6568,10.0081,223.542,103.602,460.278,0.42901,50.4556,0.166667,53.3837,0.166667,4375.32,0.166667,1.03132,0.354167,1.88076,2.24071,2.91208,3.13051,11.91,8.48564,0.419582,12.3548,5.01605,0.947549,3.36852,694.885,0.29105,0.213326,0,19.314,8.95118,8.70197,4.35937,4.61236,105008,-1.06928,1.94997,2.32317,3.01925,3.24572,1.02902,0.73316,0.435022,1.06745,240.77,45.4823,161.689,16677.2,0.301761,0.221177,0.94515,0.514099,1.0023,0,1,83.3,83.3,66.7
"2024-09-13",1,20.1198,21.0636,70.3111,9.49044,239.861,110.447,491.631,0.425901,48.4172,0.145833,53.315,0.229167,4371.41,0.229167,1.07288,0.3125,1.72775,2.14469,2.80064,3.27074,11.8082,8.4829,0.42484,12.283,5.00033,0.920096,3.51852,693.694,0.166971,0.110645,0,20.724,9.54261,9.29473,4.18324,4.60642,104914,-1.11237,1.79134,2.22362,2.9037,3.3911,1.02023,0.732922,0.440474,1.06126,240.016,44.1646,168.889,16648.6,0.173116,0.114716,0.908134,0.524072,0.921096,0,1,85.4,77.1,68.8
"2024-09-14",1,19.6529,20.9812,85.254,4.27408,148.846,73.717,322.464,0.422801,31.372,0.270833,32.0239,0.291667,2617.27,0.291667,0.699336,0.4375,1.98687,2.6066,2.6862,3.44846,11.4393,7.07057,0.512512,9.4952,4.82647,0.902693,4.08586,577.657,0.191476,0.152136,0,12.8603,6.36915,6.09647,2.71054,2.76687,62814.5,-0.725072,2.05999,2.70252,2.78506,3.57536,0.988354,0.610898,0.531373,0.820385,231.671,43.3293,196.121,13863.8,0.198522,0.157734,0.979644,0.505141,0.859991,0,1,72.9,70.8,58.3
"2024-09-15",1,23.3973,22.0211,73.392,9.88981,231.553,121.24,496.05,0.421797,66.2456,0.145833,49.0851,0.229167,4030.11,0.229167,1.49798,0.208333,1.29389,2.11027,2.79187,3.64488,12.6831,8.60962,0.407321,11.6104,4.27189,0.87633,3.83527,706.829,0.159631,0.129884,0,20.0062,10.4752,9.37828,5.72362,4.24095,96722.6,-1.55311,1.3415,2.18793,2.89461,3.77902,1.09582,0.743871,0.42231,1.00314,205.051,42.0638,184.093,16963.9,0.165505,0.134664,1.34961,0.425603,0.951257,0,1,85.4,77.1,79.2
"2024-09-16",1,23.3388,22.5427,71.7956,9.27125,195.238,94.3556,403.314,0.420545,47.1781,0.0208333,41.1948,0.0208333,3377.86,0.0208333,0.866766,0.0208333,1.92081,2.03522,2.78758,3.45515,10.4627,6.56839,0.342206,13.2022,4.48126,0.792744,3.97531,538.415,0.141835,0.0987885,0,16.8686,8.15232,7.62502,4.07619,3.55923,81068.7,-0.898663,1.9915,2.11011,2.89016,3.5823,0.90398,0.567509,0.3548,1.14067,215.1,38.0517,190.815,12922,0.147055,0.102424,1.14524,0.466148,0.936595,0,1,97.9,97.9,97.9
"2024-09-17",1,23.4078,22.4333,73.739,8.30443,150.129,68.2725,326.701,0.418526,24.1335,0.0416667,37.7884,0.125,3095.69,0.125,1.40312,0.125,1.28062,1.72815,2.68374,3.24596,9.53494,6.73076,0.322048,15.1982,4.86246,0.790561,3.85332,552.048,0.137929,0.0879204,0,12.9711,5.89875,6.17659,2.08513,3.26492,74296.6,-1.45476,1.32774,1.79175,2.7825,3.36541,0.823819,0.581538,0.333899,1.31312,233.398,37.9469,184.959,13249.1,0.143005,0.0911558,0.638649,0.610259,0.906981,0,1,95.8,87.5,87.5
"2024-09-18",1,24.4957,22.6848,69.0824,10.9628,176.174,84.9637,368.004,0.416717,42.8389,0.0208333,38.9592,0.0208333,3198.07,0.0208333,1.36947,0.0416667,1.48685,1.44078,2.85632,3.18265,9.75771,6.43451,0.355375,13.5803,5.03371,0.656401,3.65827,528.341,0.142806,0.0846867,0,15.2214,7.34087,6.95745,3.70128,3.36608,76753.7,-1.41987,1.54156,1.4938,2.96143,3.29977,0.843066,0.555942,0.368453,1.17334,241.618,31.5073,175.597,12680.2,0.148062,0.0878032,1.09958,0.476285,0.962741,0,1,97.9,97.9,95.8
"2024-09-19",1,23.658,23.3155,71.3632,9.57634,192.567,88.5986,369.237,0.415276,47.3249,0.166667,36.32,0.145833,2981.25,0.145833,1.40683,0.208333,1.76388,1.58085,3.17071,3.04277,11.1321,7.97687,0.321721,13.1795,5.27462,0.854968,3.82261,654.721,0.252993,0.152212,0,16.6378,7.65492,6.98077,4.08887,3.13805,71550,-1.45861,1.82879,1.63902,3.28739,3.15474,0.961816,0.689202,0.333561,1.13871,253.182,41.0385,183.485,15713.3,0.262303,0.157814,1.303,0.434217,0.944088,0,1,83.3,85.4,79.2
"2024-09-20",1,22.1696,22.0521,57.9117,16.2245,235.698,103.917,488.663,0.41053,55.5163,0.208333,54.2785,0.229167,4458.74,0.229167,2.20069,0.354167,0.927444,1.00688,3.12814,2.59126,10.2052,8.2532,0.399484,12.1296,5.19686,1.16568,3.81556,673.403,0.279181,0.253417,0,20.3643,8.97839,9.23862,4.79661,4.68966,107010,-2.28168,0.961574,1.04394,3.24325,2.68662,0.881732,0.713076,0.414185,1.048,249.449,55.9524,183.147,16161.7,0.289455,0.262743,1.02281,0.494363,1.05657,0,1,79.2,77.1,64.6
"2024-09-21",1,22.8212,22.3108,63.8991,11.2627,139.427,65.3203,323.722,0.408708,11.3454,0.1875,43.6923,0.333333,3582.89,0.333333,1.73791,0.395833,1.83752,0.794801,3.57543,2.61173,10.7928,7.55519,0.357335,13.2482,5.65763,0.990108,3.83537,618.85,0.340136,0.278774,3.556,12.0465,5.64367,6.12025,0.98024,3.77502,85989.5,-1.80187,1.90514,0.824049,3.70701,2.70785,0.932496,0.652768,0.370485,1.14465,271.566,47.5252,184.098,14852.4,0.352653,0.289033,0.259665,0.793862,0.842582,0,1,81.2,66.7,60.4
"2024-09-22",1,14.7629,19.2344,69.0654,5.67158,125.372,59.1836,267.608,0.450172,11.9374,0.0833333,55.1143,0.229167,4473.17,0.229167,4.00224,0.291667,-0.765934,0.783122,3.2363,2.69533,8.87264,14.5324,0.777875,12.1827,5.8478,1.09363,3.90754,1179.8,0.346441,0.346449,5.334,10.8321,5.11346,5.05937,1.03139,4.76188,107356,-4.14952,-0.79412,0.811941,3.3554,2.79452,0.766596,1.2556,0.806501,1.05258,280.694,52.4941,187.562,28315.3,0.35919,0.359198,0.216594,0.821967,1.13295,0,1,91.7,77.1,70.8
"2024-09-23",1,15.2526,18.7121,64.8467,7.39967,169.298,70.6301,361.255,0.437241,40.3087,0.0833333,40.5756,0.125,3301.82,0.125,2.33612,0.395833,1.13499,1.06469,3.47111,2.89462,10.1318,11.4771,0.73857,14.5975,5.63644,1.13576,4.10947,933.387,1.15333,13.7194,0,14.6274,6.10244,6.82986,3.48267,3.50573,79243.8,-2.42209,1.17676,1.10387,3.59885,3.00114,0.87539,0.991624,0.765749,1.26122,270.549,54.5165,197.255,22401.3,1.19578,14.2243,0.993421,0.50165,1.14518,0,1,91.7,87.5,60.4
"2024-09-24",1,16.4608,18.6078,69.3661,7.5538,197.805,98.3388,406.216,0.4283,35.1004,0.3125,70.0047,0.375,5713.27,0.375,2.5813,0.541667,1.20884,1.29229,3.79014,2.97613,12.8451,18.7067,0.708029,14.4496,5.67613,0.994697,4.20204,1526.23,1.07443,12.9522,0.762,17.0903,8.49647,7.67987,3.03268,6.0484,137118,-2.67629,1.25333,1.33985,3.92962,3.08565,1.10981,1.61625,0.734084,1.24845,272.454,47.7455,201.698,36629.5,1.11397,13.4289,0.501401,0.666044,1.06881,0,1,68.8,62.5,45.8
"2024-09-25",1,16.8103,18.4347,65.8589,9.60646,223.645,99.3986,467.233,0.42003,53.7378,0.145833,50.1132,0.166667,4097.85,0.166667,1.69838,0.583333,2.22026,1.54625,3.91863,3.04659,12.3216,10.7187,0.832011,11.4485,5.71387,1.10228,4.29374,875.022,0.992839,10.7915,0,19.323,8.58804,8.83346,4.64295,4.32978,98348.3,-1.76088,2.30196,1.60316,4.06284,3.15871,1.06458,0.926094,0.862629,0.989148,274.266,52.9096,206.1,21000.5,1.02938,11.1887,1.07233,0.482549,1.04479,0,1,85.4,83.3,41.7
"2024-09-26",1,17.7741,18.3939,64.7395,10.6172,225.27,106.718,463.305,0.412331,48.0431,0.3125,52.4977,0.333333,4298.58,0.333333,1.26887,0.583333,2.29914,1.72597,3.56801,3.12709,14.9049,12.7565,0.831422,11.4846,5.38772,1.14357,4.33419,1043.13,1.40168,14.7591,0,19.4633,9.22043,8.75919,4.15092,4.5358,103166,-1.31557,2.38375,1.78949,3.69931,3.24217,1.28778,1.10216,0.862018,0.992268,258.61,54.8912,208.041,25035.1,1.45326,15.3023,0.915147,0.522153,0.942116,0,1,68.8,66.7,41.7
"2024-09-27",1,18.6647,18.5909,63.3141,-9999,219.961,98.5072,455.971,0.40547,38.9411,0.354167,43.8476,0.333333,3591.69,0.333333,1.36511,0.583333,1.88233,1.8401,3.24744,3.25147,14.4486,13.6325,0.761915,11.416,5.31577,1.14906,4.337,1115.74,0.339372,0.315163,0,19.0046,8.51102,8.62055,3.36451,3.78844,86200.7,-1.41535,1.9516,1.90782,3.36695,3.37113,1.24836,1.17785,0.789953,0.986345,255.157,55.1551,208.176,26777.8,0.351861,0.326761,0.888099,0.529633,0.840433,0,1,64.6,66.7,41.7
"2024-09-28",1,20.0918,19.132,61.0501,12.9347,214.962,91.418,441.552,0.400515,34.4934,0.1875,43.0905,0.1875,3534.75,0.1875,1.22982,0.270833,1.76003,1.88308,2.98984,3.44807,12.7211,11.5634,0.674198,11.3879,4.98167,1.02582,4.14373,945.312,0.255476,0.211777,0,18.5727,7.89851,8.34794,2.98023,3.72302,84834,-1.27508,1.82479,1.95238,3.09987,3.57496,1.0991,0.999082,0.699008,0.983918,239.12,49.2392,198.899,22687.5,0.264877,0.21957,0.800486,0.555406,0.848673,0,1,81.2,81.2,72.9
"2024-09-29",1,19.6673,19.1935,64.2959,11.6512,213.899,92.8345,440.01,0.395699,51.0725,0.145833,39.6135,0.145833,3249.08,0.145833,1.41004,0.541667,1.20542,1.76225,2.61547,3.1471,11.2708,9.7487,0.554448,11.186,4.91106,1.03219,4.18038,797.712,0.394598,0.317011,0,18.4809,8.0209,8.31879,4.41267,3.42261,77977.9,-1.46193,1.24978,1.8271,2.71172,3.26292,0.9738,0.842287,0.574852,0.966469,235.731,49.5451,200.658,19145.1,0.409119,0.328677,1.28927,0.43682,0.976857,0,1,85.4,85.4,45.8
"2024-09-30",1,20.1673,18.7341,47.582,16.1034,208.36,80.5657,428.116,0.390438,35.8493,0.1875,52.1739,0.25,4277.37,0.25,0.971438,0.395833,1.23976,1.37007,2.2112,2.35643,12.1847,8.59855,0.350516,11.2184,5.33332,0.911013,4.22667,704.072,0.393541,0.260372,0,18.0023,6.96088,8.09392,3.09738,4.50782,102657,-1.00719,1.28538,1.42049,2.29257,2.44315,1.05276,0.742914,0.363414,0.969267,255.999,43.7286,202.88,16897.7,0.408023,0.269954,0.687112,0.592729,1.09256,0,1,81.2,75,60.4
"2024-10-01",1,13.0484,17.5412,42.1576,9.85046,216.134,72.5339,439.226,0.384617,44.0116,0.145833,32.2807,0.145833,2621.98,0.145833,0.193991,0.229167,1.68555,1.48347,1.87954,1.67343,11.019,5.07597,0.445597,11.5226,5.49282,1.00622,4.12477,412.005,0.334923,0.277675,0,18.674,6.26693,8.30397,3.8026,2.78905,62927.6,-0.20113,1.74758,1.53807,1.9487,1.73501,0.952038,0.438564,0.461995,0.995553,263.656,48.2984,197.989,9888.13,0.347248,0.287893,1.3634,0.423119,1.05182,0,1,85.4,85.4,77.1
"2024-10-02",1,16.5178,16.6981,44.4268,13.4795,209.414,83.6997,427.97,0.378789,59.0794,0.166667,36.6653,0.145833,2995.78,0.145833,0.606268,0.270833,1.0309,1.01683,1.63717,1.29222,13.4974,9.30738,0.482724,11.3876,5.6063,1.07655,4.17683,760.959,0.30686,0.26904,0,18.0934,7.23165,8.09117,5.10446,3.16788,71898.6,-0.628578,1.06884,1.05424,1.69742,1.33977,1.16617,0.804157,0.500488,0.983888,269.102,51.6744,200.488,18263,0.318152,0.27894,1.61132,0.382949,1.14391,0,1,83.3,85.4,72.9
"2024-10-03",1,18.6614,17.4054,49.0654,13.0133,197.357,80.838,412.582,0.375767,29.6466,0.145833,25.4719,0.166667,2081.96,0.166667,0.638565,0.1875,0.984032,1.06831,1.6226,1.30563,13.2778,8.56795,0.326857,10.7532,5.72241,1.08702,4.26361,700.732,0.136455,0.0980718,0,17.0517,6.98441,7.80024,2.56147,2.20077,49967.1,-0.662065,1.02024,1.10763,1.68231,1.35368,1.1472,0.74027,0.338885,0.929075,274.676,52.177,204.653,16817.6,0.141477,0.101681,1.16389,0.46213,0.681839,0,1,85.4,83.3,81.2
"2024-10-04",1,16.2398,17.5795,56.3124,9.28387,201.595,76.5074,417.833,0.373222,41.6194,0.125,24.8959,0.104167,2029.22,0.104167,0.217404,0.229167,1.40285,1.30466,1.62026,1.51097,11.0235,4.81379,0.430936,11.0458,5.74514,1.0266,4.23048,392.139,0.139665,0.104259,0,17.4178,6.61024,7.89952,3.59591,2.15101,48701.3,-0.225405,1.45448,1.35267,1.67988,1.56658,0.952426,0.415912,0.446794,0.954359,275.767,49.2768,203.063,9411.35,0.144805,0.108095,1.67173,0.374289,0.869397,0,1,89.6,89.6,77.1
"2024-10-05",1,20.2235,17.8147,52.4598,15.6594,192.363,77.5868,394.737,0.370615,45.5665,0.208333,37.44,0.166667,3077.12,0.166667,0.838217,0.354167,0.798475,0.859738,1.63669,1.50034,11.4417,6.84843,0.387353,10.6566,5.78271,0.990493,4.21428,561.59,0.0707789,0.0714536,0,16.6201,6.7035,7.46287,3.93694,3.23482,73850.8,-0.869064,0.827859,0.891377,1.69692,1.55555,0.988561,0.591705,0.401608,0.920728,277.57,47.5437,202.285,13478.1,0.0733835,0.0740831,1.21705,0.451049,1.06985,0,1,79.2,83.3,64.6
"2024-10-06",1,13.4882,16.4434,45.8453,9.96636,205.945,75.3255,422.858,0.366208,55.0936,0.208333,31.9367,0.270833,2599.19,0.270833,0.0793945,0.291667,1.37678,1.09134,1.45617,1.09626,11.5266,6.16408,0.342975,11.2073,5.87645,1.06078,4.19336,501.599,0.0648601,0.0677222,0,17.7936,6.50812,7.99451,4.76009,2.75933,62380.6,-0.0823162,1.42744,1.13151,1.50976,1.1366,0.995899,0.532577,0.355596,0.968315,282.07,50.9174,201.281,12038.4,0.067247,0.0702144,1.72509,0.366961,1.15539,0,1,79.2,72.9,70.8
"2024-10-07",1,11.5891,15.5265,57.436,8.36044,182.149,65.9528,370.782,0.361527,47.566,0.25,24.2375,0.270833,1971.8,0.270833,0.32938,0.5625,1.02214,1.01579,1.35152,0.982685,11.2985,4.89596,0.442383,10.4946,6.32705,0.954293,4.19148,397.755,0.0949558,0.342665,0,15.7377,5.69832,7.00998,4.1097,2.09412,47323.2,-0.341501,1.05975,1.05317,1.40125,1.01885,0.976191,0.423011,0.458663,0.906732,303.699,45.806,201.191,9546.11,0.0984502,0.355275,1.9625,0.337553,1.08871,0,1,75,72.9,43.8
"2024-10-08",1,15.2844,15.6977,47.2717,12.224,188.059,73.5935,388.601,0.358569,52.0388,0.270833,28.287,0.270833,2310.14,0.270833,0.619956,0.5,0.751978,0.848934,1.37193,1.15237,10.9704,5.57024,0.347613,10.5684,6.68286,0.963042,4.12785,454.934,0.0882476,0.188118,0,16.2483,6.35848,7.34686,4.49615,2.44399,55443.4,-0.642771,0.77965,0.880175,1.42242,1.19478,0.947844,0.481269,0.360405,0.913106,320.777,46.226,198.137,10918.4,0.0914951,0.195041,1.83967,0.352153,1.09148,0,1,72.9,72.9,50
"2024-10-09",1,17.088,16.0222,47.6123,-9999,176.788,66.5373,363.317,0.356339,42.6443,0.270833,25.3458,0.270833,2072.23,0.270833,0.672556,0.520833,0.737394,0.868758,1.40995,1.31878,10.6394,5.24374,0.312394,10.2302,7.35819,0.907979,4.20931,428.462,0.0987168,0.109229,0,15.2744,5.74882,6.86885,3.68447,2.18988,49733.6,-0.697306,0.76453,0.900729,1.46184,1.36731,0.919245,0.453059,0.32389,0.883891,353.193,43.583,202.047,10283.1,0.10235,0.113248,1.6825,0.372787,1.02183,0,1,72.9,72.9,47.9
"2024-10-10",1,20.8961,17.0207,46.3776,-9999,175.926,68.584,362.051,0.355338,41.1051,0.145833,25.3377,0.145833,2076.86,0.145833,0.775217,0.3125,0.751039,0.789533,1.52626,1.53739,10.6186,6.24305,0.27812,10.0161,7.33269,0.966349,4.04879,512.253,0.0888545,0.0792994,0,15.2,5.92566,6.84491,3.55148,2.18918,49844.7,-0.803745,0.778678,0.818588,1.58242,1.59397,0.917446,0.5394,0.288355,0.865391,351.969,46.3848,194.342,12294.1,0.0921243,0.0822176,1.62229,0.381346,0.968779,0,1,85.4,85.4,70.8
"2024-10-11",1,19.6218,17.6581,57.4799,11.2237,161.498,61.377,337.808,0.354734,33.4095,0.229167,23.5481,0.1875,1925.27,0.1875,0.471789,0.354167,1.13049,1.06759,1.60228,1.63043,10.3029,4.96388,0.304906,10.4482,7.26114,1.12014,3.93738,406.44,0.0809097,0.0675401,0,13.9534,5.30297,6.38656,2.88658,2.03455,46206.5,-0.489151,1.1721,1.10687,1.66125,1.69043,0.890168,0.428879,0.316127,0.902728,348.535,53.7666,188.994,9754.56,0.0838872,0.0700255,1.41878,0.413432,0.927995,0,1,81.2,81.2,68.8
"2024-10-12",1,16.0232,17.3351,57.1126,9.24057,166.578,60.78,351.513,0.353289,40.1967,0.104167,23.1626,0.0833333,1888.47,0.0833333,0.165056,0.3125,1.3575,1.09354,1.52256,1.50355,12.2127,5.39022,0.40925,9.99954,7.17805,1.44382,3.81507,439.313,0.078167,0.0782009,0,14.3923,5.25139,6.64567,3.47299,2.00125,45323.3,-0.17113,1.40746,1.13378,1.57859,1.55888,1.05517,0.465715,0.42431,0.86396,344.546,69.3035,183.124,10543.5,0.0810435,0.0810787,1.73541,0.365575,1.04244,0,1,89.6,91.7,68.8
"2024-10-13",1,10.3108,15.3637,52.4585,6.64228,191.534,60.3531,392.175,0.348865,54.3704,0.0416667,24.9846,0.0625,2022.98,0.0625,0.134961,0.104167,1.09978,1.02422,1.23474,1.17193,11.7967,4.56674,0.368534,10.7219,7.17976,1.50032,3.61876,369.734,0.13621,0.0868441,0,16.5485,5.21451,7.41442,4.6976,2.15867,48551.6,-0.139928,1.14025,1.06191,1.28018,1.21506,1.01924,0.394566,0.382096,0.926376,344.629,72.0151,173.701,8873.61,0.141222,0.0900399,2.17616,0.314846,1.31485,0,1,95.8,93.8,89.6
"2024-10-14",1,7.14896,13.775,56.7197,5.49991,173.846,55.1999,365.82,0.343702,49.833,0.291667,13.9856,0.3125,1130.54,0.3125,0.18199,0.479167,0.842972,0.718415,1.02496,0.889184,12.8078,5.06539,0.494364,11.0044,7.19996,1.25997,3.66833,409.944,0.144206,0.127211,0,15.0203,4.76927,6.91615,4.30557,1.20836,27133.1,-0.188687,0.873993,0.744853,1.06268,0.921906,1.10659,0.437649,0.512556,0.950784,345.598,60.4784,176.08,9838.65,0.149513,0.131893,3.56315,0.219147,1.15614,0,1,70.8,68.8,52.1
"2024-10-15",1,7.20375,13.1924,48.1717,5.8666,191.161,58.4947,385.799,0.340266,42.1144,0.166667,12.224,0.166667,986.765,0.166667,0.155479,0.3125,0.763084,0.684548,0.918563,0.876956,15.1589,5.27414,0.36953,10.9704,7.14647,1.32821,3.70727,425.327,0.0832234,0.109224,0,16.5163,5.05394,7.29389,3.63868,1.05615,23682.4,-0.161201,0.791165,0.709739,0.952366,0.909228,1.30972,0.455686,0.383128,0.947844,343.03,63.7542,177.949,10207.8,0.086286,0.113243,3.44522,0.224961,0.928945,0,1,83.3,83.3,70.8
"2024-10-16",1,6.52717,11.6273,49.7752,6.85616,194.343,66.5162,382.824,0.334973,56.6596,0.104167,15.0345,0.104167,1215.87,0.104167,-0.143056,0.270833,0.907842,0.602317,0.764787,0.992449,13.3885,5.25788,0.424956,10.8765,6.91419,1.46858,3.53844,425.618,0.0561976,0.0924294,0,16.7912,5.747,7.23763,4.89539,1.29898,29180.9,0.148321,0.94125,0.624482,0.792931,1.02897,1.15676,0.454281,0.440595,0.939726,331.881,70.4918,169.845,10214.8,0.0582656,0.0958308,3.76865,0.209703,1.07784,1,1,89.6,89.6,72.9
"2024-10-17",1,14.4605,12.8496,33.2179,12.2507,175.148,48.1796,354.694,0.333325,31.5592,0.0625,19.053,0.0625,1549.09,0.0625,0.995278,0.0625,-0.169144,0.498779,0.826134,1.30281,10.5077,4.36388,0.269216,10.2867,6.97043,1.44771,3.45255,354.804,0.051464,0.0741604,0,15.1328,4.16272,6.70581,2.72672,1.64618,37178.1,-1.0319,-0.175368,0.517134,0.856536,1.35075,0.907862,0.377039,0.279123,0.888767,334.58,69.4899,165.722,8515.29,0.0533579,0.0768895,1.65639,0.376451,1.05049,0,1,93.8,93.8,93.8
"2024-10-18",1,17.4521,14.3341,38.3191,13.1397,168.698,56.9621,350.995,0.333507,36.3337,0.0416667,17.4654,0.0416667,1422.79,0.0416667,0.817257,0.0416667,0.0901311,0.58566,0.907389,1.6563,11.6234,4.73617,0.254823,9.97736,6.69687,1.38258,3.16422,385.897,0.0664393,0.0887487,0,14.5755,4.92152,6.63588,3.13923,1.50901,34147,-0.847332,0.0934479,0.607212,0.940781,1.71725,1.00426,0.409205,0.2642,0.862044,321.45,66.3639,151.883,9261.53,0.0688842,0.0920147,2.08033,0.324641,0.944472,0,1,95.8,95.8,95.8
"2024-10-19",1,18.3003,15.5796,46.5525,12.1701,132.121,52.3213,287.485,0.334301,29.6829,0.0208333,17.5856,0.0625,1433.93,0.0625,0.585089,0.0416667,0.472529,0.6047,1.05762,1.98574,11.1159,4.36791,0.231124,11.6389,6.84627,1.06486,3.09878,355.992,0.0812107,0.0608819,0,11.4153,4.52056,5.43517,2.5646,1.5194,34414.2,-0.606621,0.489918,0.626953,1.09654,2.05881,0.960412,0.377388,0.239629,1.0056,328.621,51.1132,148.742,8543.82,0.0841993,0.0631223,1.68791,0.372037,0.903427,0,1,97.9,93.8,95.8
"2024-10-20",1,19.316,16.0269,44.0634,13.8945,167.251,57.7462,346.671,0.334363,32.9847,0.145833,21.8684,0.145833,1786.63,0.145833,0.548508,0.166667,0.704615,0.75769,1.25312,2.22417,10.3501,4.33304,0.209667,10.0923,6.82031,0.963733,3.08778,353.549,0.0712127,0.0645733,0,14.4505,4.98927,6.55413,2.84988,1.88943,42879.1,-0.568693,0.730545,0.785573,1.29924,2.30602,0.894247,0.374374,0.217383,0.871978,327.375,46.2592,148.214,8485.16,0.0738333,0.0669496,1.50833,0.398672,0.949901,0,1,85.4,85.4,83.3
"2024-10-21",1,17.1846,15.9217,58.8328,8.94999,115.14,44.1777,244.185,0.334558,15.9953,0.166667,13.8903,0.4375,1132.55,0.4375,0.852685,0.4375,0.543817,0.706819,1.3965,2.40799,10.3653,7.14507,0.299182,10.8053,6.83327,1.27034,3.00859,583.274,0.0820231,0.0740593,8.128,9.94813,3.81695,4.61654,1.38199,1.20012,27181.3,-0.884063,0.563829,0.73283,1.44789,2.4966,0.895565,0.617334,0.310192,0.933575,327.997,60.9761,144.413,13998.6,0.0850416,0.0767847,1.15154,0.464783,0.676485,0,1,83.3,58.3,58.3
"2024-10-22",1,16.1398,16.0372,72.9858,5.94773,165.755,60.2254,351.436,0.348749,14.8191,0.166667,46.4227,0.333333,3778.64,0.333333,1.84666,0.645833,-0.278119,1.10728,1.56854,2.61523,11.2675,9.04169,0.65515,9.96697,6.74236,1.23025,3.15889,736.754,0.0803726,0.1293,0,14.3212,5.20347,6.64422,1.28037,4.01092,90687.2,-1.91462,-0.288354,1.14802,1.62627,2.71147,0.97351,0.781202,0.67926,0.861146,323.633,59.052,151.627,17682.1,0.0833303,0.134058,0.319221,0.758023,1.01688,0,1,83.3,68.8,39.6
"2024-10-23",1,11.318,14.7029,61.6971,5.75337,157.07,48.1528,329.692,0.341373,22.7476,0.25,27.3548,0.291667,2215.64,0.291667,1.35509,0.395833,0.148232,1.13399,1.50332,2.66559,13.4176,6.70398,0.381664,10.8682,6.48604,1.22033,3.25304,543.248,0.0834391,0.109394,0,13.5708,4.16041,6.23312,1.96539,2.36345,53175.3,-1.40495,0.153687,1.17572,1.55864,2.76368,1.15928,0.579224,0.39571,0.93901,311.33,58.5759,156.146,13037.9,0.0865097,0.11342,0.831576,0.545978,1.04049,0,1,75,70.8,60.4
"2024-10-24",1,13.8801,13.4794,59.9782,7.80105,153.701,55.3192,323.108,0.335354,27.0137,0.208333,31.012,0.229167,2520.31,0.229167,0.880044,0.354167,0.507414,1.2365,1.38746,2.72403,11.9118,8.87732,0.425814,10.1029,6.64341,1.31175,3.49649,720.974,0.114769,0.110801,0,13.2798,4.77958,6.10865,2.33398,2.67943,60487.4,-0.912429,0.526087,1.282,1.43852,2.82428,1.02918,0.767001,0.441484,0.872888,318.883,62.9639,167.832,17303.4,0.118993,0.114879,0.871072,0.534453,1.04892,0,1,79.2,77.1,64.6
"2024-10-25",1,9.57784,12.9432,58.0181,5.96982,169.048,40.8303,339.553,0.332366,29.6406,0.125,25.4396,0.145833,2060.76,0.145833,0.701529,0.25,0.643791,1.257,1.34532,2.48509,11.7459,7.78791,0.41135,10.354,6.93135,1.23444,3.48721,628.618,0.394159,0.430775,0,14.6057,3.52774,6.41957,2.56095,2.19798,49458.3,-0.727345,0.667483,1.30325,1.39483,2.57654,1.01484,0.672876,0.426488,0.894587,332.705,59.2529,167.386,15086.8,0.408664,0.446627,1.16514,0.461864,1.349,0,1,87.5,85.4,75
"2024-10-26",1,7.00378,11.1268,58.808,5.33682,139.16,37.7397,288.864,0.327343,35.2444,0.166667,22.1879,0.166667,1793.25,0.166667,0.590129,0.5,0.572787,0.929581,1.16292,1.68709,10.8743,6.90236,0.431228,10.3712,7.03528,1.19748,3.41393,557.144,0.452918,0.508086,0,12.0234,3.26071,5.46125,3.04511,1.91704,43038,-0.611846,0.593866,0.96379,1.20571,1.74918,0.939536,0.596364,0.447097,0.896069,337.693,57.4788,163.869,13371.5,0.469585,0.526783,1.58845,0.386332,1.5218,0,1,83.3,83.3,58.3
"2024-10-27",1,12.5854,11.5977,48.5205,9.24013,159.806,45.3837,328.476,0.324846,35.1567,0,21.0253,0,1708.5,0,0.657789,0.0416667,0.607926,0.62069,1.26571,1.5937,8.59194,6.48844,0.296971,10.0631,6.82813,1.3747,3.35433,524.778,0.0952262,0.0409803,0,13.8072,3.92115,6.21013,3.03754,1.81659,41004,-0.681996,0.630298,0.643531,1.31229,1.65235,0.742344,0.560601,0.3079,0.869451,327.75,65.9857,161.008,12594.7,0.0987305,0.0424884,1.67211,0.374236,1.23793,0,1,100,100,95.8
"2024-10-28",1,17.2248,13.6573,70.8175,6.44229,86.1776,23.1924,190.248,0.325609,9.73585,0.166667,11.9811,0.1875,976.404,0.1875,1.00823,0.25,0.667325,0.838479,1.67556,2.14199,12.6019,11.603,0.441162,6.09963,6.92529,1.37202,3.17683,944.966,0.129791,0.128917,0,7.44574,2.00382,3.59682,0.841177,1.03516,23433.7,-1.04533,0.691883,0.869335,1.73722,2.22081,1.0888,1.0025,0.457397,0.527008,332.414,65.8572,152.488,22679.2,0.134567,0.133661,0.812604,0.551693,0.936381,0,1,83.3,81.2,75
"2024-10-29",1,22.4202,14.8112,55.0354,13.7658,117.503,24.2643,245.761,0.326167,-1.28256,0.5625,23.1566,0.541667,1893.34,0.541667,1.42501,0.583333,0.616033,0.58975,2.04105,2.51828,10.793,4.68269,0.219658,8.58372,6.88218,1.06654,3.20704,382.413,0.125274,0.0679177,0,10.1522,2.09644,4.64633,-0.110813,2.00073,45440.1,-1.47745,0.638703,0.611452,2.11616,2.61095,0.932512,0.404584,0.227741,0.741633,330.345,51.194,153.938,9177.91,0.129884,0.0704171,-0.0553865,1.05863,0.901489,0,1,58.3,58.3,56.2
"2024-10-30",1,11.2007,14.0389,89.7248,-9999,13.7149,1.79112,35.0088,0.399464,-17.58,0.708333,13.2355,0.875,1068.26,0.875,2.36284,0.875,-0.275843,0.217314,2.08699,2.67169,13.4225,6.63806,0.494528,4.31528,6.62873,1.0221,2.54672,536.338,0.184784,0.0163939,33.02,1.18497,0.154753,0.661874,-1.51891,1.14355,25638.2,-2.44979,-0.285994,0.225311,2.1638,2.77001,1.1597,0.573528,0.512726,0.37284,318.179,49.0609,122.243,12872.1,0.191584,0.0169972,-1.32825,-3.04649,-2.42558,0,1,29.2,12.5,12.5
"2024-10-31",1,6.53987,11.5961,77.8426,-9999,150.412,53.8214,307.295,0.455684,23.6382,0.291667,42.3233,0.3125,3408.67,0.3125,1.60322,0.395833,0.317284,0.966838,1.92051,2.66791,10.6472,10.2101,0.532712,10.368,6.67586,0.960127,3.07842,822.001,0.243623,0.325396,0.254,12.9956,4.65017,5.80969,2.04234,3.65674,81808.2,-1.66222,0.32896,1.00242,1.99118,2.76609,0.919915,0.882151,0.552316,0.895796,320.441,46.0861,147.764,19728,0.252588,0.33737,0.558516,0.641636,1.22556,0,1,70.8,68.8,60.4
"2024-11-01",1,7.89296,10.3671,73.7378,3.73153,152.234,42.4429,314.925,0.441604,32.8755,0.125,31.6133,0.125,2559.3,0.125,1.1227,0.458333,0.824997,1.44275,1.9477,3.13298,10.0561,8.19346,0.448145,9.5558,6.71297,0.993141,3.08292,661.06,0.258171,0.350131,0,13.153,3.66706,5.95395,2.84044,2.73139,61423.3,-1.16402,0.855357,1.49584,2.01938,3.24828,0.868846,0.707915,0.464637,0.825621,322.223,47.6708,147.98,15865.4,0.267672,0.363016,1.03993,0.490214,1.51943,0,1,87.5,87.5,54.2
"2024-11-02",1,9.29173,10.2451,85.9649,1.7666,61.2347,22.4558,140.758,0.434462,8.26906,0.354167,19.3731,0.4375,1564.47,0.4375,1.35939,0.520833,0.789838,1.23169,2.14922,3.79074,8.64482,10.143,0.582688,5.37208,6.57589,1.1713,2.80289,818.848,0.27225,0.357014,1.778,5.29068,1.94018,2.66116,0.714447,1.67384,37547.3,-1.40941,0.818904,1.27702,2.22831,3.93024,0.746912,0.876356,0.604131,0.464148,315.643,56.2224,134.539,19652.4,0.282269,0.370152,0.426831,0.700854,1.23096,0,1,64.6,56.2,47.9
"2024-11-03",1,15.2203,-9999,91.4542,-9999,66.5912,-9999,151.212,-9999,1.29875,0.416667,30.812,0.645833,2504.06,0.645833,2.41182,0.666667,0.690046,1.52668,3.10187,4.79184,11.5383,23.3246,0.899038,7.91284,6.37486,1.06681,2.77435,1898.95,0.36853,0.476538,21.336,5.75348,-9999,2.85881,0.112212,2.66216,60097.3,-2.50058,0.71544,1.58286,3.21602,4.96818,0.996906,2.01525,0.932123,0.683669,305.993,51.2069,133.169,45574.8,0.382091,0.494075,0.0421508,0.959554,-9999,0,1,58.3,35.4,33.3
"2024-11-04",1,12.3374,13.7422,94.3627,0.794967,26.292,13.2073,62.3931,0.500318,-2.6002,0.125,22.8095,0.520833,1843.52,0.520833,3.04341,0.5625,0.518363,1.01104,3.56177,5.00851,7.19422,12.2112,0.849247,2.87237,5.95796,1.22167,2.25637,987.358,0.313211,0.256,8.128,2.27163,1.14111,1.1796,-0.224657,1.97074,44244.5,-3.15541,0.537439,1.04824,3.69284,5.19283,0.621581,1.05505,0.880499,0.248173,285.982,58.64,108.306,23696.6,0.324737,0.265421,-0.113996,1.12866,1.53016,0,1,87.5,47.9,43.8
"2024-11-05",1,7.69044,11.879,90.9005,-9999,63.5441,27.2468,137.41,0.513133,5.52228,0.5625,28.7569,0.6875,2317.89,0.6875,1.49055,0.791667,1.61712,1.69569,3.10767,4.67296,9.41201,16.8486,1.0681,8.99258,5.64545,1.16664,2.03074,1358.7,0.409775,0.500245,7.62,5.49021,2.35412,2.59785,0.477125,2.48459,55629.3,-1.5454,1.67663,1.75809,3.22204,4.84492,0.813198,1.45572,1.10741,0.776959,270.981,55.9988,97.4756,32608.8,0.424855,0.518654,0.192033,0.838903,1.2581,0,1,43.8,31.2,20.8
"2024-11-06",1,7.11935,10.3943,91.0044,1.17255,84.9065,35.7636,188.996,0.498857,8.50955,0.458333,23.1647,0.520833,1869,0.520833,0.819898,0.604167,1.78845,2.21431,2.60834,4.47901,10.3287,12.0801,0.524728,7.24341,4.36916,1.06228,1.10879,975.31,0.3011,0.27918,0,7.33592,3.08997,3.57314,0.735225,2.00143,44856.1,-0.85007,1.85426,2.29579,2.70433,4.64384,0.892402,1.04372,0.544038,0.625831,209.719,50.9892,53.2218,23407.4,0.31218,0.289454,0.36735,0.731342,0.885657,0,1,54.2,47.9,39.6
"2024-11-07",1,7.43941,10.7062,79.8921,-9999,125.159,40.9701,261.377,0.495825,25.5386,0.25,28.2128,0.270833,2276,0.270833,0.732352,0.375,1.85799,2.60395,2.59034,4.50371,8.99432,9.4063,0.564199,9.63379,4.28369,1.0971,1.06658,758.438,0.283456,0.235298,0,10.8138,3.53982,4.94156,2.20653,2.43758,54624,-0.759303,1.92636,2.69978,2.68566,4.66945,0.777109,0.812705,0.584962,0.832359,205.617,52.6607,51.1957,18202.5,0.293887,0.243957,0.905213,0.524876,1.31197,0,1,75,72.9,62.5
"2024-11-08",1,7.34859,9.83535,89.0916,1.30819,36.7573,10.8787,88.0541,0.491849,-3.42967,0.416667,14.7929,0.458333,1193.4,0.458333,1.30928,0.666667,0.977661,1.66659,2.28694,4.28985,9.42929,9.45805,0.686639,5.01898,4.56954,1.17782,1.044,761.856,0.610248,1.43962,0.508,3.17583,0.939918,1.66474,-0.296324,1.2781,28641.5,-1.35746,1.01364,1.72792,2.3711,4.44771,0.814691,0.817175,0.711908,0.43364,219.338,56.5352,50.1121,18284.5,0.632705,1.4926,-0.231846,1.30182,1.04454,0,1,58.3,54.2,33.3
"2024-11-09",1,10.3822,10.7489,82.2074,-9999,60.121,32.228,129.642,0.50593,-12.2014,0.25,37.1337,0.583333,3000.48,0.583333,1.42106,0.583333,1.00491,1.8199,2.42597,4.27255,12.1248,12.6355,0.475521,7.08362,4.6479,1.29367,1.35893,1021.6,0.665341,1.23987,6.858,5.19445,2.7845,2.45099,-1.0542,3.20835,72011.4,-1.47336,1.04189,1.88687,2.51525,4.42978,1.04758,1.0917,0.49302,0.612024,223.099,62.0959,65.2288,24518.3,0.689826,1.2855,-0.32858,1.48938,0.773622,0,1,75,41.7,41.7
"2024-11-10",1,8.64229,10.4605,82.2805,2.24976,110.424,28.7381,219.306,0.507232,9.44183,0.0833333,33.8548,0.125,2735.6,0.125,0.595377,0.333333,1.76464,2.37218,2.36002,3.76019,9.54495,9.22915,0.526452,9.07337,4.52306,1.17815,1.50028,744.617,0.504048,0.691087,0,9.54063,2.48298,4.14618,0.815774,2.92505,65654.4,-0.617287,1.82958,2.45948,2.44687,3.89857,0.824684,0.797399,0.545825,0.783939,217.107,56.551,72.0134,17870.8,0.522596,0.716519,0.278892,0.781927,1.50659,0,1,91.7,87.5,66.7
"2024-11-11",1,6.28165,9.2449,78.9214,2.35488,125.945,37.0815,261.274,0.499826,12.4307,0.1875,28.6522,0.270833,2311.08,0.270833,0.513378,0.270833,1.58254,1.68241,2.09592,2.16754,8.4889,10.8575,0.545322,9.53875,4.00413,1.15094,1.42807,874.698,0.190547,0.229604,0,10.8816,3.20384,4.93963,1.07401,2.47555,55465.9,-0.53227,1.64078,1.74432,2.17305,2.24731,0.733441,0.93809,0.565389,0.824148,192.198,55.2451,68.5471,20992.8,0.197559,0.238054,0.433848,0.697424,1.10791,0,1,81.2,72.9,72.9
"2024-11-12",1,7.30985,8.57913,71.7275,3.53072,133.397,31.2103,274.164,0.494438,4.32285,0.0416667,41.0628,0.0625,3316.28,0.0625,0.359329,0.0625,1.60173,1.75222,1.96106,1.80378,9.73105,8.20512,0.335343,8.90913,4.10301,1.05637,1.45524,662.289,0.0974205,0.0684964,0.254,11.5255,2.69657,5.18333,0.373494,3.54782,79590.7,-0.372552,1.66068,1.8167,2.03323,1.87015,0.840763,0.708922,0.347684,0.769749,196.945,50.7057,69.8517,15894.9,0.101006,0.071017,0.105274,0.904753,1.45419,0,1,95.8,93.8,93.8
"2024-11-13",1,6.99874,8.88291,93.0955,-9999,10.4259,-9.13324,26.3144,0.533034,-21.4681,0.395833,14.6068,0.708333,1175.6,0.708333,1.60418,0.708333,0.420971,0.194967,2.02515,1.8637,11.0636,11.8115,0.50568,1.26561,4.3585,0.959025,1.16956,949.356,0.189082,0.0213735,22.098,0.900794,-0.789112,0.497497,-1.85484,1.26203,28214.4,-1.66321,0.436462,0.202142,2.09968,1.93229,0.955892,1.02051,0.524289,0.109349,209.208,46.0332,56.1391,22784.5,0.19604,0.02216,-1.46973,-2.12888,0.751241,0,1,60.4,29.2,29.2
"2024-11-14",1,6.08968,8.16728,71.1927,3.37703,133.432,27.0493,271.006,0.534475,7.57006,0.166667,38.1005,0.208333,3077.85,0.208333,-0.0595834,0.395833,1.95215,1.84055,1.89257,1.64531,10.9678,9.47989,0.384279,9.00876,4.70295,0.992575,1.47255,763.817,0.178351,0.148463,0,11.5285,2.33706,5.12362,0.654053,3.29189,73868.3,0.0617761,2.02399,1.90829,1.96221,1.70586,0.94762,0.819062,0.398421,0.778357,225.742,47.6436,70.6824,18331.6,0.184914,0.153927,0.198686,0.834247,1.68842,1,1,83.3,79.2,62.5
"2024-11-15",1,9.22983,7.91865,64.8592,5.47327,130.135,30.2225,266.709,0.526311,-13.9696,0.1875,48.9095,0.1875,3963.85,0.1875,0.0160263,0.354167,1.8393,1.86312,1.85533,1.40813,11.7804,8.62848,0.38407,8.79205,5.29075,0.844588,1.47804,698.048,0.215565,0.14976,0,11.2437,2.61123,5.04238,-1.20698,4.22578,95132.5,-0.0166161,1.90699,1.93168,1.9236,1.45995,1.01783,0.745501,0.398204,0.759633,253.956,40.5402,70.9457,16753.1,0.223498,0.155271,-0.285622,1.39982,1.15609,0,1,81.2,81.2,64.6
"2024-11-16",1,11.6154,9.03856,64.5351,5.06031,64.136,3.97354,134.552,0.523496,-25.2268,0.0416667,39.3367,0.0208333,3183.85,0.0208333,0.639954,0.208333,1.44018,1.32515,2.08014,1.8473,11.4535,8.43255,0.364272,8.15858,5.69551,0.871634,1.52561,681.188,0.186918,0.1618,0,5.54135,0.343314,2.54383,-2.17959,3.39869,76412.3,-0.663505,1.49318,1.37392,2.15669,1.91528,0.989583,0.728573,0.377677,0.704901,273.384,41.8384,73.2292,16348.5,0.193797,0.167754,-0.641303,2.78787,3.55098,0,1,95.8,97.9,79.2
"2024-11-17",1,5.62947,8.3649,73.8468,2.82609,94.9144,14.5951,202.422,0.518766,3.32222,0.229167,22.7216,0.229167,1831.71,0.229167,-0.120064,0.479167,2.03706,1.97008,1.917,2.25324,10.821,8.71629,0.436766,9.06319,5.56817,1.17775,1.4976,701.773,0.202656,0.295764,0,8.2006,1.26101,3.82697,0.28704,1.96315,43961.2,0.124483,2.11202,2.04258,1.98754,2.33616,0.934933,0.753087,0.452839,0.783059,267.272,56.5322,71.8848,16842.5,0.210114,0.306648,0.146214,0.872437,1.78443,1,1,77.1,77.1,52.1
"2024-11-18",1,10.4847,9.21974,95.0355,-9999,7.74055,2.46978,19.7876,0.558876,-25.9317,0.854167,13.9145,0.9375,1123.27,0.9375,2.05642,0.979167,0.00548838,0.338993,2.06191,2.48259,15.5906,11.6453,0.455245,0.740605,5.77002,0.782666,1.17778,936.033,0.357724,0.0075191,28.956,0.668783,0.213389,0.374103,-2.2405,1.20222,26958.4,-2.13209,0.00569035,0.351468,2.13778,2.57395,1.34703,1.00615,0.471998,0.0639883,276.961,37.568,56.5335,22464.8,0.370888,0.00779581,-1.86364,-1.15789,-4.86567,0,1,16.7,12.5,8.3
"2024-11-19",1,7.16968,9.08063,61.7294,3.99569,114.461,17.4839,232.925,0.552512,-15.8096,0.0416667,52.9297,0.0833333,4264.04,0.0833333,0.306919,0.104167,1.68387,1.58533,1.99078,1.93582,11.495,9.26348,0.350477,8.9677,6.26043,1.06774,1.45063,745.745,0.15685,0.102065,0,9.88946,1.51061,4.40365,-1.36595,4.57313,102337,-0.318214,1.74583,1.64367,2.06405,2.00705,0.99317,0.800365,0.363375,0.774809,300.501,51.2514,69.6304,17897.9,0.162622,0.105821,-0.29869,1.4259,2.1231,0,1,95.8,91.7,89.6
"2024-11-20",1,4.27311,6.62634,42.4428,5.0484,125.112,5.50839,248.582,0.535221,-16.0463,0.145833,49.6862,0.145833,3993.15,0.145833,-0.0731898,0.166667,1.57653,1.28822,1.50334,1.10968,11.7918,7.7539,0.219633,8.76955,6.37291,1.25818,1.45324,622.822,0.126276,0.0886292,0,10.8097,0.475925,4.69966,-1.3864,4.29289,95835.6,0.0758832,1.63454,1.33563,1.55866,1.15052,1.01881,0.669937,0.227715,0.757689,305.9,60.3927,69.7554,14947.7,0.130923,0.0918907,-0.322954,1.477,6.10702,1,0,85.4,85.4,83.3
"2024-11-21",1,-0.231444,5.28445,69.9579,1.978,126.402,14.9157,250.506,0.525701,16.9473,0.0416667,24.9077,0.0208333,1994.01,0.0208333,0.120412,0.0625,1.17143,1.44463,1.29184,1.12707,9.18539,5.34007,0.232534,8.80392,6.63484,1.03592,1.45842,427.298,0.0746519,0.0604502,0,10.9212,1.28872,4.73604,1.46425,2.15202,47856.1,-0.124844,1.21453,1.49779,1.33938,1.16855,0.793618,0.461382,0.241091,0.760659,318.472,49.724,70.0042,10255.2,0.0773991,0.0626748,0.680406,0.595094,2.8061,0,0,95.8,97.9,93.8
"2024-11-22",1,0.168778,4.90874,76.49,1.80445,112.676,20.4234,230.256,0.519807,19.2122,0.270833,17.9977,0.270833,1444.3,0.270833,-0.203811,0.479167,1.45767,1.45766,1.25386,1.21872,10.7928,8.00565,0.320501,8.21629,7.17889,1.14681,1.43955,642.581,0.133921,0.134231,0,9.73517,1.76458,4.35319,1.65993,1.555,34663.3,0.211311,1.51131,1.5113,1.3,1.26357,0.932496,0.691689,0.332296,0.709887,344.587,55.0468,69.0985,15421.9,0.138849,0.139171,1.06748,0.483681,1.82192,1,0,72.9,72.9,52.1
"2024-11-23",1,5.45166,5.43184,70.4839,3.39998,105.783,26.4927,215.75,0.516861,6.09966,0.0416667,26.5566,0.0208333,2142.98,0.0208333,-0.318002,0.208333,1.67023,1.3588,1.35223,1.21993,11.5514,7.74816,0.31997,7.94866,7.03558,1.29902,1.15806,623.938,0.14131,0.0914276,0,9.13962,2.28897,4.07896,0.52701,2.29449,51431.5,0.329705,1.7317,1.40881,1.40199,1.26482,0.998044,0.669441,0.331745,0.686764,337.708,62.3529,55.5867,14974.5,0.146511,0.0947922,0.229685,0.813216,1.23265,1,1,95.8,97.9,79.2
"2024-11-24",1,4.65124,6.21922,81.2366,1.8321,105.513,35.5633,215.994,0.516535,17.1408,0.229167,28.0821,0.291667,2259.79,0.291667,-0.356058,0.291667,1.84507,1.36149,1.48901,1.38851,13.0718,9.31697,0.318999,8.29174,6.82425,1.26541,1.07519,749.89,0.113131,0.169471,0,9.11635,3.07267,4.08356,1.48097,2.4263,54235,0.369161,1.91297,1.4116,1.54381,1.43961,1.12941,0.804987,0.330739,0.716406,327.564,60.7396,51.6091,17997.4,0.117294,0.175708,0.610382,0.620971,1.27162,1,0,77.1,70.8,70.8
"2024-11-25",1,-1.82309,4.70383,62.4521,2.15666,120.581,29.9317,234.803,0.51189,35.8962,0.229167,26.655,0.208333,2129.67,0.208333,0.233903,0.333333,1.02289,1.50095,1.2568,1.41549,10.3109,5.29181,0.232433,8.93647,6.41789,1.149,1.00999,422.918,0.0893472,0.204257,0,10.4182,2.5861,4.43916,3.10143,2.30299,51112.1,-0.24251,1.06054,1.55618,1.30305,1.46758,0.890862,0.457213,0.240987,0.772111,308.059,55.1518,48.4796,10150,0.0926352,0.211773,1.3467,0.426131,2.0898,0,0,77.1,79.2,66.7
"2024-11-26",1,-1.02736,3.10842,69.7886,2.16242,39.1301,-13.1431,89.051,0.50432,-4.13346,0.229167,14.972,0.291667,1200.93,0.291667,0.362199,0.5,0.676315,0.655224,1.03851,1.27092,9.79112,6.03343,0.341441,2.93715,5.78619,1.37316,1.04231,483.765,0.0876407,0.070746,56.642,3.38084,-1.13556,1.68359,-0.357131,1.29358,28822.2,-0.375528,0.701203,0.679336,1.07673,1.31769,0.845953,0.521288,0.354006,0.25377,277.737,65.9116,50.031,11610.4,0.0908659,0.0733495,-0.27608,1.38137,-0.824658,0,0,77.1,70.8,50
"2024-11-27",1,-1.27612,3.299,78.3878,1.24142,58.3119,-0.0153396,124.711,0.501807,5.78935,0,14.5376,0.0208333,1161.28,0.0208333,0.289606,0.0416667,0.780538,0.703326,1.07014,1.2273,8.74899,4.10877,0.231099,6.72615,5.48007,1.2824,0.901783,327.886,0.0705021,0.051502,0,5.03815,-0.00132534,2.35777,0.5002,1.25605,27870.8,-0.300263,0.809262,0.729208,1.10953,1.27246,0.755913,0.354998,0.239603,0.581139,263.043,61.555,43.2856,7869.28,0.0730965,0.0533973,0.398233,0.715188,-1325.13,0,0,100,97.9,95.8
"2024-11-28",1,-3.76894,2.66527,77.44,1.18011,78.9016,4.23197,166.198,0.498364,16.5338,0.0416667,12.1434,0.0625,970.405,0.0625,0.298112,0.208333,0.69677,0.756218,0.994882,1.29427,8.50149,4.23841,0.301975,8.94315,5.62869,1.11682,0.805167,338.074,0.0692045,0.0728237,0,6.8171,0.365642,3.14212,1.42852,1.04919,23289.7,-0.309083,0.722411,0.784047,1.03149,1.3419,0.734529,0.366199,0.313087,0.772688,270.177,53.6073,38.648,8113.77,0.0717513,0.0755036,1.36155,0.423451,6.77633,0,0,95.8,93.8,79.2
"2024-11-29",1,-7.64545,1.331,76.3076,0.866638,71.2025,4.53779,143.977,0.492762,17.6725,0.208333,10.0343,0.208333,796.998,0.208333,0.551214,0.395833,0.297268,0.650421,0.848482,1.43007,8.27866,4.36803,0.271177,8.18718,5.84845,0.706308,0.837494,346.714,0.0649898,0.0847597,0,6.1519,0.392065,2.72201,1.5269,0.866961,19128,-0.571499,0.308207,0.674357,0.879706,1.4827,0.715276,0.377398,0.281156,0.707372,280.725,33.9028,40.1997,8321.14,0.0673814,0.0878789,1.76122,0.362159,6.10579,0,0,81.2,81.2,62.5
"2024-11-30",1,-5.91489,1.1661,66.0488,-9999,54.6232,16.6508,113.973,0.489819,21.8828,0.0625,9.61053,0.0833333,763.775,0.0833333,0.781459,0.1875,0.0674929,0.477959,0.848953,1.56987,7.38185,3.44805,0.20304,5.17404,5.86882,0.850958,0.971798,274.019,0.0790492,0.0513868,0,4.71945,1.43863,2.15475,1.89067,0.83035,18330.6,-0.810217,0.0699767,0.495548,0.880194,1.62764,0.637791,0.297911,0.210512,0.447037,281.703,40.846,46.6463,6576.45,0.0819582,0.0532778,2.27696,0.305161,1.8914,0,0,93.8,91.7,81.2
"2024-12-01",1,-4.41024,1.34536,69.5081,1.41397,73.0722,20.9529,151.582,0.488618,23.1215,0.1875,7.46764,0.145833,594.574,0.145833,0.530956,0.333333,0.360398,0.596656,0.891353,1.57569,8.23675,4.32897,0.328868,7.45525,6.18404,1.04461,1.36879,344.781,0.0762219,0.0801201,0,6.31343,1.81033,2.8658,1.9977,0.645204,14269.8,-0.550495,0.37366,0.618613,0.924155,1.63368,0.711655,0.374023,0.34097,0.644133,296.834,50.1414,65.702,8274.75,0.0790268,0.0830685,3.09623,0.244127,1.4599,0,0,81.2,85.4,66.7
"2024-12-02",1,-5.97339,1.22728,73.7499,1.05551,101.064,27.0089,194.318,0.487106,36.4162,0.104167,10.0091,0.104167,795.841,0.104167,0.811212,0.333333,0.0845024,0.736774,0.895715,1.52796,7.84677,3.7959,0.288342,8.263,6.5286,0.787888,1.41804,301.81,0.0673623,0.105798,0,8.73189,2.33357,3.67376,3.14636,0.864787,19100.2,-0.841065,0.0876121,0.763887,0.928677,1.58419,0.677961,0.327966,0.298953,0.713923,313.373,37.8186,68.0657,7243.45,0.0698412,0.109691,3.63831,0.215596,1.71889,0,0,89.6,89.6,66.7
"2024-12-03",1,-2.62436,0.799529,71.5691,1.76749,110.012,20.8784,213.622,0.484439,26.4066,0.0416667,9.55895,0.0416667,764.202,0.0416667,0.795863,0.229167,0.057177,0.774155,0.85304,1.42977,8.52497,3.72289,0.289816,7.88594,6.5747,0.814401,1.47264,297.428,0.0624218,0.101212,0,9.50504,1.80389,4.03872,2.28153,0.825894,18340.8,-0.825151,0.0592811,0.802644,0.884432,1.48238,0.736558,0.321657,0.300481,0.681345,315.586,39.0913,70.6869,7138.28,0.0647189,0.104937,2.7625,0.265781,1.72262,0,0,95.8,95.8,77.1
"2024-12-04",1,1.63129,1.53424,57.6829,3.07996,99.8781,8.82279,197.813,0.484304,0.754772,0.166667,15.3247,0.1875,1229.7,0.1875,0.62433,0.270833,0.330586,0.685966,0.954915,1.52754,8.74741,4.02285,0.145088,8.61404,6.61532,0.834813,1.46602,322.85,0.0719411,0.0919174,0,8.62947,0.762289,3.73983,0.0652123,1.32405,29512.7,-0.647305,0.342752,0.711209,0.990056,1.58376,0.755777,0.347574,0.150427,0.744253,317.536,40.071,70.3689,7748.41,0.0745886,0.0952999,0.049252,0.95306,1.82249,0,0,83.3,81.2,72.9
"2024-12-05",1,-8.1957,0.650411,56.5814,1.51348,88.5046,9.80451,178.631,0.481865,26.16,0,9.16471,0.0208333,726.824,0.0208333,0.705444,0.104167,0.141894,0.60733,0.847339,1.35636,7.67578,3.2216,0.165318,8.21093,6.8335,0.411068,1.48614,255.576,0.0737467,0.0904752,0,7.64679,0.847109,3.37717,2.26023,0.791831,17443.8,-0.731405,0.147116,0.62968,0.878521,1.40627,0.663187,0.278346,0.171401,0.709424,328.008,19.7312,71.3348,6133.82,0.0764605,0.0938047,2.85443,0.259442,3.60291,0,0,100,97.9,89.6
"2024-12-06",1,-0.554265,0.481646,54.1907,3.27881,107.327,17.1213,215.814,0.479433,20.6623,0.104167,10.9159,0.0833333,874.534,0.0833333,0.436124,0.229167,0.381929,0.709093,0.818053,1.21233,8.68531,2.80862,0.183286,7.88332,6.94775,0.693262,1.47645,224.821,0.0714066,0.104295,0,9.27305,1.47928,4.08016,1.78522,0.943131,20988.8,-0.452173,0.395984,0.735187,0.848157,1.25694,0.750411,0.242665,0.190031,0.681119,333.492,33.2766,70.8697,5395.69,0.0740343,0.108133,1.89287,0.345678,1.84438,0,0,89.6,91.7,77.1
"2024-12-07",1,6.12491,1.26171,54.0434,6.00029,89.798,10.9664,179.752,0.479242,-2.61709,0.1875,13.1578,0.166667,1063.85,0.166667,0.21567,0.333333,0.662489,0.651838,0.878159,1.06758,8.24506,2.72094,0.18016,7.50409,6.94434,0.906012,1.51882,218.625,0.0816691,0.109978,0,7.75855,0.947493,3.39838,-0.226116,1.13683,25532.4,-0.223606,0.686868,0.675825,0.910475,1.10687,0.712373,0.235089,0.18679,0.648354,333.328,43.4886,72.9034,5246.99,0.0846745,0.114025,-0.1989,1.24828,0.961184,0,1,81.2,83.3,66.7
"2024-12-08",1,6.43554,2.7961,70.1437,3.67777,106.303,19.2809,212.63,0.482036,9.65211,0.125,10.9738,0.208333,888.506,0.208333,0.219171,0.395833,0.816886,0.762101,1.03606,1.14136,9.10422,3.16441,0.223316,7.9071,6.96904,1.08775,1.50833,255.152,0.077771,0.0713771,0,9.18456,1.66587,4.01997,0.833943,0.948138,21324.1,-0.227236,0.846948,0.790146,1.07418,1.18336,0.786605,0.273405,0.231534,0.683174,334.514,52.2118,72.3997,6123.65,0.080633,0.0740038,0.879559,0.53204,1.06976,0,1,87.5,79.2,60.4
"2024-12-09",1,1.40854,2.29684,69.4191,2.64534,90.0305,6.67766,181.735,0.481051,3.64296,0.1875,13.7942,0.25,1109.73,0.25,0.416457,0.4375,0.505429,0.676946,0.921886,1.08139,9.94905,5.61963,0.215759,8.64562,6.77549,0.760654,1.47301,451.728,0.0742502,0.0699804,0,7.77863,0.57695,3.43587,0.314751,1.19182,26633.5,-0.431782,0.524029,0.701858,0.955811,1.12119,0.859598,0.485536,0.223699,0.746982,325.223,36.5114,70.7045,10841.5,0.0769826,0.0725557,0.264093,0.791081,2.61127,0,0,81.2,75,56.2
"2024-12-10",1,-0.410229,1.84284,71.827,1.95488,84.2477,15.1292,176.353,0.478847,9.74887,0.208333,10.4729,0.229167,839.281,0.229167,0.321257,0.3125,0.504878,0.65749,0.826135,1.03327,10.1149,4.16552,0.214525,8.87726,6.57429,0.722983,1.51485,333.357,0.0570693,0.0487467,0,7.279,1.30717,3.33411,0.842303,0.904859,20142.8,-0.333079,0.523458,0.681685,0.856537,1.07129,0.873927,0.359901,0.222419,0.766995,315.566,34.7032,72.7129,8000.58,0.0591694,0.0505405,0.930867,0.517902,1.3366,0,0,79.2,77.1,68.8
"2024-12-11",1,-6.62116,1.16121,57.534,1.5885,86.489,20.4255,169.341,0.476611,28.0811,0,12.4163,0.0416667,986.363,0.0416667,0.810725,0.0833333,-0.0727639,0.719295,0.737961,0.959999,9.54705,2.63794,0.215414,8.4658,6.73294,0.501448,1.56128,209.558,0.0478792,0.0398288,0,7.47265,1.76476,3.20155,2.42621,1.07277,23672.7,-0.84056,-0.0754416,0.745765,0.765118,0.995327,0.824865,0.227918,0.223341,0.731445,323.181,24.0695,74.9413,5029.38,0.0496411,0.0412945,2.26163,0.306595,1.98269,0,0,100,95.8,91.7
"2024-12-12",1,-7.78028,0.534441,53.36,1.6515,85.4345,16.9569,176.61,0.473904,24.2707,0,5.42146,0.0208333,430.384,0.0208333,0.651451,0.104167,0.0224038,0.721768,0.673855,0.896887,10.2537,2.30668,0.240476,7.48144,6.49285,0.417382,1.5193,183.174,0.0441261,0.0380367,57.404,7.38154,1.46508,3.33897,2.09699,0.468414,10329.2,-0.675424,0.0232282,0.748329,0.698653,0.929892,0.885916,0.199297,0.249325,0.646396,311.657,20.0344,72.9264,4396.18,0.0457499,0.0394365,4.47679,0.182589,1.75104,0,0,100,97.9,89.6
"2024-12-13",1,-5.39892,-0.0077575,72.6546,-9999,65.8974,20.239,135.805,0.470763,18.8291,0.0833333,7.33719,0.3125,583.587,0.3125,0.854523,0.333333,-0.223104,0.612537,0.631419,0.845965,8.54451,3.48367,0.361271,7.03744,6.39074,0.574831,1.47845,277.257,0.0507351,0.0457082,0.254,5.69353,1.74865,2.56751,1.62683,0.633933,14006.1,-0.885969,-0.231314,0.635078,0.654655,0.877097,0.738245,0.300989,0.374566,0.608034,306.756,27.5919,70.9657,6654.18,0.0526022,0.0473903,2.56625,0.280407,1.29286,0,0,91.7,68.8,66.7
"2024-12-14",1,0.349597,0.505749,97.0654,-9999,21.5008,15.4066,50.8238,0.470879,-5.16196,0.354167,6.33909,0.6875,506.822,0.6875,0.839564,0.729167,-0.0728809,0.281241,0.766684,0.909422,9.49991,3.97237,0.184674,3.63005,5.98497,0.772419,1.22406,317.56,0.0564978,0.0144809,2.032,1.85767,1.33113,0.96087,-0.445993,0.547697,12163.7,-0.87046,-0.0755629,0.29159,0.794897,0.942889,0.820792,0.343212,0.19147,0.313636,287.278,37.0761,58.7547,7621.45,0.058577,0.0150138,-0.814306,5.3852,0.0764045,0,0,64.6,31.2,27.1
"2024-12-15",1,0.790667,1.83556,96.8722,0.252031,55.5385,22.4718,116.759,0.473079,3.0549,0.5,13.104,0.520833,1050.51,0.520833,0.479154,0.541667,0.567934,0.601159,1.04709,1.07401,13.2683,7.82232,0.340299,5.33985,5.73799,0.810613,0.900756,627.424,0.061559,0.0565119,0,4.79853,1.94156,2.20743,0.263944,1.13218,25212.2,-0.496787,0.588834,0.623282,1.08562,1.11353,1.14638,0.675849,0.352822,0.461363,275.423,38.9094,43.2363,15058.2,0.0638244,0.0585916,0.233128,0.810946,0.719075,0,0,50,47.9,45.8
"2024-12-16",1,1.01204,1.83508,60.9912,3.24267,105.209,16.6529,207.94,0.472747,-2.45772,0.25,21.8366,0.291667,1761.26,0.291667,0.557991,0.541667,0.610036,0.910042,1.16803,1.08217,11.2833,7.66325,0.24821,7.98549,6.01295,0.777025,1.1662,617.653,0.060817,0.0703987,0,9.09005,1.43881,3.93129,-0.212347,1.88669,42270.3,-0.578525,0.632485,0.943531,1.21101,1.122,0.974874,0.662105,0.257344,0.689947,288.622,37.2972,55.9776,14823.7,0.0630551,0.0729894,-0.11255,1.12682,1.1637,0,0,75,70.8,45.8
"2024-12-17",1,-0.149534,1.09438,73.3596,1.70537,26.008,-9.0564,60.9136,0.470901,-9.08076,0.208333,5.38982,0.291667,431.41,0.291667,0.621446,0.395833,0.539153,0.394265,1.1606,0.999658,8.70187,3.58346,0.223285,2.41064,5.22409,0.75466,0.702838,286.64,0.0464727,0.0246122,0,2.24709,-0.782473,1.15163,-0.784578,0.465681,10353.8,-0.644316,0.558994,0.408774,1.20331,1.03644,0.751842,0.309611,0.231502,0.20828,250.756,36.2237,33.7362,6879.36,0.0481829,0.025518,-1.6848,-1.46029,0.40755,0,0,79.2,70.8,60.4
"2024-12-18",1,-2.05018,1.35408,79.3728,1.14813,98.5098,14.6817,197.663,0.470461,15.1142,0.104167,9.412,0.104167,751.582,0.104167,0.406187,0.125,0.91051,0.916728,1.3167,1.0385,9.30488,2.94662,0.231064,7.65492,5.99604,0.66369,1.15784,235.208,0.0413293,0.0360492,0,8.51124,1.2685,3.737,1.30587,0.813197,18038,-0.421134,0.944017,0.950464,1.36515,1.07671,0.803942,0.254588,0.239568,0.661385,287.81,31.8571,55.5765,5644.98,0.0428502,0.0373758,1.60585,0.383753,1.67053,0,0,89.6,89.6,87.5
"2024-12-19",1,0.882926,1.45537,60.9213,3.23071,98.2863,10.8282,191.868,0.469802,1.89784,0.270833,16.0452,0.5,1293.51,0.5,0.569195,0.4375,0.808928,0.936736,1.37812,1.06012,9.74667,8.23577,0.241319,7.68665,5.8942,0.734629,1.16966,663.583,0.0513512,0.0392693,0,8.49193,0.935557,3.62743,0.163974,1.3863,31044.3,-0.590142,0.838696,0.971208,1.42884,1.09913,0.842113,0.71157,0.250199,0.664127,282.921,35.2622,56.1437,15926,0.053241,0.0407144,0.118281,0.89423,1.65706,0,0,72.9,50,56.2
"2024-12-20",1,-8.80772,0.366695,68.8982,1.03668,81.0791,0.0496506,164.075,0.467435,22.405,0.145833,5.58127,0.354167,442.938,0.354167,1.46371,0.333333,-0.29735,0.872463,1.16636,0.940284,7.53603,3.99037,0.510519,7.26735,5.59492,0.478919,1.04997,316.333,0.0486435,0.0479315,0,7.00524,0.00428981,3.10199,1.9358,0.482222,10630.5,-1.51758,-0.308292,0.904569,1.20928,0.974887,0.651113,0.344768,0.529306,0.627899,268.556,22.9881,50.3985,7591.98,0.0504336,0.0496954,4.01432,0.199429,563.665,0,0,85.4,64.6,66.7
"2024-12-21",1,-5.5351,-0.110751,72.7959,1.4222,105.617,16.4216,203.642,0.463901,21.0532,0.229167,9.20531,0.229167,734.509,0.229167,1.55668,0.354167,-0.481396,1.02894,1.07528,0.895616,9.78887,4.45258,0.320031,7.72736,5.94504,0.649629,1.25518,354.732,0.0539012,0.0594271,0,9.12532,1.41882,3.85003,1.819,0.795338,17628.2,-1.61396,-0.499111,1.0668,1.11485,0.928575,0.845759,0.384703,0.331808,0.667644,285.362,31.1822,60.2488,8513.58,0.0558847,0.061614,2.28707,0.304222,1.84261,0,0,79.2,79.2,64.6
"2024-12-22",1,2.54626,0.0443424,68.6414,3.04818,94.821,9.84802,195.206,0.462383,6.53014,0.0625,7.73024,0.0833333,622.332,0.0833333,0.661539,0.125,0.413115,0.995193,1.07465,0.919994,9.91918,5.59703,0.220515,7.4296,5.95606,1.18784,1.22567,450.604,0.0461264,0.0415303,0,8.19254,0.850869,3.69054,0.564204,0.667893,14936,-0.685884,0.428318,1.03182,1.1142,0.95385,0.857017,0.483583,0.22863,0.641918,285.891,57.0161,58.8323,10814.5,0.0478238,0.0430587,0.844753,0.542078,1.44804,0,0,93.8,91.7,87.5
"2024-12-23",1,1.53282,0.297686,77.2777,1.75632,57.226,6.73972,124.497,0.462997,6.07231,0.270833,5.41779,0.333333,434.846,0.333333,0.348782,0.458333,0.703974,0.771147,1.05276,0.95558,8.43714,5.66876,0.268748,5.7289,5.78016,1.03457,1.019,455.099,0.0559459,0.0508047,0,4.94433,0.582311,2.35373,0.524648,0.468097,10436.3,-0.361618,0.72988,0.799525,1.0915,0.990745,0.728969,0.489781,0.278638,0.494977,277.448,49.6592,48.9121,10922.4,0.0580047,0.0526743,1.12081,0.471518,1.70483,0,0,72.9,66.7,54.2
"2024-12-24",1,-1.88038,0.399838,92.2867,0.411557,20.7641,8.89624,49.4999,0.463359,6.13256,0.145833,4.14613,0.25,330.606,0.25,0.565651,0.375,0.437238,0.424147,1.00289,0.97467,7.95591,6.21147,0.324803,1.61619,5.17908,0.826448,0.679422,495.252,0.0565063,0.0247311,0,1.79402,0.768635,0.93584,0.529853,0.358226,7934.55,-0.586467,0.453328,0.439756,1.03979,1.01054,0.687391,0.536671,0.336755,0.139638,248.596,39.6695,32.6123,11886.1,0.0585857,0.0256412,1.4791,0.403372,1.1554,0,0,85.4,75,62.5
"2024-12-25",1,0.0711945,0.840551,96.5103,0.230207,17.7619,11.3947,40.023,0.464283,2.97735,0.104167,6.51505,0.354167,520.503,0.354167,0.402408,0.375,0.595838,0.380928,0.998245,1.03368,7.84986,6.09099,0.322641,1.49784,5.17251,0.954857,0.632292,486.714,0.0617913,0.0227691,0,1.53463,0.9845,0.756671,0.257243,0.5629,12492.1,-0.417216,0.617765,0.394946,1.03498,1.07172,0.678228,0.526262,0.334514,0.129413,248.28,45.8331,30.35,11681.1,0.0640652,0.023607,0.456995,0.686344,0.833056,0,0,89.6,64.6,62.5
"2024-12-26",1,3.25058,2.19619,99.7626,0.0166686,12.3947,9.29206,30.1641,0.466918,-0.0252719,0.166667,0.137638,0.4375,11.056,0.4375,0.955667,0.4375,0.190953,0.308877,1.14662,1.2918,5.47152,3.14283,0.278502,1.033,5.20039,0.961227,0.571836,251.898,0.233938,0.752158,0,1.0709,0.802834,0.570279,-0.00218349,0.0118919,265.345,-0.990836,0.19798,0.320244,1.18882,1.33933,0.472739,0.27154,0.288751,0.0892508,249.618,46.1389,27.4481,6045.55,0.242547,0.779838,-0.183611,1.22491,0.0120927,0,0,83.3,56.2,56.2
"2024-12-27",1,5.67869,3.47419,95.7932,0.420868,21.7718,11.9789,52.1396,0.470436,-0.908219,0.1875,3.39749,0.416667,273.411,0.416667,0.96552,0.458333,0.373094,0.465544,1.33861,1.68508,5.75362,3.24632,0.289788,2.63482,4.98364,1.12173,0.709325,260.933,0.249892,0.776604,0,1.88108,1.03498,0.985747,-0.0784701,0.293543,6561.86,-1.00105,0.386824,0.482676,1.38788,1.74709,0.497113,0.280482,0.300452,0.227649,239.215,53.843,34.0476,6262.4,0.259088,0.805184,-0.26732,1.36485,0.207804,0,1,81.2,58.3,54.2
"2024-12-28",1,3.41829,3.21986,86.2958,1.84626,95.9972,24.8159,197.884,0.470978,7.35406,0.3125,13.4865,0.5,1087.19,0.5,0.634912,0.479167,0.650879,0.863903,1.28579,1.71373,8.92524,6.68161,0.27367,7.80402,4.30252,1.22944,1.19206,538.758,0.670164,3.2173,0,8.29415,2.14409,3.74118,0.635391,1.16524,26092.5,-0.658277,0.674831,0.895694,1.33311,1.7768,0.771141,0.577291,0.283741,0.674267,206.521,59.0132,57.219,12930.2,0.694826,3.3357,0.545289,0.647128,0.839809,0,0,68.8,50,52.1
"2024-12-29",1,3.49963,3.18813,76.8306,2.36173,102.992,27.1057,206.868,0.471202,17.7255,0.458333,15.8448,0.5,1274.91,0.5,0.579681,0.5625,0.685922,0.821835,1.2656,1.65693,8.57381,7.3624,0.339861,7.79093,3.55644,1.209,1.15142,591.759,0.635954,3.97649,0,8.89848,2.34194,3.91103,1.53148,1.36899,30597.8,-0.601013,0.711164,0.852078,1.31218,1.71791,0.740777,0.636111,0.352368,0.673137,170.709,58.0321,55.2683,14202.2,0.659357,4.12282,1.11869,0.471989,1.23849,0,0,54.2,50,43.8
"2024-12-30",1,2.25808,2.97874,94.0063,-9999,8.66389,-1.14429,23.4931,0.478469,-4.68274,0.395833,1.61518,0.708333,129.319,0.708333,1.02251,0.75,0.203288,0.103684,1.2258,1.59088,4.48821,6.2085,0.383086,0.988199,3.23996,0.868755,0.448892,496.887,0.110423,0.0309989,14.224,0.74856,-0.0988667,0.444158,-0.404589,0.139551,3103.66,-1.06014,0.210769,0.1075,1.27091,1.64943,0.387782,0.536415,0.397184,0.0853804,155.518,41.7003,21.5468,11925.3,0.114487,0.0321396,-2.89921,-0.526534,2.68076,0,0,60.4,29.2,25
"2024-12-31",1,-0.4705,-9999,78.5211,-9999,15.938,-9999,37.1223,-9999,-4.17092,0.25,20.4818,0.25,1635.01,0.25,1.00694,0.25,0.100964,0.181522,1.1079,1.46481,5.84374,8.12504,0.386858,1.26488,3.33511,0.850393,0.523716,648.617,0.0747527,0.0440002,-9999,1.37705,-9999,0.701831,-0.360367,1.76963,39240.2,-1.044,0.10468,0.188202,1.14868,1.51872,0.504899,0.702003,0.401094,0.109286,160.085,40.8189,25.1384,15566.8,0.0775036,0.0456194,-0.20364,1.25571,-9999,0,0,75,75,75
